ISO-10303-21;
HEADER;
FILE_DESCRIPTION(('zoo.dev export'), '2;1');
FILE_NAME('output.step', '2026-08-01T08:10:40.323122731+00:00', (''), (''), 'zoo.dev beta', 'zoo.dev', '');
FILE_SCHEMA(('AP242_MANAGED_MODEL_BASED_3D_ENGINEERING_MIM_LF'));
ENDSEC;
DATA;
#1 = (
  LENGTH_UNIT()
  NAMED_UNIT(*)
  SI_UNIT(.MILLI., .METRE.)
);
#2 = LENGTH_MEASURE_WITH_UNIT(LENGTH_MEASURE(25.4), #1);
#3 = DIMENSIONAL_EXPONENTS(1., 0., 0., 0., 0., 0., 0.);
#4 = (
  CONVERSION_BASED_UNIT('INCH', #2)
  LENGTH_UNIT()
  NAMED_UNIT(#3)
);
#5 = (
  NAMED_UNIT(*)
  PLANE_ANGLE_UNIT()
  SI_UNIT($, .RADIAN.)
);
#6 = UNCERTAINTY_MEASURE_WITH_UNIT(LENGTH_MEASURE(0.0003937), #4, 'DISTANCE_ACCURACY_VALUE', $);
#7 = (
  GEOMETRIC_REPRESENTATION_CONTEXT(3)
  GLOBAL_UNCERTAINTY_ASSIGNED_CONTEXT((#6))
  GLOBAL_UNIT_ASSIGNED_CONTEXT((#4, #5))
  REPRESENTATION_CONTEXT('3D', '3D context')
);
#8 = CARTESIAN_POINT('', (48., 9., 0.));
#9 = VERTEX_POINT('', #8);
#10 = CARTESIAN_POINT('', (48., 15., 0.));
#11 = VERTEX_POINT('', #10);
#12 = CARTESIAN_POINT('', (48., 15., 3.));
#13 = VERTEX_POINT('', #12);
#14 = CARTESIAN_POINT('', (48., 9., 3.));
#15 = VERTEX_POINT('', #14);
#16 = CARTESIAN_POINT('', (42., 15., 0.));
#17 = VERTEX_POINT('', #16);
#18 = CARTESIAN_POINT('', (42., 15., 3.));
#19 = VERTEX_POINT('', #18);
#20 = CARTESIAN_POINT('', (42., 9., 0.));
#21 = VERTEX_POINT('', #20);
#22 = CARTESIAN_POINT('', (42., 9., 3.));
#23 = VERTEX_POINT('', #22);
#24 = CARTESIAN_POINT('', (6., 9., 0.));
#25 = VERTEX_POINT('', #24);
#26 = CARTESIAN_POINT('', (6., 15., 0.));
#27 = VERTEX_POINT('', #26);
#28 = CARTESIAN_POINT('', (6., 15., 3.));
#29 = VERTEX_POINT('', #28);
#30 = CARTESIAN_POINT('', (6., 9., 3.));
#31 = VERTEX_POINT('', #30);
#32 = CARTESIAN_POINT('', (0., 15., 0.));
#33 = VERTEX_POINT('', #32);
#34 = CARTESIAN_POINT('', (0., 15., 3.));
#35 = VERTEX_POINT('', #34);
#36 = CARTESIAN_POINT('', (0., 9., 0.));
#37 = VERTEX_POINT('', #36);
#38 = CARTESIAN_POINT('', (0., 9., 3.));
#39 = VERTEX_POINT('', #38);
#40 = CARTESIAN_POINT('', (48., -15., 0.));
#41 = VERTEX_POINT('', #40);
#42 = CARTESIAN_POINT('', (48., -9., 0.));
#43 = VERTEX_POINT('', #42);
#44 = CARTESIAN_POINT('', (48., -9., 3.));
#45 = VERTEX_POINT('', #44);
#46 = CARTESIAN_POINT('', (48., -15., 3.));
#47 = VERTEX_POINT('', #46);
#48 = CARTESIAN_POINT('', (42., -9., 0.));
#49 = VERTEX_POINT('', #48);
#50 = CARTESIAN_POINT('', (42., -9., 3.));
#51 = VERTEX_POINT('', #50);
#52 = CARTESIAN_POINT('', (42., -15., 0.));
#53 = VERTEX_POINT('', #52);
#54 = CARTESIAN_POINT('', (42., -15., 3.));
#55 = VERTEX_POINT('', #54);
#56 = CARTESIAN_POINT('', (46.5, 15., 0.));
#57 = VERTEX_POINT('', #56);
#58 = CARTESIAN_POINT('', (46.5, 12., 34.));
#59 = VERTEX_POINT('', #58);
#60 = CARTESIAN_POINT('', (48., 12., 34.));
#61 = VERTEX_POINT('', #60);
#62 = CARTESIAN_POINT('', (48., 15., 0.));
#63 = VERTEX_POINT('', #62);
#64 = CARTESIAN_POINT('', (46.5, -12., 34.));
#65 = VERTEX_POINT('', #64);
#66 = CARTESIAN_POINT('', (48., -12., 34.));
#67 = VERTEX_POINT('', #66);
#68 = CARTESIAN_POINT('', (46.5, -15., 0.));
#69 = VERTEX_POINT('', #68);
#70 = CARTESIAN_POINT('', (48., -15., 0.));
#71 = VERTEX_POINT('', #70);
#72 = CARTESIAN_POINT('', (48., -12., 37.));
#73 = VERTEX_POINT('', #72);
#74 = CARTESIAN_POINT('', (48., 12., 37.));
#75 = VERTEX_POINT('', #74);
#76 = CARTESIAN_POINT('', (48., 12., 38.5));
#77 = VERTEX_POINT('', #76);
#78 = CARTESIAN_POINT('', (48., -12., 38.5));
#79 = VERTEX_POINT('', #78);
#80 = CARTESIAN_POINT('', (47.94, 12., 37.));
#81 = VERTEX_POINT('', #80);
#82 = CARTESIAN_POINT('', (47.94, 12., 38.5));
#83 = VERTEX_POINT('', #82);
#84 = CARTESIAN_POINT('', (47.94, -12., 37.));
#85 = VERTEX_POINT('', #84);
#86 = CARTESIAN_POINT('', (47.94, -12., 38.5));
#87 = VERTEX_POINT('', #86);
#88 = CARTESIAN_POINT('', (0.06, -12., 37.));
#89 = VERTEX_POINT('', #88);
#90 = CARTESIAN_POINT('', (0.06, 12., 37.));
#91 = VERTEX_POINT('', #90);
#92 = CARTESIAN_POINT('', (0.06, 12., 38.5));
#93 = VERTEX_POINT('', #92);
#94 = CARTESIAN_POINT('', (0.06, -12., 38.5));
#95 = VERTEX_POINT('', #94);
#96 = CARTESIAN_POINT('', (0., 12., 37.));
#97 = VERTEX_POINT('', #96);
#98 = CARTESIAN_POINT('', (0., 12., 38.5));
#99 = VERTEX_POINT('', #98);
#100 = CARTESIAN_POINT('', (0., -12., 37.));
#101 = VERTEX_POINT('', #100);
#102 = CARTESIAN_POINT('', (0., -12., 38.5));
#103 = VERTEX_POINT('', #102);
#104 = CARTESIAN_POINT('', (48., -12., 37.));
#105 = VERTEX_POINT('', #104);
#106 = CARTESIAN_POINT('', (48., -11.94, 37.));
#107 = VERTEX_POINT('', #106);
#108 = CARTESIAN_POINT('', (48., -11.94, 37.5));
#109 = VERTEX_POINT('', #108);
#110 = CARTESIAN_POINT('', (48., -12., 37.5));
#111 = VERTEX_POINT('', #110);
#112 = CARTESIAN_POINT('', (0., -11.94, 37.));
#113 = VERTEX_POINT('', #112);
#114 = CARTESIAN_POINT('', (0., -11.94, 37.5));
#115 = VERTEX_POINT('', #114);
#116 = CARTESIAN_POINT('', (0., -12., 37.));
#117 = VERTEX_POINT('', #116);
#118 = CARTESIAN_POINT('', (0., -12., 37.5));
#119 = VERTEX_POINT('', #118);
#120 = CARTESIAN_POINT('', (48., 11.94, 37.));
#121 = VERTEX_POINT('', #120);
#122 = CARTESIAN_POINT('', (48., 12., 37.));
#123 = VERTEX_POINT('', #122);
#124 = CARTESIAN_POINT('', (48., 12., 38.5));
#125 = VERTEX_POINT('', #124);
#126 = CARTESIAN_POINT('', (48., 11.94, 38.5));
#127 = VERTEX_POINT('', #126);
#128 = CARTESIAN_POINT('', (0., 12., 37.));
#129 = VERTEX_POINT('', #128);
#130 = CARTESIAN_POINT('', (0., 12., 38.5));
#131 = VERTEX_POINT('', #130);
#132 = CARTESIAN_POINT('', (0., 11.94, 37.));
#133 = VERTEX_POINT('', #132);
#134 = CARTESIAN_POINT('', (0., 11.94, 38.5));
#135 = VERTEX_POINT('', #134);
#136 = CARTESIAN_POINT('', (48., -12., 34.));
#137 = VERTEX_POINT('', #136);
#138 = CARTESIAN_POINT('', (48., 12., 34.));
#139 = VERTEX_POINT('', #138);
#140 = CARTESIAN_POINT('', (48., 12., 35.5));
#141 = VERTEX_POINT('', #140);
#142 = CARTESIAN_POINT('', (48., -12., 35.5));
#143 = VERTEX_POINT('', #142);
#144 = CARTESIAN_POINT('', (0., 12., 34.));
#145 = VERTEX_POINT('', #144);
#146 = CARTESIAN_POINT('', (0., 12., 35.5));
#147 = VERTEX_POINT('', #146);
#148 = CARTESIAN_POINT('', (0., -12., 34.));
#149 = VERTEX_POINT('', #148);
#150 = CARTESIAN_POINT('', (0., -12., 35.5));
#151 = VERTEX_POINT('', #150);
#152 = CARTESIAN_POINT('', (1., 0.0625, 44.));
#153 = VERTEX_POINT('', #152);
#154 = CARTESIAN_POINT('', (47., 0.0625, 44.));
#155 = VERTEX_POINT('', #154);
#156 = CARTESIAN_POINT('', (36., -7., 0.5));
#157 = VERTEX_POINT('', #156);
#158 = CARTESIAN_POINT('', (36., 7., 0.5));
#159 = VERTEX_POINT('', #158);
#160 = CARTESIAN_POINT('', (36., 7., 6.5));
#161 = VERTEX_POINT('', #160);
#162 = CARTESIAN_POINT('', (36., -7., 6.5));
#163 = VERTEX_POINT('', #162);
#164 = CARTESIAN_POINT('', (12., 7., 0.5));
#165 = VERTEX_POINT('', #164);
#166 = CARTESIAN_POINT('', (12., 7., 6.5));
#167 = VERTEX_POINT('', #166);
#168 = CARTESIAN_POINT('', (12., -7., 0.5));
#169 = VERTEX_POINT('', #168);
#170 = CARTESIAN_POINT('', (12., -7., 6.5));
#171 = VERTEX_POINT('', #170);
#172 = CARTESIAN_POINT('', (46.5, 11.25, 8.));
#173 = VERTEX_POINT('', #172);
#174 = CARTESIAN_POINT('', (46.5, 12., 8.));
#175 = VERTEX_POINT('', #174);
#176 = CARTESIAN_POINT('', (46.5, 12., 34.));
#177 = VERTEX_POINT('', #176);
#178 = CARTESIAN_POINT('', (46.5, 11.25, 34.));
#179 = VERTEX_POINT('', #178);
#180 = CARTESIAN_POINT('', (1.5, 12., 8.));
#181 = VERTEX_POINT('', #180);
#182 = CARTESIAN_POINT('', (1.5, 12., 34.));
#183 = VERTEX_POINT('', #182);
#184 = CARTESIAN_POINT('', (1.5, 11.25, 8.));
#185 = VERTEX_POINT('', #184);
#186 = CARTESIAN_POINT('', (1.5, 11.25, 34.));
#187 = VERTEX_POINT('', #186);
#188 = CARTESIAN_POINT('', (46.5, -12., 7.25));
#189 = VERTEX_POINT('', #188);
#190 = CARTESIAN_POINT('', (46.5, 12., 7.25));
#191 = VERTEX_POINT('', #190);
#192 = CARTESIAN_POINT('', (46.5, 12., 8.));
#193 = VERTEX_POINT('', #192);
#194 = CARTESIAN_POINT('', (46.5, -12., 8.));
#195 = VERTEX_POINT('', #194);
#196 = CARTESIAN_POINT('', (1.5, 12., 7.25));
#197 = VERTEX_POINT('', #196);
#198 = CARTESIAN_POINT('', (1.5, 12., 8.));
#199 = VERTEX_POINT('', #198);
#200 = CARTESIAN_POINT('', (1.5, -12., 7.25));
#201 = VERTEX_POINT('', #200);
#202 = CARTESIAN_POINT('', (1.5, -12., 8.));
#203 = VERTEX_POINT('', #202);
#204 = CARTESIAN_POINT('', (6., -15., 0.));
#205 = VERTEX_POINT('', #204);
#206 = CARTESIAN_POINT('', (6., -9., 0.));
#207 = VERTEX_POINT('', #206);
#208 = CARTESIAN_POINT('', (6., -9., 3.));
#209 = VERTEX_POINT('', #208);
#210 = CARTESIAN_POINT('', (6., -15., 3.));
#211 = VERTEX_POINT('', #210);
#212 = CARTESIAN_POINT('', (0., -9., 0.));
#213 = VERTEX_POINT('', #212);
#214 = CARTESIAN_POINT('', (0., -9., 3.));
#215 = VERTEX_POINT('', #214);
#216 = CARTESIAN_POINT('', (0., -15., 0.));
#217 = VERTEX_POINT('', #216);
#218 = CARTESIAN_POINT('', (0., -15., 3.));
#219 = VERTEX_POINT('', #218);
#220 = CARTESIAN_POINT('', (45., -9., 37.06));
#221 = VERTEX_POINT('', #220);
#222 = CARTESIAN_POINT('', (45., 9., 37.06));
#223 = VERTEX_POINT('', #222);
#224 = CARTESIAN_POINT('', (45., 9., 43.56));
#225 = VERTEX_POINT('', #224);
#226 = CARTESIAN_POINT('', (45., -9., 43.56));
#227 = VERTEX_POINT('', #226);
#228 = CARTESIAN_POINT('', (3., 9., 37.06));
#229 = VERTEX_POINT('', #228);
#230 = CARTESIAN_POINT('', (3., 9., 43.56));
#231 = VERTEX_POINT('', #230);
#232 = CARTESIAN_POINT('', (3., -9., 37.06));
#233 = VERTEX_POINT('', #232);
#234 = CARTESIAN_POINT('', (3., -9., 43.56));
#235 = VERTEX_POINT('', #234);
#236 = CARTESIAN_POINT('', (48., -12., 37.));
#237 = VERTEX_POINT('', #236);
#238 = CARTESIAN_POINT('', (48., 12., 37.));
#239 = VERTEX_POINT('', #238);
#240 = CARTESIAN_POINT('', (48., 12., 37.06));
#241 = VERTEX_POINT('', #240);
#242 = CARTESIAN_POINT('', (48., -12., 37.06));
#243 = VERTEX_POINT('', #242);
#244 = CARTESIAN_POINT('', (0., 12., 37.));
#245 = VERTEX_POINT('', #244);
#246 = CARTESIAN_POINT('', (0., 12., 37.06));
#247 = VERTEX_POINT('', #246);
#248 = CARTESIAN_POINT('', (0., -12., 37.));
#249 = VERTEX_POINT('', #248);
#250 = CARTESIAN_POINT('', (0., -12., 37.06));
#251 = VERTEX_POINT('', #250);
#252 = CARTESIAN_POINT('', (0., 15., 0.));
#253 = VERTEX_POINT('', #252);
#254 = CARTESIAN_POINT('', (0., 12., 34.));
#255 = VERTEX_POINT('', #254);
#256 = CARTESIAN_POINT('', (1.5, 12., 34.));
#257 = VERTEX_POINT('', #256);
#258 = CARTESIAN_POINT('', (1.5, 15., 0.));
#259 = VERTEX_POINT('', #258);
#260 = CARTESIAN_POINT('', (0., -12., 34.));
#261 = VERTEX_POINT('', #260);
#262 = CARTESIAN_POINT('', (1.5, -12., 34.));
#263 = VERTEX_POINT('', #262);
#264 = CARTESIAN_POINT('', (0., -15., 0.));
#265 = VERTEX_POINT('', #264);
#266 = CARTESIAN_POINT('', (1.5, -15., 0.));
#267 = VERTEX_POINT('', #266);
#268 = CARTESIAN_POINT('', (48., -12., 35.5));
#269 = VERTEX_POINT('', #268);
#270 = CARTESIAN_POINT('', (48., 12., 35.5));
#271 = VERTEX_POINT('', #270);
#272 = CARTESIAN_POINT('', (48., 12., 37.));
#273 = VERTEX_POINT('', #272);
#274 = CARTESIAN_POINT('', (48., -12., 37.));
#275 = VERTEX_POINT('', #274);
#276 = CARTESIAN_POINT('', (0., 12., 35.5));
#277 = VERTEX_POINT('', #276);
#278 = CARTESIAN_POINT('', (0., 12., 37.));
#279 = VERTEX_POINT('', #278);
#280 = CARTESIAN_POINT('', (0., -12., 35.5));
#281 = VERTEX_POINT('', #280);
#282 = CARTESIAN_POINT('', (0., -12., 37.));
#283 = VERTEX_POINT('', #282);
#284 = CARTESIAN_POINT('', (-0.5, 0.5, 0.));
#285 = VERTEX_POINT('', #284);
#286 = CARTESIAN_POINT('', (0.5, 0.5, 0.));
#287 = VERTEX_POINT('', #286);
#288 = CARTESIAN_POINT('', (0.5, -0.5, -0.5));
#289 = VERTEX_POINT('', #288);
#290 = CARTESIAN_POINT('', (0.5, 0.5, -0.5));
#291 = VERTEX_POINT('', #290);
#292 = CARTESIAN_POINT('', (0.5, 0.5, 0.5));
#293 = VERTEX_POINT('', #292);
#294 = CARTESIAN_POINT('', (0.5, -0.5, 0.5));
#295 = VERTEX_POINT('', #294);
#296 = CARTESIAN_POINT('', (-0.5, 0.5, -0.5));
#297 = VERTEX_POINT('', #296);
#298 = CARTESIAN_POINT('', (-0.5, 0.5, 0.5));
#299 = VERTEX_POINT('', #298);
#300 = CARTESIAN_POINT('', (-0.5, -0.5, -0.5));
#301 = VERTEX_POINT('', #300);
#302 = CARTESIAN_POINT('', (-0.5, -0.5, 0.5));
#303 = VERTEX_POINT('', #302);
#304 = DIRECTION('', (0., 1., 0.));
#305 = VECTOR('', #304, 1.);
#306 = CARTESIAN_POINT('', (48., 9., 0.));
#307 = LINE('', #306, #305);
#308 = DIRECTION('', (0., -0., 1.));
#309 = VECTOR('', #308, 1.);
#310 = CARTESIAN_POINT('', (48., 15., 0.));
#311 = LINE('', #310, #309);
#312 = DIRECTION('', (0., 1., 0.));
#313 = VECTOR('', #312, 1.);
#314 = CARTESIAN_POINT('', (48., 9., 3.));
#315 = LINE('', #314, #313);
#316 = DIRECTION('', (0., -0., 1.));
#317 = VECTOR('', #316, 1.);
#318 = CARTESIAN_POINT('', (48., 9., 0.));
#319 = LINE('', #318, #317);
#320 = DIRECTION('', (-1., -0., 0.));
#321 = VECTOR('', #320, 1.);
#322 = CARTESIAN_POINT('', (48., 15., 0.));
#323 = LINE('', #322, #321);
#324 = DIRECTION('', (0., -0., 1.));
#325 = VECTOR('', #324, 1.);
#326 = CARTESIAN_POINT('', (42., 15., 0.));
#327 = LINE('', #326, #325);
#328 = DIRECTION('', (-1., -0., 0.));
#329 = VECTOR('', #328, 1.);
#330 = CARTESIAN_POINT('', (48., 15., 3.));
#331 = LINE('', #330, #329);
#332 = DIRECTION('', (0., -1., 0.));
#333 = VECTOR('', #332, 1.);
#334 = CARTESIAN_POINT('', (42., 15., 0.));
#335 = LINE('', #334, #333);
#336 = DIRECTION('', (0., -0., 1.));
#337 = VECTOR('', #336, 1.);
#338 = CARTESIAN_POINT('', (42., 9., 0.));
#339 = LINE('', #338, #337);
#340 = DIRECTION('', (0., -1., 0.));
#341 = VECTOR('', #340, 1.);
#342 = CARTESIAN_POINT('', (42., 15., 3.));
#343 = LINE('', #342, #341);
#344 = DIRECTION('', (1., -0., 0.));
#345 = VECTOR('', #344, 1.);
#346 = CARTESIAN_POINT('', (42., 9., 0.));
#347 = LINE('', #346, #345);
#348 = DIRECTION('', (1., -0., 0.));
#349 = VECTOR('', #348, 1.);
#350 = CARTESIAN_POINT('', (42., 9., 3.));
#351 = LINE('', #350, #349);
#352 = DIRECTION('', (0., 1., 0.));
#353 = VECTOR('', #352, 1.);
#354 = CARTESIAN_POINT('', (6., 9., 0.));
#355 = LINE('', #354, #353);
#356 = DIRECTION('', (0., -0., 1.));
#357 = VECTOR('', #356, 1.);
#358 = CARTESIAN_POINT('', (6., 15., 0.));
#359 = LINE('', #358, #357);
#360 = DIRECTION('', (0., 1., 0.));
#361 = VECTOR('', #360, 1.);
#362 = CARTESIAN_POINT('', (6., 9., 3.));
#363 = LINE('', #362, #361);
#364 = DIRECTION('', (0., -0., 1.));
#365 = VECTOR('', #364, 1.);
#366 = CARTESIAN_POINT('', (6., 9., 0.));
#367 = LINE('', #366, #365);
#368 = DIRECTION('', (-1., -0., 0.));
#369 = VECTOR('', #368, 1.);
#370 = CARTESIAN_POINT('', (6., 15., 0.));
#371 = LINE('', #370, #369);
#372 = DIRECTION('', (0., -0., 1.));
#373 = VECTOR('', #372, 1.);
#374 = CARTESIAN_POINT('', (0., 15., 0.));
#375 = LINE('', #374, #373);
#376 = DIRECTION('', (-1., -0., 0.));
#377 = VECTOR('', #376, 1.);
#378 = CARTESIAN_POINT('', (6., 15., 3.));
#379 = LINE('', #378, #377);
#380 = DIRECTION('', (0., -1., 0.));
#381 = VECTOR('', #380, 1.);
#382 = CARTESIAN_POINT('', (0., 15., 0.));
#383 = LINE('', #382, #381);
#384 = DIRECTION('', (0., -0., 1.));
#385 = VECTOR('', #384, 1.);
#386 = CARTESIAN_POINT('', (0., 9., 0.));
#387 = LINE('', #386, #385);
#388 = DIRECTION('', (0., -1., 0.));
#389 = VECTOR('', #388, 1.);
#390 = CARTESIAN_POINT('', (0., 15., 3.));
#391 = LINE('', #390, #389);
#392 = DIRECTION('', (1., -0., 0.));
#393 = VECTOR('', #392, 1.);
#394 = CARTESIAN_POINT('', (0., 9., 0.));
#395 = LINE('', #394, #393);
#396 = DIRECTION('', (1., -0., 0.));
#397 = VECTOR('', #396, 1.);
#398 = CARTESIAN_POINT('', (0., 9., 3.));
#399 = LINE('', #398, #397);
#400 = DIRECTION('', (0., 1., 0.));
#401 = VECTOR('', #400, 1.);
#402 = CARTESIAN_POINT('', (48., -15., 0.));
#403 = LINE('', #402, #401);
#404 = DIRECTION('', (0., -0., 1.));
#405 = VECTOR('', #404, 1.);
#406 = CARTESIAN_POINT('', (48., -9., 0.));
#407 = LINE('', #406, #405);
#408 = DIRECTION('', (0., 1., 0.));
#409 = VECTOR('', #408, 1.);
#410 = CARTESIAN_POINT('', (48., -15., 3.));
#411 = LINE('', #410, #409);
#412 = DIRECTION('', (0., -0., 1.));
#413 = VECTOR('', #412, 1.);
#414 = CARTESIAN_POINT('', (48., -15., 0.));
#415 = LINE('', #414, #413);
#416 = DIRECTION('', (-1., -0., 0.));
#417 = VECTOR('', #416, 1.);
#418 = CARTESIAN_POINT('', (48., -9., 0.));
#419 = LINE('', #418, #417);
#420 = DIRECTION('', (0., -0., 1.));
#421 = VECTOR('', #420, 1.);
#422 = CARTESIAN_POINT('', (42., -9., 0.));
#423 = LINE('', #422, #421);
#424 = DIRECTION('', (-1., -0., 0.));
#425 = VECTOR('', #424, 1.);
#426 = CARTESIAN_POINT('', (48., -9., 3.));
#427 = LINE('', #426, #425);
#428 = DIRECTION('', (0., -1., 0.));
#429 = VECTOR('', #428, 1.);
#430 = CARTESIAN_POINT('', (42., -9., 0.));
#431 = LINE('', #430, #429);
#432 = DIRECTION('', (0., -0., 1.));
#433 = VECTOR('', #432, 1.);
#434 = CARTESIAN_POINT('', (42., -15., 0.));
#435 = LINE('', #434, #433);
#436 = DIRECTION('', (0., -1., 0.));
#437 = VECTOR('', #436, 1.);
#438 = CARTESIAN_POINT('', (42., -9., 3.));
#439 = LINE('', #438, #437);
#440 = DIRECTION('', (1., -0., 0.));
#441 = VECTOR('', #440, 1.);
#442 = CARTESIAN_POINT('', (42., -15., 0.));
#443 = LINE('', #442, #441);
#444 = DIRECTION('', (1., -0., 0.));
#445 = VECTOR('', #444, 1.);
#446 = CARTESIAN_POINT('', (42., -15., 3.));
#447 = LINE('', #446, #445);
#448 = DIRECTION('', (0., -0.08789381, 0.99612985));
#449 = VECTOR('', #448, 1.);
#450 = CARTESIAN_POINT('', (46.5, 15., 0.));
#451 = LINE('', #450, #449);
#452 = DIRECTION('', (1., -0., 0.));
#453 = VECTOR('', #452, 1.);
#454 = CARTESIAN_POINT('', (46.5, 12., 34.));
#455 = LINE('', #454, #453);
#456 = DIRECTION('', (0., -0.08789381, 0.99612985));
#457 = VECTOR('', #456, 1.);
#458 = CARTESIAN_POINT('', (48., 15., 0.));
#459 = LINE('', #458, #457);
#460 = DIRECTION('', (1., -0., 0.));
#461 = VECTOR('', #460, 1.);
#462 = CARTESIAN_POINT('', (46.5, 15., 0.));
#463 = LINE('', #462, #461);
#464 = DIRECTION('', (0., -1., 0.));
#465 = VECTOR('', #464, 1.);
#466 = CARTESIAN_POINT('', (46.5, 12., 34.));
#467 = LINE('', #466, #465);
#468 = DIRECTION('', (1., -0., 0.));
#469 = VECTOR('', #468, 1.);
#470 = CARTESIAN_POINT('', (46.5, -12., 34.));
#471 = LINE('', #470, #469);
#472 = DIRECTION('', (0., -1., 0.));
#473 = VECTOR('', #472, 1.);
#474 = CARTESIAN_POINT('', (48., 12., 34.));
#475 = LINE('', #474, #473);
#476 = DIRECTION('', (0., -0.08789381, -0.99612985));
#477 = VECTOR('', #476, 1.);
#478 = CARTESIAN_POINT('', (46.5, -12., 34.));
#479 = LINE('', #478, #477);
#480 = DIRECTION('', (1., -0., 0.));
#481 = VECTOR('', #480, 1.);
#482 = CARTESIAN_POINT('', (46.5, -15., 0.));
#483 = LINE('', #482, #481);
#484 = DIRECTION('', (0., -0.08789381, -0.99612985));
#485 = VECTOR('', #484, 1.);
#486 = CARTESIAN_POINT('', (48., -12., 34.));
#487 = LINE('', #486, #485);
#488 = DIRECTION('', (0., 1., 0.));
#489 = VECTOR('', #488, 1.);
#490 = CARTESIAN_POINT('', (46.5, -15., 0.));
#491 = LINE('', #490, #489);
#492 = DIRECTION('', (0., 1., 0.));
#493 = VECTOR('', #492, 1.);
#494 = CARTESIAN_POINT('', (48., -15., 0.));
#495 = LINE('', #494, #493);
#496 = DIRECTION('', (0., 1., 0.));
#497 = VECTOR('', #496, 1.);
#498 = CARTESIAN_POINT('', (48., -12., 37.));
#499 = LINE('', #498, #497);
#500 = DIRECTION('', (0., -0., 1.));
#501 = VECTOR('', #500, 1.);
#502 = CARTESIAN_POINT('', (48., 12., 37.));
#503 = LINE('', #502, #501);
#504 = DIRECTION('', (0., 1., 0.));
#505 = VECTOR('', #504, 1.);
#506 = CARTESIAN_POINT('', (48., -12., 38.5));
#507 = LINE('', #506, #505);
#508 = DIRECTION('', (0., -0., 1.));
#509 = VECTOR('', #508, 1.);
#510 = CARTESIAN_POINT('', (48., -12., 37.));
#511 = LINE('', #510, #509);
#512 = DIRECTION('', (-1., -0., 0.));
#513 = VECTOR('', #512, 1.);
#514 = CARTESIAN_POINT('', (48., 12., 37.));
#515 = LINE('', #514, #513);
#516 = DIRECTION('', (0., -0., 1.));
#517 = VECTOR('', #516, 1.);
#518 = CARTESIAN_POINT('', (47.94, 12., 37.));
#519 = LINE('', #518, #517);
#520 = DIRECTION('', (-1., -0., 0.));
#521 = VECTOR('', #520, 1.);
#522 = CARTESIAN_POINT('', (48., 12., 38.5));
#523 = LINE('', #522, #521);
#524 = DIRECTION('', (0., -1., 0.));
#525 = VECTOR('', #524, 1.);
#526 = CARTESIAN_POINT('', (47.94, 12., 37.));
#527 = LINE('', #526, #525);
#528 = DIRECTION('', (0., -0., 1.));
#529 = VECTOR('', #528, 1.);
#530 = CARTESIAN_POINT('', (47.94, -12., 37.));
#531 = LINE('', #530, #529);
#532 = DIRECTION('', (0., -1., 0.));
#533 = VECTOR('', #532, 1.);
#534 = CARTESIAN_POINT('', (47.94, 12., 38.5));
#535 = LINE('', #534, #533);
#536 = DIRECTION('', (1., -0., 0.));
#537 = VECTOR('', #536, 1.);
#538 = CARTESIAN_POINT('', (47.94, -12., 37.));
#539 = LINE('', #538, #537);
#540 = DIRECTION('', (1., -0., 0.));
#541 = VECTOR('', #540, 1.);
#542 = CARTESIAN_POINT('', (47.94, -12., 38.5));
#543 = LINE('', #542, #541);
#544 = DIRECTION('', (0., 1., 0.));
#545 = VECTOR('', #544, 1.);
#546 = CARTESIAN_POINT('', (0.06, -12., 37.));
#547 = LINE('', #546, #545);
#548 = DIRECTION('', (0., -0., 1.));
#549 = VECTOR('', #548, 1.);
#550 = CARTESIAN_POINT('', (0.06, 12., 37.));
#551 = LINE('', #550, #549);
#552 = DIRECTION('', (0., 1., 0.));
#553 = VECTOR('', #552, 1.);
#554 = CARTESIAN_POINT('', (0.06, -12., 38.5));
#555 = LINE('', #554, #553);
#556 = DIRECTION('', (0., -0., 1.));
#557 = VECTOR('', #556, 1.);
#558 = CARTESIAN_POINT('', (0.06, -12., 37.));
#559 = LINE('', #558, #557);
#560 = DIRECTION('', (-1., -0., 0.));
#561 = VECTOR('', #560, 1.);
#562 = CARTESIAN_POINT('', (0.06, 12., 37.));
#563 = LINE('', #562, #561);
#564 = DIRECTION('', (0., -0., 1.));
#565 = VECTOR('', #564, 1.);
#566 = CARTESIAN_POINT('', (0., 12., 37.));
#567 = LINE('', #566, #565);
#568 = DIRECTION('', (-1., -0., 0.));
#569 = VECTOR('', #568, 1.);
#570 = CARTESIAN_POINT('', (0.06, 12., 38.5));
#571 = LINE('', #570, #569);
#572 = DIRECTION('', (0., -1., 0.));
#573 = VECTOR('', #572, 1.);
#574 = CARTESIAN_POINT('', (0., 12., 37.));
#575 = LINE('', #574, #573);
#576 = DIRECTION('', (0., -0., 1.));
#577 = VECTOR('', #576, 1.);
#578 = CARTESIAN_POINT('', (0., -12., 37.));
#579 = LINE('', #578, #577);
#580 = DIRECTION('', (0., -1., 0.));
#581 = VECTOR('', #580, 1.);
#582 = CARTESIAN_POINT('', (0., 12., 38.5));
#583 = LINE('', #582, #581);
#584 = DIRECTION('', (1., -0., 0.));
#585 = VECTOR('', #584, 1.);
#586 = CARTESIAN_POINT('', (0., -12., 37.));
#587 = LINE('', #586, #585);
#588 = DIRECTION('', (1., -0., 0.));
#589 = VECTOR('', #588, 1.);
#590 = CARTESIAN_POINT('', (0., -12., 38.5));
#591 = LINE('', #590, #589);
#592 = DIRECTION('', (0., 1., 0.));
#593 = VECTOR('', #592, 1.);
#594 = CARTESIAN_POINT('', (48., -12., 37.));
#595 = LINE('', #594, #593);
#596 = DIRECTION('', (0., -0., 1.));
#597 = VECTOR('', #596, 1.);
#598 = CARTESIAN_POINT('', (48., -11.94, 37.));
#599 = LINE('', #598, #597);
#600 = DIRECTION('', (0., 1., 0.));
#601 = VECTOR('', #600, 1.);
#602 = CARTESIAN_POINT('', (48., -12., 37.5));
#603 = LINE('', #602, #601);
#604 = DIRECTION('', (0., -0., 1.));
#605 = VECTOR('', #604, 1.);
#606 = CARTESIAN_POINT('', (48., -12., 37.));
#607 = LINE('', #606, #605);
#608 = DIRECTION('', (-1., -0., 0.));
#609 = VECTOR('', #608, 1.);
#610 = CARTESIAN_POINT('', (48., -11.94, 37.));
#611 = LINE('', #610, #609);
#612 = DIRECTION('', (0., -0., 1.));
#613 = VECTOR('', #612, 1.);
#614 = CARTESIAN_POINT('', (0., -11.94, 37.));
#615 = LINE('', #614, #613);
#616 = DIRECTION('', (-1., -0., 0.));
#617 = VECTOR('', #616, 1.);
#618 = CARTESIAN_POINT('', (48., -11.94, 37.5));
#619 = LINE('', #618, #617);
#620 = DIRECTION('', (0., -1., 0.));
#621 = VECTOR('', #620, 1.);
#622 = CARTESIAN_POINT('', (0., -11.94, 37.));
#623 = LINE('', #622, #621);
#624 = DIRECTION('', (0., -0., 1.));
#625 = VECTOR('', #624, 1.);
#626 = CARTESIAN_POINT('', (0., -12., 37.));
#627 = LINE('', #626, #625);
#628 = DIRECTION('', (0., -1., 0.));
#629 = VECTOR('', #628, 1.);
#630 = CARTESIAN_POINT('', (0., -11.94, 37.5));
#631 = LINE('', #630, #629);
#632 = DIRECTION('', (1., -0., 0.));
#633 = VECTOR('', #632, 1.);
#634 = CARTESIAN_POINT('', (0., -12., 37.));
#635 = LINE('', #634, #633);
#636 = DIRECTION('', (1., -0., 0.));
#637 = VECTOR('', #636, 1.);
#638 = CARTESIAN_POINT('', (0., -12., 37.5));
#639 = LINE('', #638, #637);
#640 = DIRECTION('', (0., 1., 0.));
#641 = VECTOR('', #640, 1.);
#642 = CARTESIAN_POINT('', (48., 11.94, 37.));
#643 = LINE('', #642, #641);
#644 = DIRECTION('', (0., -0., 1.));
#645 = VECTOR('', #644, 1.);
#646 = CARTESIAN_POINT('', (48., 12., 37.));
#647 = LINE('', #646, #645);
#648 = DIRECTION('', (0., 1., 0.));
#649 = VECTOR('', #648, 1.);
#650 = CARTESIAN_POINT('', (48., 11.94, 38.5));
#651 = LINE('', #650, #649);
#652 = DIRECTION('', (0., -0., 1.));
#653 = VECTOR('', #652, 1.);
#654 = CARTESIAN_POINT('', (48., 11.94, 37.));
#655 = LINE('', #654, #653);
#656 = DIRECTION('', (-1., -0., 0.));
#657 = VECTOR('', #656, 1.);
#658 = CARTESIAN_POINT('', (48., 12., 37.));
#659 = LINE('', #658, #657);
#660 = DIRECTION('', (0., -0., 1.));
#661 = VECTOR('', #660, 1.);
#662 = CARTESIAN_POINT('', (0., 12., 37.));
#663 = LINE('', #662, #661);
#664 = DIRECTION('', (-1., -0., 0.));
#665 = VECTOR('', #664, 1.);
#666 = CARTESIAN_POINT('', (48., 12., 38.5));
#667 = LINE('', #666, #665);
#668 = DIRECTION('', (0., -1., 0.));
#669 = VECTOR('', #668, 1.);
#670 = CARTESIAN_POINT('', (0., 12., 37.));
#671 = LINE('', #670, #669);
#672 = DIRECTION('', (0., -0., 1.));
#673 = VECTOR('', #672, 1.);
#674 = CARTESIAN_POINT('', (0., 11.94, 37.));
#675 = LINE('', #674, #673);
#676 = DIRECTION('', (0., -1., 0.));
#677 = VECTOR('', #676, 1.);
#678 = CARTESIAN_POINT('', (0., 12., 38.5));
#679 = LINE('', #678, #677);
#680 = DIRECTION('', (1., -0., 0.));
#681 = VECTOR('', #680, 1.);
#682 = CARTESIAN_POINT('', (0., 11.94, 37.));
#683 = LINE('', #682, #681);
#684 = DIRECTION('', (1., -0., 0.));
#685 = VECTOR('', #684, 1.);
#686 = CARTESIAN_POINT('', (0., 11.94, 38.5));
#687 = LINE('', #686, #685);
#688 = DIRECTION('', (0., 1., 0.));
#689 = VECTOR('', #688, 1.);
#690 = CARTESIAN_POINT('', (48., -12., 34.));
#691 = LINE('', #690, #689);
#692 = DIRECTION('', (0., -0., 1.));
#693 = VECTOR('', #692, 1.);
#694 = CARTESIAN_POINT('', (48., 12., 34.));
#695 = LINE('', #694, #693);
#696 = DIRECTION('', (0., 1., 0.));
#697 = VECTOR('', #696, 1.);
#698 = CARTESIAN_POINT('', (48., -12., 35.5));
#699 = LINE('', #698, #697);
#700 = DIRECTION('', (0., -0., 1.));
#701 = VECTOR('', #700, 1.);
#702 = CARTESIAN_POINT('', (48., -12., 34.));
#703 = LINE('', #702, #701);
#704 = DIRECTION('', (-1., -0., 0.));
#705 = VECTOR('', #704, 1.);
#706 = CARTESIAN_POINT('', (48., 12., 34.));
#707 = LINE('', #706, #705);
#708 = DIRECTION('', (0., -0., 1.));
#709 = VECTOR('', #708, 1.);
#710 = CARTESIAN_POINT('', (0., 12., 34.));
#711 = LINE('', #710, #709);
#712 = DIRECTION('', (-1., -0., 0.));
#713 = VECTOR('', #712, 1.);
#714 = CARTESIAN_POINT('', (48., 12., 35.5));
#715 = LINE('', #714, #713);
#716 = DIRECTION('', (0., -1., 0.));
#717 = VECTOR('', #716, 1.);
#718 = CARTESIAN_POINT('', (0., 12., 34.));
#719 = LINE('', #718, #717);
#720 = DIRECTION('', (0., -0., 1.));
#721 = VECTOR('', #720, 1.);
#722 = CARTESIAN_POINT('', (0., -12., 34.));
#723 = LINE('', #722, #721);
#724 = DIRECTION('', (0., -1., 0.));
#725 = VECTOR('', #724, 1.);
#726 = CARTESIAN_POINT('', (0., 12., 35.5));
#727 = LINE('', #726, #725);
#728 = DIRECTION('', (1., -0., 0.));
#729 = VECTOR('', #728, 1.);
#730 = CARTESIAN_POINT('', (0., -12., 34.));
#731 = LINE('', #730, #729);
#732 = DIRECTION('', (1., -0., 0.));
#733 = VECTOR('', #732, 1.);
#734 = CARTESIAN_POINT('', (0., -12., 35.5));
#735 = LINE('', #734, #733);
#736 = DIRECTION('', (0., 1., 0.));
#737 = DIRECTION('', (1., -0., -0.));
#738 = CARTESIAN_POINT('', (1., -0., 44.));
#739 = AXIS2_PLACEMENT_3D('', #738, #737, #736);
#740 = CIRCLE('', #739, 0.0625);
#741 = DIRECTION('', (1., -0., 0.));
#742 = VECTOR('', #741, 1.);
#743 = CARTESIAN_POINT('', (1., 0.0625, 44.));
#744 = LINE('', #743, #742);
#745 = DIRECTION('', (0., 1., 0.));
#746 = DIRECTION('', (1., -0., -0.));
#747 = CARTESIAN_POINT('', (47., -0., 44.));
#748 = AXIS2_PLACEMENT_3D('', #747, #746, #745);
#749 = CIRCLE('', #748, 0.0625);
#750 = DIRECTION('', (0., 1., 0.));
#751 = VECTOR('', #750, 1.);
#752 = CARTESIAN_POINT('', (36., -7., 0.5));
#753 = LINE('', #752, #751);
#754 = DIRECTION('', (0., -0., 1.));
#755 = VECTOR('', #754, 1.);
#756 = CARTESIAN_POINT('', (36., 7., 0.5));
#757 = LINE('', #756, #755);
#758 = DIRECTION('', (0., 1., 0.));
#759 = VECTOR('', #758, 1.);
#760 = CARTESIAN_POINT('', (36., -7., 6.5));
#761 = LINE('', #760, #759);
#762 = DIRECTION('', (0., -0., 1.));
#763 = VECTOR('', #762, 1.);
#764 = CARTESIAN_POINT('', (36., -7., 0.5));
#765 = LINE('', #764, #763);
#766 = DIRECTION('', (-1., -0., 0.));
#767 = VECTOR('', #766, 1.);
#768 = CARTESIAN_POINT('', (36., 7., 0.5));
#769 = LINE('', #768, #767);
#770 = DIRECTION('', (0., -0., 1.));
#771 = VECTOR('', #770, 1.);
#772 = CARTESIAN_POINT('', (12., 7., 0.5));
#773 = LINE('', #772, #771);
#774 = DIRECTION('', (-1., -0., 0.));
#775 = VECTOR('', #774, 1.);
#776 = CARTESIAN_POINT('', (36., 7., 6.5));
#777 = LINE('', #776, #775);
#778 = DIRECTION('', (0., -1., 0.));
#779 = VECTOR('', #778, 1.);
#780 = CARTESIAN_POINT('', (12., 7., 0.5));
#781 = LINE('', #780, #779);
#782 = DIRECTION('', (0., -0., 1.));
#783 = VECTOR('', #782, 1.);
#784 = CARTESIAN_POINT('', (12., -7., 0.5));
#785 = LINE('', #784, #783);
#786 = DIRECTION('', (0., -1., 0.));
#787 = VECTOR('', #786, 1.);
#788 = CARTESIAN_POINT('', (12., 7., 6.5));
#789 = LINE('', #788, #787);
#790 = DIRECTION('', (1., -0., 0.));
#791 = VECTOR('', #790, 1.);
#792 = CARTESIAN_POINT('', (12., -7., 0.5));
#793 = LINE('', #792, #791);
#794 = DIRECTION('', (1., -0., 0.));
#795 = VECTOR('', #794, 1.);
#796 = CARTESIAN_POINT('', (12., -7., 6.5));
#797 = LINE('', #796, #795);
#798 = DIRECTION('', (0., 1., 0.));
#799 = VECTOR('', #798, 1.);
#800 = CARTESIAN_POINT('', (46.5, 11.25, 8.));
#801 = LINE('', #800, #799);
#802 = DIRECTION('', (0., -0., 1.));
#803 = VECTOR('', #802, 1.);
#804 = CARTESIAN_POINT('', (46.5, 12., 8.));
#805 = LINE('', #804, #803);
#806 = DIRECTION('', (0., 1., 0.));
#807 = VECTOR('', #806, 1.);
#808 = CARTESIAN_POINT('', (46.5, 11.25, 34.));
#809 = LINE('', #808, #807);
#810 = DIRECTION('', (0., -0., 1.));
#811 = VECTOR('', #810, 1.);
#812 = CARTESIAN_POINT('', (46.5, 11.25, 8.));
#813 = LINE('', #812, #811);
#814 = DIRECTION('', (-1., -0., 0.));
#815 = VECTOR('', #814, 1.);
#816 = CARTESIAN_POINT('', (46.5, 12., 8.));
#817 = LINE('', #816, #815);
#818 = DIRECTION('', (0., -0., 1.));
#819 = VECTOR('', #818, 1.);
#820 = CARTESIAN_POINT('', (1.5, 12., 8.));
#821 = LINE('', #820, #819);
#822 = DIRECTION('', (-1., -0., 0.));
#823 = VECTOR('', #822, 1.);
#824 = CARTESIAN_POINT('', (46.5, 12., 34.));
#825 = LINE('', #824, #823);
#826 = DIRECTION('', (0., -1., 0.));
#827 = VECTOR('', #826, 1.);
#828 = CARTESIAN_POINT('', (1.5, 12., 8.));
#829 = LINE('', #828, #827);
#830 = DIRECTION('', (0., -0., 1.));
#831 = VECTOR('', #830, 1.);
#832 = CARTESIAN_POINT('', (1.5, 11.25, 8.));
#833 = LINE('', #832, #831);
#834 = DIRECTION('', (0., -1., 0.));
#835 = VECTOR('', #834, 1.);
#836 = CARTESIAN_POINT('', (1.5, 12., 34.));
#837 = LINE('', #836, #835);
#838 = DIRECTION('', (1., -0., 0.));
#839 = VECTOR('', #838, 1.);
#840 = CARTESIAN_POINT('', (1.5, 11.25, 8.));
#841 = LINE('', #840, #839);
#842 = DIRECTION('', (1., -0., 0.));
#843 = VECTOR('', #842, 1.);
#844 = CARTESIAN_POINT('', (1.5, 11.25, 34.));
#845 = LINE('', #844, #843);
#846 = DIRECTION('', (0., 1., 0.));
#847 = VECTOR('', #846, 1.);
#848 = CARTESIAN_POINT('', (46.5, -12., 7.25));
#849 = LINE('', #848, #847);
#850 = DIRECTION('', (0., -0., 1.));
#851 = VECTOR('', #850, 1.);
#852 = CARTESIAN_POINT('', (46.5, 12., 7.25));
#853 = LINE('', #852, #851);
#854 = DIRECTION('', (0., 1., 0.));
#855 = VECTOR('', #854, 1.);
#856 = CARTESIAN_POINT('', (46.5, -12., 8.));
#857 = LINE('', #856, #855);
#858 = DIRECTION('', (0., -0., 1.));
#859 = VECTOR('', #858, 1.);
#860 = CARTESIAN_POINT('', (46.5, -12., 7.25));
#861 = LINE('', #860, #859);
#862 = DIRECTION('', (-1., -0., 0.));
#863 = VECTOR('', #862, 1.);
#864 = CARTESIAN_POINT('', (46.5, 12., 7.25));
#865 = LINE('', #864, #863);
#866 = DIRECTION('', (0., -0., 1.));
#867 = VECTOR('', #866, 1.);
#868 = CARTESIAN_POINT('', (1.5, 12., 7.25));
#869 = LINE('', #868, #867);
#870 = DIRECTION('', (-1., -0., 0.));
#871 = VECTOR('', #870, 1.);
#872 = CARTESIAN_POINT('', (46.5, 12., 8.));
#873 = LINE('', #872, #871);
#874 = DIRECTION('', (0., -1., 0.));
#875 = VECTOR('', #874, 1.);
#876 = CARTESIAN_POINT('', (1.5, 12., 7.25));
#877 = LINE('', #876, #875);
#878 = DIRECTION('', (0., -0., 1.));
#879 = VECTOR('', #878, 1.);
#880 = CARTESIAN_POINT('', (1.5, -12., 7.25));
#881 = LINE('', #880, #879);
#882 = DIRECTION('', (0., -1., 0.));
#883 = VECTOR('', #882, 1.);
#884 = CARTESIAN_POINT('', (1.5, 12., 8.));
#885 = LINE('', #884, #883);
#886 = DIRECTION('', (1., -0., 0.));
#887 = VECTOR('', #886, 1.);
#888 = CARTESIAN_POINT('', (1.5, -12., 7.25));
#889 = LINE('', #888, #887);
#890 = DIRECTION('', (1., -0., 0.));
#891 = VECTOR('', #890, 1.);
#892 = CARTESIAN_POINT('', (1.5, -12., 8.));
#893 = LINE('', #892, #891);
#894 = DIRECTION('', (0., 1., 0.));
#895 = VECTOR('', #894, 1.);
#896 = CARTESIAN_POINT('', (6., -15., 0.));
#897 = LINE('', #896, #895);
#898 = DIRECTION('', (0., -0., 1.));
#899 = VECTOR('', #898, 1.);
#900 = CARTESIAN_POINT('', (6., -9., 0.));
#901 = LINE('', #900, #899);
#902 = DIRECTION('', (0., 1., 0.));
#903 = VECTOR('', #902, 1.);
#904 = CARTESIAN_POINT('', (6., -15., 3.));
#905 = LINE('', #904, #903);
#906 = DIRECTION('', (0., -0., 1.));
#907 = VECTOR('', #906, 1.);
#908 = CARTESIAN_POINT('', (6., -15., 0.));
#909 = LINE('', #908, #907);
#910 = DIRECTION('', (-1., -0., 0.));
#911 = VECTOR('', #910, 1.);
#912 = CARTESIAN_POINT('', (6., -9., 0.));
#913 = LINE('', #912, #911);
#914 = DIRECTION('', (0., -0., 1.));
#915 = VECTOR('', #914, 1.);
#916 = CARTESIAN_POINT('', (0., -9., 0.));
#917 = LINE('', #916, #915);
#918 = DIRECTION('', (-1., -0., 0.));
#919 = VECTOR('', #918, 1.);
#920 = CARTESIAN_POINT('', (6., -9., 3.));
#921 = LINE('', #920, #919);
#922 = DIRECTION('', (0., -1., 0.));
#923 = VECTOR('', #922, 1.);
#924 = CARTESIAN_POINT('', (0., -9., 0.));
#925 = LINE('', #924, #923);
#926 = DIRECTION('', (0., -0., 1.));
#927 = VECTOR('', #926, 1.);
#928 = CARTESIAN_POINT('', (0., -15., 0.));
#929 = LINE('', #928, #927);
#930 = DIRECTION('', (0., -1., 0.));
#931 = VECTOR('', #930, 1.);
#932 = CARTESIAN_POINT('', (0., -9., 3.));
#933 = LINE('', #932, #931);
#934 = DIRECTION('', (1., -0., 0.));
#935 = VECTOR('', #934, 1.);
#936 = CARTESIAN_POINT('', (0., -15., 0.));
#937 = LINE('', #936, #935);
#938 = DIRECTION('', (1., -0., 0.));
#939 = VECTOR('', #938, 1.);
#940 = CARTESIAN_POINT('', (0., -15., 3.));
#941 = LINE('', #940, #939);
#942 = DIRECTION('', (0., 1., 0.));
#943 = VECTOR('', #942, 1.);
#944 = CARTESIAN_POINT('', (45., -9., 37.06));
#945 = LINE('', #944, #943);
#946 = DIRECTION('', (0., -0., 1.));
#947 = VECTOR('', #946, 1.);
#948 = CARTESIAN_POINT('', (45., 9., 37.06));
#949 = LINE('', #948, #947);
#950 = DIRECTION('', (0., 1., 0.));
#951 = VECTOR('', #950, 1.);
#952 = CARTESIAN_POINT('', (45., -9., 43.56));
#953 = LINE('', #952, #951);
#954 = DIRECTION('', (0., -0., 1.));
#955 = VECTOR('', #954, 1.);
#956 = CARTESIAN_POINT('', (45., -9., 37.06));
#957 = LINE('', #956, #955);
#958 = DIRECTION('', (-1., -0., 0.));
#959 = VECTOR('', #958, 1.);
#960 = CARTESIAN_POINT('', (45., 9., 37.06));
#961 = LINE('', #960, #959);
#962 = DIRECTION('', (0., -0., 1.));
#963 = VECTOR('', #962, 1.);
#964 = CARTESIAN_POINT('', (3., 9., 37.06));
#965 = LINE('', #964, #963);
#966 = DIRECTION('', (-1., -0., 0.));
#967 = VECTOR('', #966, 1.);
#968 = CARTESIAN_POINT('', (45., 9., 43.56));
#969 = LINE('', #968, #967);
#970 = DIRECTION('', (0., -1., 0.));
#971 = VECTOR('', #970, 1.);
#972 = CARTESIAN_POINT('', (3., 9., 37.06));
#973 = LINE('', #972, #971);
#974 = DIRECTION('', (0., -0., 1.));
#975 = VECTOR('', #974, 1.);
#976 = CARTESIAN_POINT('', (3., -9., 37.06));
#977 = LINE('', #976, #975);
#978 = DIRECTION('', (0., -1., 0.));
#979 = VECTOR('', #978, 1.);
#980 = CARTESIAN_POINT('', (3., 9., 43.56));
#981 = LINE('', #980, #979);
#982 = DIRECTION('', (1., -0., 0.));
#983 = VECTOR('', #982, 1.);
#984 = CARTESIAN_POINT('', (3., -9., 37.06));
#985 = LINE('', #984, #983);
#986 = DIRECTION('', (1., -0., 0.));
#987 = VECTOR('', #986, 1.);
#988 = CARTESIAN_POINT('', (3., -9., 43.56));
#989 = LINE('', #988, #987);
#990 = DIRECTION('', (0., 1., 0.));
#991 = VECTOR('', #990, 1.);
#992 = CARTESIAN_POINT('', (48., -12., 37.));
#993 = LINE('', #992, #991);
#994 = DIRECTION('', (0., -0., 1.));
#995 = VECTOR('', #994, 1.);
#996 = CARTESIAN_POINT('', (48., 12., 37.));
#997 = LINE('', #996, #995);
#998 = DIRECTION('', (0., 1., 0.));
#999 = VECTOR('', #998, 1.);
#1000 = CARTESIAN_POINT('', (48., -12., 37.06));
#1001 = LINE('', #1000, #999);
#1002 = DIRECTION('', (0., -0., 1.));
#1003 = VECTOR('', #1002, 1.);
#1004 = CARTESIAN_POINT('', (48., -12., 37.));
#1005 = LINE('', #1004, #1003);
#1006 = DIRECTION('', (-1., -0., 0.));
#1007 = VECTOR('', #1006, 1.);
#1008 = CARTESIAN_POINT('', (48., 12., 37.));
#1009 = LINE('', #1008, #1007);
#1010 = DIRECTION('', (0., -0., 1.));
#1011 = VECTOR('', #1010, 1.);
#1012 = CARTESIAN_POINT('', (0., 12., 37.));
#1013 = LINE('', #1012, #1011);
#1014 = DIRECTION('', (-1., -0., 0.));
#1015 = VECTOR('', #1014, 1.);
#1016 = CARTESIAN_POINT('', (48., 12., 37.06));
#1017 = LINE('', #1016, #1015);
#1018 = DIRECTION('', (0., -1., 0.));
#1019 = VECTOR('', #1018, 1.);
#1020 = CARTESIAN_POINT('', (0., 12., 37.));
#1021 = LINE('', #1020, #1019);
#1022 = DIRECTION('', (0., -0., 1.));
#1023 = VECTOR('', #1022, 1.);
#1024 = CARTESIAN_POINT('', (0., -12., 37.));
#1025 = LINE('', #1024, #1023);
#1026 = DIRECTION('', (0., -1., 0.));
#1027 = VECTOR('', #1026, 1.);
#1028 = CARTESIAN_POINT('', (0., 12., 37.06));
#1029 = LINE('', #1028, #1027);
#1030 = DIRECTION('', (1., -0., 0.));
#1031 = VECTOR('', #1030, 1.);
#1032 = CARTESIAN_POINT('', (0., -12., 37.));
#1033 = LINE('', #1032, #1031);
#1034 = DIRECTION('', (1., -0., 0.));
#1035 = VECTOR('', #1034, 1.);
#1036 = CARTESIAN_POINT('', (0., -12., 37.06));
#1037 = LINE('', #1036, #1035);
#1038 = DIRECTION('', (0., -0.08789381, 0.99612985));
#1039 = VECTOR('', #1038, 1.);
#1040 = CARTESIAN_POINT('', (0., 15., 0.));
#1041 = LINE('', #1040, #1039);
#1042 = DIRECTION('', (1., -0., 0.));
#1043 = VECTOR('', #1042, 1.);
#1044 = CARTESIAN_POINT('', (0., 12., 34.));
#1045 = LINE('', #1044, #1043);
#1046 = DIRECTION('', (0., -0.08789381, 0.99612985));
#1047 = VECTOR('', #1046, 1.);
#1048 = CARTESIAN_POINT('', (1.5, 15., 0.));
#1049 = LINE('', #1048, #1047);
#1050 = DIRECTION('', (1., -0., 0.));
#1051 = VECTOR('', #1050, 1.);
#1052 = CARTESIAN_POINT('', (0., 15., 0.));
#1053 = LINE('', #1052, #1051);
#1054 = DIRECTION('', (0., -1., 0.));
#1055 = VECTOR('', #1054, 1.);
#1056 = CARTESIAN_POINT('', (0., 12., 34.));
#1057 = LINE('', #1056, #1055);
#1058 = DIRECTION('', (1., -0., 0.));
#1059 = VECTOR('', #1058, 1.);
#1060 = CARTESIAN_POINT('', (0., -12., 34.));
#1061 = LINE('', #1060, #1059);
#1062 = DIRECTION('', (0., -1., 0.));
#1063 = VECTOR('', #1062, 1.);
#1064 = CARTESIAN_POINT('', (1.5, 12., 34.));
#1065 = LINE('', #1064, #1063);
#1066 = DIRECTION('', (0., -0.08789381, -0.99612985));
#1067 = VECTOR('', #1066, 1.);
#1068 = CARTESIAN_POINT('', (0., -12., 34.));
#1069 = LINE('', #1068, #1067);
#1070 = DIRECTION('', (1., -0., 0.));
#1071 = VECTOR('', #1070, 1.);
#1072 = CARTESIAN_POINT('', (0., -15., 0.));
#1073 = LINE('', #1072, #1071);
#1074 = DIRECTION('', (0., -0.08789381, -0.99612985));
#1075 = VECTOR('', #1074, 1.);
#1076 = CARTESIAN_POINT('', (1.5, -12., 34.));
#1077 = LINE('', #1076, #1075);
#1078 = DIRECTION('', (0., 1., 0.));
#1079 = VECTOR('', #1078, 1.);
#1080 = CARTESIAN_POINT('', (0., -15., 0.));
#1081 = LINE('', #1080, #1079);
#1082 = DIRECTION('', (0., 1., 0.));
#1083 = VECTOR('', #1082, 1.);
#1084 = CARTESIAN_POINT('', (1.5, -15., 0.));
#1085 = LINE('', #1084, #1083);
#1086 = DIRECTION('', (0., 1., 0.));
#1087 = VECTOR('', #1086, 1.);
#1088 = CARTESIAN_POINT('', (48., -12., 35.5));
#1089 = LINE('', #1088, #1087);
#1090 = DIRECTION('', (0., -0., 1.));
#1091 = VECTOR('', #1090, 1.);
#1092 = CARTESIAN_POINT('', (48., 12., 35.5));
#1093 = LINE('', #1092, #1091);
#1094 = DIRECTION('', (0., 1., 0.));
#1095 = VECTOR('', #1094, 1.);
#1096 = CARTESIAN_POINT('', (48., -12., 37.));
#1097 = LINE('', #1096, #1095);
#1098 = DIRECTION('', (0., -0., 1.));
#1099 = VECTOR('', #1098, 1.);
#1100 = CARTESIAN_POINT('', (48., -12., 35.5));
#1101 = LINE('', #1100, #1099);
#1102 = DIRECTION('', (-1., -0., 0.));
#1103 = VECTOR('', #1102, 1.);
#1104 = CARTESIAN_POINT('', (48., 12., 35.5));
#1105 = LINE('', #1104, #1103);
#1106 = DIRECTION('', (0., -0., 1.));
#1107 = VECTOR('', #1106, 1.);
#1108 = CARTESIAN_POINT('', (0., 12., 35.5));
#1109 = LINE('', #1108, #1107);
#1110 = DIRECTION('', (-1., -0., 0.));
#1111 = VECTOR('', #1110, 1.);
#1112 = CARTESIAN_POINT('', (48., 12., 37.));
#1113 = LINE('', #1112, #1111);
#1114 = DIRECTION('', (0., -1., 0.));
#1115 = VECTOR('', #1114, 1.);
#1116 = CARTESIAN_POINT('', (0., 12., 35.5));
#1117 = LINE('', #1116, #1115);
#1118 = DIRECTION('', (0., -0., 1.));
#1119 = VECTOR('', #1118, 1.);
#1120 = CARTESIAN_POINT('', (0., -12., 35.5));
#1121 = LINE('', #1120, #1119);
#1122 = DIRECTION('', (0., -1., 0.));
#1123 = VECTOR('', #1122, 1.);
#1124 = CARTESIAN_POINT('', (0., 12., 37.));
#1125 = LINE('', #1124, #1123);
#1126 = DIRECTION('', (1., -0., 0.));
#1127 = VECTOR('', #1126, 1.);
#1128 = CARTESIAN_POINT('', (0., -12., 35.5));
#1129 = LINE('', #1128, #1127);
#1130 = DIRECTION('', (1., -0., 0.));
#1131 = VECTOR('', #1130, 1.);
#1132 = CARTESIAN_POINT('', (0., -12., 37.));
#1133 = LINE('', #1132, #1131);
#1134 = DIRECTION('', (0., 1., -0.));
#1135 = DIRECTION('', (1., -0., 0.));
#1136 = CARTESIAN_POINT('', (-0.5, 0., 0.));
#1137 = AXIS2_PLACEMENT_3D('', #1136, #1135, #1134);
#1138 = CIRCLE('', #1137, 0.5);
#1139 = DIRECTION('', (1., -0., 0.));
#1140 = VECTOR('', #1139, 1.);
#1141 = CARTESIAN_POINT('', (-0.5, 0.5, 0.));
#1142 = LINE('', #1141, #1140);
#1143 = DIRECTION('', (0., 1., -0.));
#1144 = DIRECTION('', (1., -0., 0.));
#1145 = CARTESIAN_POINT('', (0.5, 0., 0.));
#1146 = AXIS2_PLACEMENT_3D('', #1145, #1144, #1143);
#1147 = CIRCLE('', #1146, 0.5);
#1148 = DIRECTION('', (0., 1., 0.));
#1149 = VECTOR('', #1148, 1.);
#1150 = CARTESIAN_POINT('', (0.5, -0.5, -0.5));
#1151 = LINE('', #1150, #1149);
#1152 = DIRECTION('', (0., -0., 1.));
#1153 = VECTOR('', #1152, 1.);
#1154 = CARTESIAN_POINT('', (0.5, 0.5, -0.5));
#1155 = LINE('', #1154, #1153);
#1156 = DIRECTION('', (0., 1., 0.));
#1157 = VECTOR('', #1156, 1.);
#1158 = CARTESIAN_POINT('', (0.5, -0.5, 0.5));
#1159 = LINE('', #1158, #1157);
#1160 = DIRECTION('', (0., -0., 1.));
#1161 = VECTOR('', #1160, 1.);
#1162 = CARTESIAN_POINT('', (0.5, -0.5, -0.5));
#1163 = LINE('', #1162, #1161);
#1164 = DIRECTION('', (-1., -0., 0.));
#1165 = VECTOR('', #1164, 1.);
#1166 = CARTESIAN_POINT('', (0.5, 0.5, -0.5));
#1167 = LINE('', #1166, #1165);
#1168 = DIRECTION('', (0., -0., 1.));
#1169 = VECTOR('', #1168, 1.);
#1170 = CARTESIAN_POINT('', (-0.5, 0.5, -0.5));
#1171 = LINE('', #1170, #1169);
#1172 = DIRECTION('', (-1., -0., 0.));
#1173 = VECTOR('', #1172, 1.);
#1174 = CARTESIAN_POINT('', (0.5, 0.5, 0.5));
#1175 = LINE('', #1174, #1173);
#1176 = DIRECTION('', (0., -1., 0.));
#1177 = VECTOR('', #1176, 1.);
#1178 = CARTESIAN_POINT('', (-0.5, 0.5, -0.5));
#1179 = LINE('', #1178, #1177);
#1180 = DIRECTION('', (0., -0., 1.));
#1181 = VECTOR('', #1180, 1.);
#1182 = CARTESIAN_POINT('', (-0.5, -0.5, -0.5));
#1183 = LINE('', #1182, #1181);
#1184 = DIRECTION('', (0., -1., 0.));
#1185 = VECTOR('', #1184, 1.);
#1186 = CARTESIAN_POINT('', (-0.5, 0.5, 0.5));
#1187 = LINE('', #1186, #1185);
#1188 = DIRECTION('', (1., -0., 0.));
#1189 = VECTOR('', #1188, 1.);
#1190 = CARTESIAN_POINT('', (-0.5, -0.5, -0.5));
#1191 = LINE('', #1190, #1189);
#1192 = DIRECTION('', (1., -0., 0.));
#1193 = VECTOR('', #1192, 1.);
#1194 = CARTESIAN_POINT('', (-0.5, -0.5, 0.5));
#1195 = LINE('', #1194, #1193);
#1196 = EDGE_CURVE('', #9, #11, #307, .T.);
#1197 = EDGE_CURVE('', #11, #13, #311, .T.);
#1198 = EDGE_CURVE('', #15, #13, #315, .T.);
#1199 = EDGE_CURVE('', #9, #15, #319, .T.);
#1200 = EDGE_CURVE('', #11, #17, #323, .T.);
#1201 = EDGE_CURVE('', #17, #19, #327, .T.);
#1202 = EDGE_CURVE('', #13, #19, #331, .T.);
#1203 = EDGE_CURVE('', #17, #21, #335, .T.);
#1204 = EDGE_CURVE('', #21, #23, #339, .T.);
#1205 = EDGE_CURVE('', #19, #23, #343, .T.);
#1206 = EDGE_CURVE('', #21, #9, #347, .T.);
#1207 = EDGE_CURVE('', #23, #15, #351, .T.);
#1208 = EDGE_CURVE('', #25, #27, #355, .T.);
#1209 = EDGE_CURVE('', #27, #29, #359, .T.);
#1210 = EDGE_CURVE('', #31, #29, #363, .T.);
#1211 = EDGE_CURVE('', #25, #31, #367, .T.);
#1212 = EDGE_CURVE('', #27, #33, #371, .T.);
#1213 = EDGE_CURVE('', #33, #35, #375, .T.);
#1214 = EDGE_CURVE('', #29, #35, #379, .T.);
#1215 = EDGE_CURVE('', #33, #37, #383, .T.);
#1216 = EDGE_CURVE('', #37, #39, #387, .T.);
#1217 = EDGE_CURVE('', #35, #39, #391, .T.);
#1218 = EDGE_CURVE('', #37, #25, #395, .T.);
#1219 = EDGE_CURVE('', #39, #31, #399, .T.);
#1220 = EDGE_CURVE('', #41, #43, #403, .T.);
#1221 = EDGE_CURVE('', #43, #45, #407, .T.);
#1222 = EDGE_CURVE('', #47, #45, #411, .T.);
#1223 = EDGE_CURVE('', #41, #47, #415, .T.);
#1224 = EDGE_CURVE('', #43, #49, #419, .T.);
#1225 = EDGE_CURVE('', #49, #51, #423, .T.);
#1226 = EDGE_CURVE('', #45, #51, #427, .T.);
#1227 = EDGE_CURVE('', #49, #53, #431, .T.);
#1228 = EDGE_CURVE('', #53, #55, #435, .T.);
#1229 = EDGE_CURVE('', #51, #55, #439, .T.);
#1230 = EDGE_CURVE('', #53, #41, #443, .T.);
#1231 = EDGE_CURVE('', #55, #47, #447, .T.);
#1232 = EDGE_CURVE('', #57, #59, #451, .T.);
#1233 = EDGE_CURVE('', #59, #61, #455, .T.);
#1234 = EDGE_CURVE('', #63, #61, #459, .T.);
#1235 = EDGE_CURVE('', #57, #63, #463, .T.);
#1236 = EDGE_CURVE('', #59, #65, #467, .T.);
#1237 = EDGE_CURVE('', #65, #67, #471, .T.);
#1238 = EDGE_CURVE('', #61, #67, #475, .T.);
#1239 = EDGE_CURVE('', #65, #69, #479, .T.);
#1240 = EDGE_CURVE('', #69, #71, #483, .T.);
#1241 = EDGE_CURVE('', #67, #71, #487, .T.);
#1242 = EDGE_CURVE('', #69, #57, #491, .T.);
#1243 = EDGE_CURVE('', #71, #63, #495, .T.);
#1244 = EDGE_CURVE('', #73, #75, #499, .T.);
#1245 = EDGE_CURVE('', #75, #77, #503, .T.);
#1246 = EDGE_CURVE('', #79, #77, #507, .T.);
#1247 = EDGE_CURVE('', #73, #79, #511, .T.);
#1248 = EDGE_CURVE('', #75, #81, #515, .T.);
#1249 = EDGE_CURVE('', #81, #83, #519, .T.);
#1250 = EDGE_CURVE('', #77, #83, #523, .T.);
#1251 = EDGE_CURVE('', #81, #85, #527, .T.);
#1252 = EDGE_CURVE('', #85, #87, #531, .T.);
#1253 = EDGE_CURVE('', #83, #87, #535, .T.);
#1254 = EDGE_CURVE('', #85, #73, #539, .T.);
#1255 = EDGE_CURVE('', #87, #79, #543, .T.);
#1256 = EDGE_CURVE('', #89, #91, #547, .T.);
#1257 = EDGE_CURVE('', #91, #93, #551, .T.);
#1258 = EDGE_CURVE('', #95, #93, #555, .T.);
#1259 = EDGE_CURVE('', #89, #95, #559, .T.);
#1260 = EDGE_CURVE('', #91, #97, #563, .T.);
#1261 = EDGE_CURVE('', #97, #99, #567, .T.);
#1262 = EDGE_CURVE('', #93, #99, #571, .T.);
#1263 = EDGE_CURVE('', #97, #101, #575, .T.);
#1264 = EDGE_CURVE('', #101, #103, #579, .T.);
#1265 = EDGE_CURVE('', #99, #103, #583, .T.);
#1266 = EDGE_CURVE('', #101, #89, #587, .T.);
#1267 = EDGE_CURVE('', #103, #95, #591, .T.);
#1268 = EDGE_CURVE('', #105, #107, #595, .T.);
#1269 = EDGE_CURVE('', #107, #109, #599, .T.);
#1270 = EDGE_CURVE('', #111, #109, #603, .T.);
#1271 = EDGE_CURVE('', #105, #111, #607, .T.);
#1272 = EDGE_CURVE('', #107, #113, #611, .T.);
#1273 = EDGE_CURVE('', #113, #115, #615, .T.);
#1274 = EDGE_CURVE('', #109, #115, #619, .T.);
#1275 = EDGE_CURVE('', #113, #117, #623, .T.);
#1276 = EDGE_CURVE('', #117, #119, #627, .T.);
#1277 = EDGE_CURVE('', #115, #119, #631, .T.);
#1278 = EDGE_CURVE('', #117, #105, #635, .T.);
#1279 = EDGE_CURVE('', #119, #111, #639, .T.);
#1280 = EDGE_CURVE('', #121, #123, #643, .T.);
#1281 = EDGE_CURVE('', #123, #125, #647, .T.);
#1282 = EDGE_CURVE('', #127, #125, #651, .T.);
#1283 = EDGE_CURVE('', #121, #127, #655, .T.);
#1284 = EDGE_CURVE('', #123, #129, #659, .T.);
#1285 = EDGE_CURVE('', #129, #131, #663, .T.);
#1286 = EDGE_CURVE('', #125, #131, #667, .T.);
#1287 = EDGE_CURVE('', #129, #133, #671, .T.);
#1288 = EDGE_CURVE('', #133, #135, #675, .T.);
#1289 = EDGE_CURVE('', #131, #135, #679, .T.);
#1290 = EDGE_CURVE('', #133, #121, #683, .T.);
#1291 = EDGE_CURVE('', #135, #127, #687, .T.);
#1292 = EDGE_CURVE('', #137, #139, #691, .T.);
#1293 = EDGE_CURVE('', #139, #141, #695, .T.);
#1294 = EDGE_CURVE('', #143, #141, #699, .T.);
#1295 = EDGE_CURVE('', #137, #143, #703, .T.);
#1296 = EDGE_CURVE('', #139, #145, #707, .T.);
#1297 = EDGE_CURVE('', #145, #147, #711, .T.);
#1298 = EDGE_CURVE('', #141, #147, #715, .T.);
#1299 = EDGE_CURVE('', #145, #149, #719, .T.);
#1300 = EDGE_CURVE('', #149, #151, #723, .T.);
#1301 = EDGE_CURVE('', #147, #151, #727, .T.);
#1302 = EDGE_CURVE('', #149, #137, #731, .T.);
#1303 = EDGE_CURVE('', #151, #143, #735, .T.);
#1304 = EDGE_CURVE('', #153, #153, #740, .T.);
#1305 = EDGE_CURVE('', #153, #155, #744, .T.);
#1306 = EDGE_CURVE('', #155, #155, #749, .T.);
#1307 = EDGE_CURVE('', #157, #159, #753, .T.);
#1308 = EDGE_CURVE('', #159, #161, #757, .T.);
#1309 = EDGE_CURVE('', #163, #161, #761, .T.);
#1310 = EDGE_CURVE('', #157, #163, #765, .T.);
#1311 = EDGE_CURVE('', #159, #165, #769, .T.);
#1312 = EDGE_CURVE('', #165, #167, #773, .T.);
#1313 = EDGE_CURVE('', #161, #167, #777, .T.);
#1314 = EDGE_CURVE('', #165, #169, #781, .T.);
#1315 = EDGE_CURVE('', #169, #171, #785, .T.);
#1316 = EDGE_CURVE('', #167, #171, #789, .T.);
#1317 = EDGE_CURVE('', #169, #157, #793, .T.);
#1318 = EDGE_CURVE('', #171, #163, #797, .T.);
#1319 = EDGE_CURVE('', #173, #175, #801, .T.);
#1320 = EDGE_CURVE('', #175, #177, #805, .T.);
#1321 = EDGE_CURVE('', #179, #177, #809, .T.);
#1322 = EDGE_CURVE('', #173, #179, #813, .T.);
#1323 = EDGE_CURVE('', #175, #181, #817, .T.);
#1324 = EDGE_CURVE('', #181, #183, #821, .T.);
#1325 = EDGE_CURVE('', #177, #183, #825, .T.);
#1326 = EDGE_CURVE('', #181, #185, #829, .T.);
#1327 = EDGE_CURVE('', #185, #187, #833, .T.);
#1328 = EDGE_CURVE('', #183, #187, #837, .T.);
#1329 = EDGE_CURVE('', #185, #173, #841, .T.);
#1330 = EDGE_CURVE('', #187, #179, #845, .T.);
#1331 = EDGE_CURVE('', #189, #191, #849, .T.);
#1332 = EDGE_CURVE('', #191, #193, #853, .T.);
#1333 = EDGE_CURVE('', #195, #193, #857, .T.);
#1334 = EDGE_CURVE('', #189, #195, #861, .T.);
#1335 = EDGE_CURVE('', #191, #197, #865, .T.);
#1336 = EDGE_CURVE('', #197, #199, #869, .T.);
#1337 = EDGE_CURVE('', #193, #199, #873, .T.);
#1338 = EDGE_CURVE('', #197, #201, #877, .T.);
#1339 = EDGE_CURVE('', #201, #203, #881, .T.);
#1340 = EDGE_CURVE('', #199, #203, #885, .T.);
#1341 = EDGE_CURVE('', #201, #189, #889, .T.);
#1342 = EDGE_CURVE('', #203, #195, #893, .T.);
#1343 = EDGE_CURVE('', #205, #207, #897, .T.);
#1344 = EDGE_CURVE('', #207, #209, #901, .T.);
#1345 = EDGE_CURVE('', #211, #209, #905, .T.);
#1346 = EDGE_CURVE('', #205, #211, #909, .T.);
#1347 = EDGE_CURVE('', #207, #213, #913, .T.);
#1348 = EDGE_CURVE('', #213, #215, #917, .T.);
#1349 = EDGE_CURVE('', #209, #215, #921, .T.);
#1350 = EDGE_CURVE('', #213, #217, #925, .T.);
#1351 = EDGE_CURVE('', #217, #219, #929, .T.);
#1352 = EDGE_CURVE('', #215, #219, #933, .T.);
#1353 = EDGE_CURVE('', #217, #205, #937, .T.);
#1354 = EDGE_CURVE('', #219, #211, #941, .T.);
#1355 = EDGE_CURVE('', #221, #223, #945, .T.);
#1356 = EDGE_CURVE('', #223, #225, #949, .T.);
#1357 = EDGE_CURVE('', #227, #225, #953, .T.);
#1358 = EDGE_CURVE('', #221, #227, #957, .T.);
#1359 = EDGE_CURVE('', #223, #229, #961, .T.);
#1360 = EDGE_CURVE('', #229, #231, #965, .T.);
#1361 = EDGE_CURVE('', #225, #231, #969, .T.);
#1362 = EDGE_CURVE('', #229, #233, #973, .T.);
#1363 = EDGE_CURVE('', #233, #235, #977, .T.);
#1364 = EDGE_CURVE('', #231, #235, #981, .T.);
#1365 = EDGE_CURVE('', #233, #221, #985, .T.);
#1366 = EDGE_CURVE('', #235, #227, #989, .T.);
#1367 = EDGE_CURVE('', #237, #239, #993, .T.);
#1368 = EDGE_CURVE('', #239, #241, #997, .T.);
#1369 = EDGE_CURVE('', #243, #241, #1001, .T.);
#1370 = EDGE_CURVE('', #237, #243, #1005, .T.);
#1371 = EDGE_CURVE('', #239, #245, #1009, .T.);
#1372 = EDGE_CURVE('', #245, #247, #1013, .T.);
#1373 = EDGE_CURVE('', #241, #247, #1017, .T.);
#1374 = EDGE_CURVE('', #245, #249, #1021, .T.);
#1375 = EDGE_CURVE('', #249, #251, #1025, .T.);
#1376 = EDGE_CURVE('', #247, #251, #1029, .T.);
#1377 = EDGE_CURVE('', #249, #237, #1033, .T.);
#1378 = EDGE_CURVE('', #251, #243, #1037, .T.);
#1379 = EDGE_CURVE('', #253, #255, #1041, .T.);
#1380 = EDGE_CURVE('', #255, #257, #1045, .T.);
#1381 = EDGE_CURVE('', #259, #257, #1049, .T.);
#1382 = EDGE_CURVE('', #253, #259, #1053, .T.);
#1383 = EDGE_CURVE('', #255, #261, #1057, .T.);
#1384 = EDGE_CURVE('', #261, #263, #1061, .T.);
#1385 = EDGE_CURVE('', #257, #263, #1065, .T.);
#1386 = EDGE_CURVE('', #261, #265, #1069, .T.);
#1387 = EDGE_CURVE('', #265, #267, #1073, .T.);
#1388 = EDGE_CURVE('', #263, #267, #1077, .T.);
#1389 = EDGE_CURVE('', #265, #253, #1081, .T.);
#1390 = EDGE_CURVE('', #267, #259, #1085, .T.);
#1391 = EDGE_CURVE('', #269, #271, #1089, .T.);
#1392 = EDGE_CURVE('', #271, #273, #1093, .T.);
#1393 = EDGE_CURVE('', #275, #273, #1097, .T.);
#1394 = EDGE_CURVE('', #269, #275, #1101, .T.);
#1395 = EDGE_CURVE('', #271, #277, #1105, .T.);
#1396 = EDGE_CURVE('', #277, #279, #1109, .T.);
#1397 = EDGE_CURVE('', #273, #279, #1113, .T.);
#1398 = EDGE_CURVE('', #277, #281, #1117, .T.);
#1399 = EDGE_CURVE('', #281, #283, #1121, .T.);
#1400 = EDGE_CURVE('', #279, #283, #1125, .T.);
#1401 = EDGE_CURVE('', #281, #269, #1129, .T.);
#1402 = EDGE_CURVE('', #283, #275, #1133, .T.);
#1403 = EDGE_CURVE('', #285, #285, #1138, .T.);
#1404 = EDGE_CURVE('', #285, #287, #1142, .T.);
#1405 = EDGE_CURVE('', #287, #287, #1147, .T.);
#1406 = EDGE_CURVE('', #289, #291, #1151, .T.);
#1407 = EDGE_CURVE('', #291, #293, #1155, .T.);
#1408 = EDGE_CURVE('', #295, #293, #1159, .T.);
#1409 = EDGE_CURVE('', #289, #295, #1163, .T.);
#1410 = EDGE_CURVE('', #291, #297, #1167, .T.);
#1411 = EDGE_CURVE('', #297, #299, #1171, .T.);
#1412 = EDGE_CURVE('', #293, #299, #1175, .T.);
#1413 = EDGE_CURVE('', #297, #301, #1179, .T.);
#1414 = EDGE_CURVE('', #301, #303, #1183, .T.);
#1415 = EDGE_CURVE('', #299, #303, #1187, .T.);
#1416 = EDGE_CURVE('', #301, #289, #1191, .T.);
#1417 = EDGE_CURVE('', #303, #295, #1195, .T.);
#1418 = CARTESIAN_POINT('', (48., 12., 1.5));
#1419 = DIRECTION('', (1., -0., 0.));
#1420 = AXIS2_PLACEMENT_3D('', #1418, #1419, $);
#1421 = PLANE('', #1420);
#1422 = CARTESIAN_POINT('', (45., 15., 1.5));
#1423 = DIRECTION('', (0., 1., -0.));
#1424 = AXIS2_PLACEMENT_3D('', #1422, #1423, $);
#1425 = PLANE('', #1424);
#1426 = CARTESIAN_POINT('', (42., 12., 1.5));
#1427 = DIRECTION('', (-1., -0., 0.));
#1428 = AXIS2_PLACEMENT_3D('', #1426, #1427, $);
#1429 = PLANE('', #1428);
#1430 = CARTESIAN_POINT('', (45., 9., 1.5));
#1431 = DIRECTION('', (0., -1., 0.));
#1432 = AXIS2_PLACEMENT_3D('', #1430, #1431, $);
#1433 = PLANE('', #1432);
#1434 = CARTESIAN_POINT('', (45., 12., 0.));
#1435 = DIRECTION('', (0., -0., 1.));
#1436 = AXIS2_PLACEMENT_3D('', #1434, #1435, $);
#1437 = PLANE('', #1436);
#1438 = CARTESIAN_POINT('', (45., 12., 3.));
#1439 = DIRECTION('', (0., -0., 1.));
#1440 = AXIS2_PLACEMENT_3D('', #1438, #1439, $);
#1441 = PLANE('', #1440);
#1442 = CARTESIAN_POINT('', (6., 12., 1.5));
#1443 = DIRECTION('', (1., -0., 0.));
#1444 = AXIS2_PLACEMENT_3D('', #1442, #1443, $);
#1445 = PLANE('', #1444);
#1446 = CARTESIAN_POINT('', (3., 15., 1.5));
#1447 = DIRECTION('', (0., 1., -0.));
#1448 = AXIS2_PLACEMENT_3D('', #1446, #1447, $);
#1449 = PLANE('', #1448);
#1450 = CARTESIAN_POINT('', (0., 12., 1.5));
#1451 = DIRECTION('', (-1., -0., 0.));
#1452 = AXIS2_PLACEMENT_3D('', #1450, #1451, $);
#1453 = PLANE('', #1452);
#1454 = CARTESIAN_POINT('', (3., 9., 1.5));
#1455 = DIRECTION('', (0., -1., 0.));
#1456 = AXIS2_PLACEMENT_3D('', #1454, #1455, $);
#1457 = PLANE('', #1456);
#1458 = CARTESIAN_POINT('', (3., 12., 0.));
#1459 = DIRECTION('', (0., -0., 1.));
#1460 = AXIS2_PLACEMENT_3D('', #1458, #1459, $);
#1461 = PLANE('', #1460);
#1462 = CARTESIAN_POINT('', (3., 12., 3.));
#1463 = DIRECTION('', (0., -0., 1.));
#1464 = AXIS2_PLACEMENT_3D('', #1462, #1463, $);
#1465 = PLANE('', #1464);
#1466 = CARTESIAN_POINT('', (48., -12., 1.5));
#1467 = DIRECTION('', (1., -0., 0.));
#1468 = AXIS2_PLACEMENT_3D('', #1466, #1467, $);
#1469 = PLANE('', #1468);
#1470 = CARTESIAN_POINT('', (45., -9., 1.5));
#1471 = DIRECTION('', (0., 1., -0.));
#1472 = AXIS2_PLACEMENT_3D('', #1470, #1471, $);
#1473 = PLANE('', #1472);
#1474 = CARTESIAN_POINT('', (42., -12., 1.5));
#1475 = DIRECTION('', (-1., -0., 0.));
#1476 = AXIS2_PLACEMENT_3D('', #1474, #1475, $);
#1477 = PLANE('', #1476);
#1478 = CARTESIAN_POINT('', (45., -15., 1.5));
#1479 = DIRECTION('', (0., -1., 0.));
#1480 = AXIS2_PLACEMENT_3D('', #1478, #1479, $);
#1481 = PLANE('', #1480);
#1482 = CARTESIAN_POINT('', (45., -12., 0.));
#1483 = DIRECTION('', (0., -0., 1.));
#1484 = AXIS2_PLACEMENT_3D('', #1482, #1483, $);
#1485 = PLANE('', #1484);
#1486 = CARTESIAN_POINT('', (45., -12., 3.));
#1487 = DIRECTION('', (0., -0., 1.));
#1488 = AXIS2_PLACEMENT_3D('', #1486, #1487, $);
#1489 = PLANE('', #1488);
#1490 = CARTESIAN_POINT('', (47.25, 13.5, 17.));
#1491 = DIRECTION('', (0., 0.99612985, 0.08789381));
#1492 = AXIS2_PLACEMENT_3D('', #1490, #1491, $);
#1493 = PLANE('', #1492);
#1494 = CARTESIAN_POINT('', (47.25, -0., 34.));
#1495 = DIRECTION('', (-0., -0., 1.));
#1496 = AXIS2_PLACEMENT_3D('', #1494, #1495, $);
#1497 = PLANE('', #1496);
#1498 = CARTESIAN_POINT('', (47.25, -13.5, 17.));
#1499 = DIRECTION('', (0., -0.99612985, 0.08789381));
#1500 = AXIS2_PLACEMENT_3D('', #1498, #1499, $);
#1501 = PLANE('', #1500);
#1502 = CARTESIAN_POINT('', (47.25, 0., 0.));
#1503 = DIRECTION('', (0., -0., -1.));
#1504 = AXIS2_PLACEMENT_3D('', #1502, #1503, $);
#1505 = PLANE('', #1504);
#1506 = CARTESIAN_POINT('', (46.5, 0., 17.));
#1507 = DIRECTION('', (1., -0., 0.));
#1508 = AXIS2_PLACEMENT_3D('', #1506, #1507, $);
#1509 = PLANE('', #1508);
#1510 = CARTESIAN_POINT('', (48., 0., 17.));
#1511 = DIRECTION('', (1., -0., 0.));
#1512 = AXIS2_PLACEMENT_3D('', #1510, #1511, $);
#1513 = PLANE('', #1512);
#1514 = CARTESIAN_POINT('', (48., 0., 37.75));
#1515 = DIRECTION('', (1., -0., 0.));
#1516 = AXIS2_PLACEMENT_3D('', #1514, #1515, $);
#1517 = PLANE('', #1516);
#1518 = CARTESIAN_POINT('', (47.97, 12., 37.75));
#1519 = DIRECTION('', (0., 1., -0.));
#1520 = AXIS2_PLACEMENT_3D('', #1518, #1519, $);
#1521 = PLANE('', #1520);
#1522 = CARTESIAN_POINT('', (47.94, -0., 37.75));
#1523 = DIRECTION('', (-1., -0., 0.));
#1524 = AXIS2_PLACEMENT_3D('', #1522, #1523, $);
#1525 = PLANE('', #1524);
#1526 = CARTESIAN_POINT('', (47.97, -12., 37.75));
#1527 = DIRECTION('', (0., -1., 0.));
#1528 = AXIS2_PLACEMENT_3D('', #1526, #1527, $);
#1529 = PLANE('', #1528);
#1530 = CARTESIAN_POINT('', (47.97, 0., 37.));
#1531 = DIRECTION('', (0., -0., 1.));
#1532 = AXIS2_PLACEMENT_3D('', #1530, #1531, $);
#1533 = PLANE('', #1532);
#1534 = CARTESIAN_POINT('', (47.97, 0., 38.5));
#1535 = DIRECTION('', (0., -0., 1.));
#1536 = AXIS2_PLACEMENT_3D('', #1534, #1535, $);
#1537 = PLANE('', #1536);
#1538 = CARTESIAN_POINT('', (0.06, 0., 37.75));
#1539 = DIRECTION('', (1., -0., 0.));
#1540 = AXIS2_PLACEMENT_3D('', #1538, #1539, $);
#1541 = PLANE('', #1540);
#1542 = CARTESIAN_POINT('', (0.03, 12., 37.75));
#1543 = DIRECTION('', (0., 1., -0.));
#1544 = AXIS2_PLACEMENT_3D('', #1542, #1543, $);
#1545 = PLANE('', #1544);
#1546 = CARTESIAN_POINT('', (0., -0., 37.75));
#1547 = DIRECTION('', (-1., -0., 0.));
#1548 = AXIS2_PLACEMENT_3D('', #1546, #1547, $);
#1549 = PLANE('', #1548);
#1550 = CARTESIAN_POINT('', (0.03, -12., 37.75));
#1551 = DIRECTION('', (0., -1., 0.));
#1552 = AXIS2_PLACEMENT_3D('', #1550, #1551, $);
#1553 = PLANE('', #1552);
#1554 = CARTESIAN_POINT('', (0.03, 0., 37.));
#1555 = DIRECTION('', (0., -0., 1.));
#1556 = AXIS2_PLACEMENT_3D('', #1554, #1555, $);
#1557 = PLANE('', #1556);
#1558 = CARTESIAN_POINT('', (0.03, 0., 38.5));
#1559 = DIRECTION('', (0., -0., 1.));
#1560 = AXIS2_PLACEMENT_3D('', #1558, #1559, $);
#1561 = PLANE('', #1560);
#1562 = CARTESIAN_POINT('', (48., -11.97, 37.25));
#1563 = DIRECTION('', (1., -0., 0.));
#1564 = AXIS2_PLACEMENT_3D('', #1562, #1563, $);
#1565 = PLANE('', #1564);
#1566 = CARTESIAN_POINT('', (24., -11.94, 37.25));
#1567 = DIRECTION('', (0., 1., -0.));
#1568 = AXIS2_PLACEMENT_3D('', #1566, #1567, $);
#1569 = PLANE('', #1568);
#1570 = CARTESIAN_POINT('', (0., -11.97, 37.25));
#1571 = DIRECTION('', (-1., -0., 0.));
#1572 = AXIS2_PLACEMENT_3D('', #1570, #1571, $);
#1573 = PLANE('', #1572);
#1574 = CARTESIAN_POINT('', (24., -12., 37.25));
#1575 = DIRECTION('', (0., -1., 0.));
#1576 = AXIS2_PLACEMENT_3D('', #1574, #1575, $);
#1577 = PLANE('', #1576);
#1578 = CARTESIAN_POINT('', (24., -11.97, 37.));
#1579 = DIRECTION('', (0., -0., 1.));
#1580 = AXIS2_PLACEMENT_3D('', #1578, #1579, $);
#1581 = PLANE('', #1580);
#1582 = CARTESIAN_POINT('', (24., -11.97, 37.5));
#1583 = DIRECTION('', (0., -0., 1.));
#1584 = AXIS2_PLACEMENT_3D('', #1582, #1583, $);
#1585 = PLANE('', #1584);
#1586 = CARTESIAN_POINT('', (48., 11.97, 37.75));
#1587 = DIRECTION('', (1., -0., 0.));
#1588 = AXIS2_PLACEMENT_3D('', #1586, #1587, $);
#1589 = PLANE('', #1588);
#1590 = CARTESIAN_POINT('', (24., 12., 37.75));
#1591 = DIRECTION('', (0., 1., -0.));
#1592 = AXIS2_PLACEMENT_3D('', #1590, #1591, $);
#1593 = PLANE('', #1592);
#1594 = CARTESIAN_POINT('', (0., 11.97, 37.75));
#1595 = DIRECTION('', (-1., -0., 0.));
#1596 = AXIS2_PLACEMENT_3D('', #1594, #1595, $);
#1597 = PLANE('', #1596);
#1598 = CARTESIAN_POINT('', (24., 11.94, 37.75));
#1599 = DIRECTION('', (0., -1., 0.));
#1600 = AXIS2_PLACEMENT_3D('', #1598, #1599, $);
#1601 = PLANE('', #1600);
#1602 = CARTESIAN_POINT('', (24., 11.97, 37.));
#1603 = DIRECTION('', (0., -0., 1.));
#1604 = AXIS2_PLACEMENT_3D('', #1602, #1603, $);
#1605 = PLANE('', #1604);
#1606 = CARTESIAN_POINT('', (24., 11.97, 38.5));
#1607 = DIRECTION('', (0., -0., 1.));
#1608 = AXIS2_PLACEMENT_3D('', #1606, #1607, $);
#1609 = PLANE('', #1608);
#1610 = CARTESIAN_POINT('', (48., 0., 34.75));
#1611 = DIRECTION('', (1., -0., 0.));
#1612 = AXIS2_PLACEMENT_3D('', #1610, #1611, $);
#1613 = PLANE('', #1612);
#1614 = CARTESIAN_POINT('', (24., 12., 34.75));
#1615 = DIRECTION('', (0., 1., -0.));
#1616 = AXIS2_PLACEMENT_3D('', #1614, #1615, $);
#1617 = PLANE('', #1616);
#1618 = CARTESIAN_POINT('', (0., -0., 34.75));
#1619 = DIRECTION('', (-1., -0., 0.));
#1620 = AXIS2_PLACEMENT_3D('', #1618, #1619, $);
#1621 = PLANE('', #1620);
#1622 = CARTESIAN_POINT('', (24., -12., 34.75));
#1623 = DIRECTION('', (0., -1., 0.));
#1624 = AXIS2_PLACEMENT_3D('', #1622, #1623, $);
#1625 = PLANE('', #1624);
#1626 = CARTESIAN_POINT('', (24., 0., 34.));
#1627 = DIRECTION('', (0., -0., 1.));
#1628 = AXIS2_PLACEMENT_3D('', #1626, #1627, $);
#1629 = PLANE('', #1628);
#1630 = CARTESIAN_POINT('', (24., 0., 35.5));
#1631 = DIRECTION('', (0., -0., 1.));
#1632 = AXIS2_PLACEMENT_3D('', #1630, #1631, $);
#1633 = PLANE('', #1632);
#1634 = CARTESIAN_POINT('', (24., -0., 44.));
#1635 = DIRECTION('', (1., -0., -0.));
#1636 = DIRECTION('', (0., 1., 0.));
#1637 = AXIS2_PLACEMENT_3D('', #1634, #1635, #1636);
#1638 = CYLINDRICAL_SURFACE('', #1637, 0.0625);
#1639 = CARTESIAN_POINT('', (1., 0., 44.));
#1640 = DIRECTION('', (1., -0., 0.));
#1641 = AXIS2_PLACEMENT_3D('', #1639, #1640, $);
#1642 = PLANE('', #1641);
#1643 = CARTESIAN_POINT('', (47., 0., 44.));
#1644 = DIRECTION('', (1., -0., 0.));
#1645 = AXIS2_PLACEMENT_3D('', #1643, #1644, $);
#1646 = PLANE('', #1645);
#1647 = CARTESIAN_POINT('', (36., 0., 3.5));
#1648 = DIRECTION('', (1., -0., 0.));
#1649 = AXIS2_PLACEMENT_3D('', #1647, #1648, $);
#1650 = PLANE('', #1649);
#1651 = CARTESIAN_POINT('', (24., 7., 3.5));
#1652 = DIRECTION('', (0., 1., -0.));
#1653 = AXIS2_PLACEMENT_3D('', #1651, #1652, $);
#1654 = PLANE('', #1653);
#1655 = CARTESIAN_POINT('', (12., -0., 3.5));
#1656 = DIRECTION('', (-1., -0., 0.));
#1657 = AXIS2_PLACEMENT_3D('', #1655, #1656, $);
#1658 = PLANE('', #1657);
#1659 = CARTESIAN_POINT('', (24., -7., 3.5));
#1660 = DIRECTION('', (0., -1., 0.));
#1661 = AXIS2_PLACEMENT_3D('', #1659, #1660, $);
#1662 = PLANE('', #1661);
#1663 = CARTESIAN_POINT('', (24., 0., 0.5));
#1664 = DIRECTION('', (0., -0., 1.));
#1665 = AXIS2_PLACEMENT_3D('', #1663, #1664, $);
#1666 = PLANE('', #1665);
#1667 = CARTESIAN_POINT('', (24., 0., 6.5));
#1668 = DIRECTION('', (0., -0., 1.));
#1669 = AXIS2_PLACEMENT_3D('', #1667, #1668, $);
#1670 = PLANE('', #1669);
#1671 = CARTESIAN_POINT('', (46.5, 11.625, 21.));
#1672 = DIRECTION('', (1., -0., 0.));
#1673 = AXIS2_PLACEMENT_3D('', #1671, #1672, $);
#1674 = PLANE('', #1673);
#1675 = CARTESIAN_POINT('', (24., 12., 21.));
#1676 = DIRECTION('', (0., 1., -0.));
#1677 = AXIS2_PLACEMENT_3D('', #1675, #1676, $);
#1678 = PLANE('', #1677);
#1679 = CARTESIAN_POINT('', (1.5, 11.625, 21.));
#1680 = DIRECTION('', (-1., -0., 0.));
#1681 = AXIS2_PLACEMENT_3D('', #1679, #1680, $);
#1682 = PLANE('', #1681);
#1683 = CARTESIAN_POINT('', (24., 11.25, 21.));
#1684 = DIRECTION('', (0., -1., 0.));
#1685 = AXIS2_PLACEMENT_3D('', #1683, #1684, $);
#1686 = PLANE('', #1685);
#1687 = CARTESIAN_POINT('', (24., 11.625, 8.));
#1688 = DIRECTION('', (0., -0., 1.));
#1689 = AXIS2_PLACEMENT_3D('', #1687, #1688, $);
#1690 = PLANE('', #1689);
#1691 = CARTESIAN_POINT('', (24., 11.625, 34.));
#1692 = DIRECTION('', (0., -0., 1.));
#1693 = AXIS2_PLACEMENT_3D('', #1691, #1692, $);
#1694 = PLANE('', #1693);
#1695 = CARTESIAN_POINT('', (46.5, 0., 7.625));
#1696 = DIRECTION('', (1., -0., 0.));
#1697 = AXIS2_PLACEMENT_3D('', #1695, #1696, $);
#1698 = PLANE('', #1697);
#1699 = CARTESIAN_POINT('', (24., 12., 7.625));
#1700 = DIRECTION('', (0., 1., -0.));
#1701 = AXIS2_PLACEMENT_3D('', #1699, #1700, $);
#1702 = PLANE('', #1701);
#1703 = CARTESIAN_POINT('', (1.5, -0., 7.625));
#1704 = DIRECTION('', (-1., -0., 0.));
#1705 = AXIS2_PLACEMENT_3D('', #1703, #1704, $);
#1706 = PLANE('', #1705);
#1707 = CARTESIAN_POINT('', (24., -12., 7.625));
#1708 = DIRECTION('', (0., -1., 0.));
#1709 = AXIS2_PLACEMENT_3D('', #1707, #1708, $);
#1710 = PLANE('', #1709);
#1711 = CARTESIAN_POINT('', (24., 0., 7.25));
#1712 = DIRECTION('', (0., -0., 1.));
#1713 = AXIS2_PLACEMENT_3D('', #1711, #1712, $);
#1714 = PLANE('', #1713);
#1715 = CARTESIAN_POINT('', (24., 0., 8.));
#1716 = DIRECTION('', (0., -0., 1.));
#1717 = AXIS2_PLACEMENT_3D('', #1715, #1716, $);
#1718 = PLANE('', #1717);
#1719 = CARTESIAN_POINT('', (6., -12., 1.5));
#1720 = DIRECTION('', (1., -0., 0.));
#1721 = AXIS2_PLACEMENT_3D('', #1719, #1720, $);
#1722 = PLANE('', #1721);
#1723 = CARTESIAN_POINT('', (3., -9., 1.5));
#1724 = DIRECTION('', (0., 1., -0.));
#1725 = AXIS2_PLACEMENT_3D('', #1723, #1724, $);
#1726 = PLANE('', #1725);
#1727 = CARTESIAN_POINT('', (0., -12., 1.5));
#1728 = DIRECTION('', (-1., -0., 0.));
#1729 = AXIS2_PLACEMENT_3D('', #1727, #1728, $);
#1730 = PLANE('', #1729);
#1731 = CARTESIAN_POINT('', (3., -15., 1.5));
#1732 = DIRECTION('', (0., -1., 0.));
#1733 = AXIS2_PLACEMENT_3D('', #1731, #1732, $);
#1734 = PLANE('', #1733);
#1735 = CARTESIAN_POINT('', (3., -12., 0.));
#1736 = DIRECTION('', (0., -0., 1.));
#1737 = AXIS2_PLACEMENT_3D('', #1735, #1736, $);
#1738 = PLANE('', #1737);
#1739 = CARTESIAN_POINT('', (3., -12., 3.));
#1740 = DIRECTION('', (0., -0., 1.));
#1741 = AXIS2_PLACEMENT_3D('', #1739, #1740, $);
#1742 = PLANE('', #1741);
#1743 = CARTESIAN_POINT('', (45., 0., 40.31));
#1744 = DIRECTION('', (1., -0., 0.));
#1745 = AXIS2_PLACEMENT_3D('', #1743, #1744, $);
#1746 = PLANE('', #1745);
#1747 = CARTESIAN_POINT('', (24., 9., 40.31));
#1748 = DIRECTION('', (0., 1., -0.));
#1749 = AXIS2_PLACEMENT_3D('', #1747, #1748, $);
#1750 = PLANE('', #1749);
#1751 = CARTESIAN_POINT('', (3., -0., 40.31));
#1752 = DIRECTION('', (-1., -0., 0.));
#1753 = AXIS2_PLACEMENT_3D('', #1751, #1752, $);
#1754 = PLANE('', #1753);
#1755 = CARTESIAN_POINT('', (24., -9., 40.31));
#1756 = DIRECTION('', (0., -1., 0.));
#1757 = AXIS2_PLACEMENT_3D('', #1755, #1756, $);
#1758 = PLANE('', #1757);
#1759 = CARTESIAN_POINT('', (24., 0., 37.06));
#1760 = DIRECTION('', (0., -0., 1.));
#1761 = AXIS2_PLACEMENT_3D('', #1759, #1760, $);
#1762 = PLANE('', #1761);
#1763 = CARTESIAN_POINT('', (24., 0., 43.56));
#1764 = DIRECTION('', (0., -0., 1.));
#1765 = AXIS2_PLACEMENT_3D('', #1763, #1764, $);
#1766 = PLANE('', #1765);
#1767 = CARTESIAN_POINT('', (48., 0., 37.03));
#1768 = DIRECTION('', (1., -0., 0.));
#1769 = AXIS2_PLACEMENT_3D('', #1767, #1768, $);
#1770 = PLANE('', #1769);
#1771 = CARTESIAN_POINT('', (24., 12., 37.03));
#1772 = DIRECTION('', (0., 1., -0.));
#1773 = AXIS2_PLACEMENT_3D('', #1771, #1772, $);
#1774 = PLANE('', #1773);
#1775 = CARTESIAN_POINT('', (0., -0., 37.03));
#1776 = DIRECTION('', (-1., -0., 0.));
#1777 = AXIS2_PLACEMENT_3D('', #1775, #1776, $);
#1778 = PLANE('', #1777);
#1779 = CARTESIAN_POINT('', (24., -12., 37.03));
#1780 = DIRECTION('', (0., -1., 0.));
#1781 = AXIS2_PLACEMENT_3D('', #1779, #1780, $);
#1782 = PLANE('', #1781);
#1783 = CARTESIAN_POINT('', (24., 0., 37.));
#1784 = DIRECTION('', (0., -0., 1.));
#1785 = AXIS2_PLACEMENT_3D('', #1783, #1784, $);
#1786 = PLANE('', #1785);
#1787 = CARTESIAN_POINT('', (24., 0., 37.06));
#1788 = DIRECTION('', (0., -0., 1.));
#1789 = AXIS2_PLACEMENT_3D('', #1787, #1788, $);
#1790 = PLANE('', #1789);
#1791 = CARTESIAN_POINT('', (0.75, 13.5, 17.));
#1792 = DIRECTION('', (-0., 0.99612985, 0.08789381));
#1793 = AXIS2_PLACEMENT_3D('', #1791, #1792, $);
#1794 = PLANE('', #1793);
#1795 = CARTESIAN_POINT('', (0.75, -0., 34.));
#1796 = DIRECTION('', (-0., -0., 1.));
#1797 = AXIS2_PLACEMENT_3D('', #1795, #1796, $);
#1798 = PLANE('', #1797);
#1799 = CARTESIAN_POINT('', (0.75, -13.5, 17.));
#1800 = DIRECTION('', (0., -0.99612985, 0.08789381));
#1801 = AXIS2_PLACEMENT_3D('', #1799, #1800, $);
#1802 = PLANE('', #1801);
#1803 = CARTESIAN_POINT('', (0.75, 0., 0.));
#1804 = DIRECTION('', (0., -0., -1.));
#1805 = AXIS2_PLACEMENT_3D('', #1803, #1804, $);
#1806 = PLANE('', #1805);
#1807 = CARTESIAN_POINT('', (0., 0., 17.));
#1808 = DIRECTION('', (1., -0., 0.));
#1809 = AXIS2_PLACEMENT_3D('', #1807, #1808, $);
#1810 = PLANE('', #1809);
#1811 = CARTESIAN_POINT('', (1.5, 0., 17.));
#1812 = DIRECTION('', (1., -0., 0.));
#1813 = AXIS2_PLACEMENT_3D('', #1811, #1812, $);
#1814 = PLANE('', #1813);
#1815 = CARTESIAN_POINT('', (48., 0., 36.25));
#1816 = DIRECTION('', (1., -0., 0.));
#1817 = AXIS2_PLACEMENT_3D('', #1815, #1816, $);
#1818 = PLANE('', #1817);
#1819 = CARTESIAN_POINT('', (24., 12., 36.25));
#1820 = DIRECTION('', (0., 1., -0.));
#1821 = AXIS2_PLACEMENT_3D('', #1819, #1820, $);
#1822 = PLANE('', #1821);
#1823 = CARTESIAN_POINT('', (0., -0., 36.25));
#1824 = DIRECTION('', (-1., -0., 0.));
#1825 = AXIS2_PLACEMENT_3D('', #1823, #1824, $);
#1826 = PLANE('', #1825);
#1827 = CARTESIAN_POINT('', (24., -12., 36.25));
#1828 = DIRECTION('', (0., -1., 0.));
#1829 = AXIS2_PLACEMENT_3D('', #1827, #1828, $);
#1830 = PLANE('', #1829);
#1831 = CARTESIAN_POINT('', (24., 0., 35.5));
#1832 = DIRECTION('', (0., -0., 1.));
#1833 = AXIS2_PLACEMENT_3D('', #1831, #1832, $);
#1834 = PLANE('', #1833);
#1835 = CARTESIAN_POINT('', (24., 0., 37.));
#1836 = DIRECTION('', (0., -0., 1.));
#1837 = AXIS2_PLACEMENT_3D('', #1835, #1836, $);
#1838 = PLANE('', #1837);
#1839 = CARTESIAN_POINT('', (0., 0., 0.));
#1840 = DIRECTION('', (1., -0., 0.));
#1841 = DIRECTION('', (0., 1., -0.));
#1842 = AXIS2_PLACEMENT_3D('', #1839, #1840, #1841);
#1843 = CYLINDRICAL_SURFACE('', #1842, 0.5);
#1844 = CARTESIAN_POINT('', (-0.5, 0., 0.));
#1845 = DIRECTION('', (1., -0., 0.));
#1846 = AXIS2_PLACEMENT_3D('', #1844, #1845, $);
#1847 = PLANE('', #1846);
#1848 = CARTESIAN_POINT('', (0.5, 0., 0.));
#1849 = DIRECTION('', (1., -0., 0.));
#1850 = AXIS2_PLACEMENT_3D('', #1848, #1849, $);
#1851 = PLANE('', #1850);
#1852 = CARTESIAN_POINT('', (0.5, 0., 0.));
#1853 = DIRECTION('', (1., -0., 0.));
#1854 = AXIS2_PLACEMENT_3D('', #1852, #1853, $);
#1855 = PLANE('', #1854);
#1856 = CARTESIAN_POINT('', (0., 0.5, 0.));
#1857 = DIRECTION('', (0., 1., -0.));
#1858 = AXIS2_PLACEMENT_3D('', #1856, #1857, $);
#1859 = PLANE('', #1858);
#1860 = CARTESIAN_POINT('', (-0.5, -0., 0.));
#1861 = DIRECTION('', (-1., -0., 0.));
#1862 = AXIS2_PLACEMENT_3D('', #1860, #1861, $);
#1863 = PLANE('', #1862);
#1864 = CARTESIAN_POINT('', (0., -0.5, 0.));
#1865 = DIRECTION('', (0., -1., 0.));
#1866 = AXIS2_PLACEMENT_3D('', #1864, #1865, $);
#1867 = PLANE('', #1866);
#1868 = CARTESIAN_POINT('', (0., 0., -0.5));
#1869 = DIRECTION('', (0., -0., 1.));
#1870 = AXIS2_PLACEMENT_3D('', #1868, #1869, $);
#1871 = PLANE('', #1870);
#1872 = CARTESIAN_POINT('', (0., 0., 0.5));
#1873 = DIRECTION('', (0., -0., 1.));
#1874 = AXIS2_PLACEMENT_3D('', #1872, #1873, $);
#1875 = PLANE('', #1874);
#1876 = ORIENTED_EDGE('', *, *, #1196, .T.);
#1877 = ORIENTED_EDGE('', *, *, #1197, .T.);
#1878 = ORIENTED_EDGE('', *, *, #1198, .F.);
#1879 = ORIENTED_EDGE('', *, *, #1199, .F.);
#1880 = EDGE_LOOP('', (#1876, #1877, #1878, #1879));
#1881 = FACE_BOUND('', #1880, .T.);
#1882 = ADVANCED_FACE('', (#1881), #1421, .T.);
#1883 = ORIENTED_EDGE('', *, *, #1200, .T.);
#1884 = ORIENTED_EDGE('', *, *, #1201, .T.);
#1885 = ORIENTED_EDGE('', *, *, #1202, .F.);
#1886 = ORIENTED_EDGE('', *, *, #1197, .F.);
#1887 = EDGE_LOOP('', (#1883, #1884, #1885, #1886));
#1888 = FACE_BOUND('', #1887, .T.);
#1889 = ADVANCED_FACE('', (#1888), #1425, .T.);
#1890 = ORIENTED_EDGE('', *, *, #1203, .T.);
#1891 = ORIENTED_EDGE('', *, *, #1204, .T.);
#1892 = ORIENTED_EDGE('', *, *, #1205, .F.);
#1893 = ORIENTED_EDGE('', *, *, #1201, .F.);
#1894 = EDGE_LOOP('', (#1890, #1891, #1892, #1893));
#1895 = FACE_BOUND('', #1894, .T.);
#1896 = ADVANCED_FACE('', (#1895), #1429, .T.);
#1897 = ORIENTED_EDGE('', *, *, #1206, .T.);
#1898 = ORIENTED_EDGE('', *, *, #1199, .T.);
#1899 = ORIENTED_EDGE('', *, *, #1207, .F.);
#1900 = ORIENTED_EDGE('', *, *, #1204, .F.);
#1901 = EDGE_LOOP('', (#1897, #1898, #1899, #1900));
#1902 = FACE_BOUND('', #1901, .T.);
#1903 = ADVANCED_FACE('', (#1902), #1433, .T.);
#1904 = ORIENTED_EDGE('', *, *, #1206, .F.);
#1905 = ORIENTED_EDGE('', *, *, #1203, .F.);
#1906 = ORIENTED_EDGE('', *, *, #1200, .F.);
#1907 = ORIENTED_EDGE('', *, *, #1196, .F.);
#1908 = EDGE_LOOP('', (#1904, #1905, #1906, #1907));
#1909 = FACE_BOUND('', #1908, .T.);
#1910 = ADVANCED_FACE('', (#1909), #1437, .F.);
#1911 = ORIENTED_EDGE('', *, *, #1198, .T.);
#1912 = ORIENTED_EDGE('', *, *, #1202, .T.);
#1913 = ORIENTED_EDGE('', *, *, #1205, .T.);
#1914 = ORIENTED_EDGE('', *, *, #1207, .T.);
#1915 = EDGE_LOOP('', (#1911, #1912, #1913, #1914));
#1916 = FACE_BOUND('', #1915, .T.);
#1917 = ADVANCED_FACE('', (#1916), #1441, .T.);
#1918 = ORIENTED_EDGE('', *, *, #1208, .T.);
#1919 = ORIENTED_EDGE('', *, *, #1209, .T.);
#1920 = ORIENTED_EDGE('', *, *, #1210, .F.);
#1921 = ORIENTED_EDGE('', *, *, #1211, .F.);
#1922 = EDGE_LOOP('', (#1918, #1919, #1920, #1921));
#1923 = FACE_BOUND('', #1922, .T.);
#1924 = ADVANCED_FACE('', (#1923), #1445, .T.);
#1925 = ORIENTED_EDGE('', *, *, #1212, .T.);
#1926 = ORIENTED_EDGE('', *, *, #1213, .T.);
#1927 = ORIENTED_EDGE('', *, *, #1214, .F.);
#1928 = ORIENTED_EDGE('', *, *, #1209, .F.);
#1929 = EDGE_LOOP('', (#1925, #1926, #1927, #1928));
#1930 = FACE_BOUND('', #1929, .T.);
#1931 = ADVANCED_FACE('', (#1930), #1449, .T.);
#1932 = ORIENTED_EDGE('', *, *, #1215, .T.);
#1933 = ORIENTED_EDGE('', *, *, #1216, .T.);
#1934 = ORIENTED_EDGE('', *, *, #1217, .F.);
#1935 = ORIENTED_EDGE('', *, *, #1213, .F.);
#1936 = EDGE_LOOP('', (#1932, #1933, #1934, #1935));
#1937 = FACE_BOUND('', #1936, .T.);
#1938 = ADVANCED_FACE('', (#1937), #1453, .T.);
#1939 = ORIENTED_EDGE('', *, *, #1218, .T.);
#1940 = ORIENTED_EDGE('', *, *, #1211, .T.);
#1941 = ORIENTED_EDGE('', *, *, #1219, .F.);
#1942 = ORIENTED_EDGE('', *, *, #1216, .F.);
#1943 = EDGE_LOOP('', (#1939, #1940, #1941, #1942));
#1944 = FACE_BOUND('', #1943, .T.);
#1945 = ADVANCED_FACE('', (#1944), #1457, .T.);
#1946 = ORIENTED_EDGE('', *, *, #1218, .F.);
#1947 = ORIENTED_EDGE('', *, *, #1215, .F.);
#1948 = ORIENTED_EDGE('', *, *, #1212, .F.);
#1949 = ORIENTED_EDGE('', *, *, #1208, .F.);
#1950 = EDGE_LOOP('', (#1946, #1947, #1948, #1949));
#1951 = FACE_BOUND('', #1950, .T.);
#1952 = ADVANCED_FACE('', (#1951), #1461, .F.);
#1953 = ORIENTED_EDGE('', *, *, #1210, .T.);
#1954 = ORIENTED_EDGE('', *, *, #1214, .T.);
#1955 = ORIENTED_EDGE('', *, *, #1217, .T.);
#1956 = ORIENTED_EDGE('', *, *, #1219, .T.);
#1957 = EDGE_LOOP('', (#1953, #1954, #1955, #1956));
#1958 = FACE_BOUND('', #1957, .T.);
#1959 = ADVANCED_FACE('', (#1958), #1465, .T.);
#1960 = ORIENTED_EDGE('', *, *, #1220, .T.);
#1961 = ORIENTED_EDGE('', *, *, #1221, .T.);
#1962 = ORIENTED_EDGE('', *, *, #1222, .F.);
#1963 = ORIENTED_EDGE('', *, *, #1223, .F.);
#1964 = EDGE_LOOP('', (#1960, #1961, #1962, #1963));
#1965 = FACE_BOUND('', #1964, .T.);
#1966 = ADVANCED_FACE('', (#1965), #1469, .T.);
#1967 = ORIENTED_EDGE('', *, *, #1224, .T.);
#1968 = ORIENTED_EDGE('', *, *, #1225, .T.);
#1969 = ORIENTED_EDGE('', *, *, #1226, .F.);
#1970 = ORIENTED_EDGE('', *, *, #1221, .F.);
#1971 = EDGE_LOOP('', (#1967, #1968, #1969, #1970));
#1972 = FACE_BOUND('', #1971, .T.);
#1973 = ADVANCED_FACE('', (#1972), #1473, .T.);
#1974 = ORIENTED_EDGE('', *, *, #1227, .T.);
#1975 = ORIENTED_EDGE('', *, *, #1228, .T.);
#1976 = ORIENTED_EDGE('', *, *, #1229, .F.);
#1977 = ORIENTED_EDGE('', *, *, #1225, .F.);
#1978 = EDGE_LOOP('', (#1974, #1975, #1976, #1977));
#1979 = FACE_BOUND('', #1978, .T.);
#1980 = ADVANCED_FACE('', (#1979), #1477, .T.);
#1981 = ORIENTED_EDGE('', *, *, #1230, .T.);
#1982 = ORIENTED_EDGE('', *, *, #1223, .T.);
#1983 = ORIENTED_EDGE('', *, *, #1231, .F.);
#1984 = ORIENTED_EDGE('', *, *, #1228, .F.);
#1985 = EDGE_LOOP('', (#1981, #1982, #1983, #1984));
#1986 = FACE_BOUND('', #1985, .T.);
#1987 = ADVANCED_FACE('', (#1986), #1481, .T.);
#1988 = ORIENTED_EDGE('', *, *, #1230, .F.);
#1989 = ORIENTED_EDGE('', *, *, #1227, .F.);
#1990 = ORIENTED_EDGE('', *, *, #1224, .F.);
#1991 = ORIENTED_EDGE('', *, *, #1220, .F.);
#1992 = EDGE_LOOP('', (#1988, #1989, #1990, #1991));
#1993 = FACE_BOUND('', #1992, .T.);
#1994 = ADVANCED_FACE('', (#1993), #1485, .F.);
#1995 = ORIENTED_EDGE('', *, *, #1222, .T.);
#1996 = ORIENTED_EDGE('', *, *, #1226, .T.);
#1997 = ORIENTED_EDGE('', *, *, #1229, .T.);
#1998 = ORIENTED_EDGE('', *, *, #1231, .T.);
#1999 = EDGE_LOOP('', (#1995, #1996, #1997, #1998));
#2000 = FACE_BOUND('', #1999, .T.);
#2001 = ADVANCED_FACE('', (#2000), #1489, .T.);
#2002 = ORIENTED_EDGE('', *, *, #1232, .T.);
#2003 = ORIENTED_EDGE('', *, *, #1233, .T.);
#2004 = ORIENTED_EDGE('', *, *, #1234, .F.);
#2005 = ORIENTED_EDGE('', *, *, #1235, .F.);
#2006 = EDGE_LOOP('', (#2002, #2003, #2004, #2005));
#2007 = FACE_BOUND('', #2006, .T.);
#2008 = ADVANCED_FACE('', (#2007), #1493, .T.);
#2009 = ORIENTED_EDGE('', *, *, #1236, .T.);
#2010 = ORIENTED_EDGE('', *, *, #1237, .T.);
#2011 = ORIENTED_EDGE('', *, *, #1238, .F.);
#2012 = ORIENTED_EDGE('', *, *, #1233, .F.);
#2013 = EDGE_LOOP('', (#2009, #2010, #2011, #2012));
#2014 = FACE_BOUND('', #2013, .T.);
#2015 = ADVANCED_FACE('', (#2014), #1497, .T.);
#2016 = ORIENTED_EDGE('', *, *, #1239, .T.);
#2017 = ORIENTED_EDGE('', *, *, #1240, .T.);
#2018 = ORIENTED_EDGE('', *, *, #1241, .F.);
#2019 = ORIENTED_EDGE('', *, *, #1237, .F.);
#2020 = EDGE_LOOP('', (#2016, #2017, #2018, #2019));
#2021 = FACE_BOUND('', #2020, .T.);
#2022 = ADVANCED_FACE('', (#2021), #1501, .T.);
#2023 = ORIENTED_EDGE('', *, *, #1242, .T.);
#2024 = ORIENTED_EDGE('', *, *, #1235, .T.);
#2025 = ORIENTED_EDGE('', *, *, #1243, .F.);
#2026 = ORIENTED_EDGE('', *, *, #1240, .F.);
#2027 = EDGE_LOOP('', (#2023, #2024, #2025, #2026));
#2028 = FACE_BOUND('', #2027, .T.);
#2029 = ADVANCED_FACE('', (#2028), #1505, .T.);
#2030 = ORIENTED_EDGE('', *, *, #1242, .F.);
#2031 = ORIENTED_EDGE('', *, *, #1239, .F.);
#2032 = ORIENTED_EDGE('', *, *, #1236, .F.);
#2033 = ORIENTED_EDGE('', *, *, #1232, .F.);
#2034 = EDGE_LOOP('', (#2030, #2031, #2032, #2033));
#2035 = FACE_BOUND('', #2034, .T.);
#2036 = ADVANCED_FACE('', (#2035), #1509, .F.);
#2037 = ORIENTED_EDGE('', *, *, #1234, .T.);
#2038 = ORIENTED_EDGE('', *, *, #1238, .T.);
#2039 = ORIENTED_EDGE('', *, *, #1241, .T.);
#2040 = ORIENTED_EDGE('', *, *, #1243, .T.);
#2041 = EDGE_LOOP('', (#2037, #2038, #2039, #2040));
#2042 = FACE_BOUND('', #2041, .T.);
#2043 = ADVANCED_FACE('', (#2042), #1513, .T.);
#2044 = ORIENTED_EDGE('', *, *, #1244, .T.);
#2045 = ORIENTED_EDGE('', *, *, #1245, .T.);
#2046 = ORIENTED_EDGE('', *, *, #1246, .F.);
#2047 = ORIENTED_EDGE('', *, *, #1247, .F.);
#2048 = EDGE_LOOP('', (#2044, #2045, #2046, #2047));
#2049 = FACE_BOUND('', #2048, .T.);
#2050 = ADVANCED_FACE('', (#2049), #1517, .T.);
#2051 = ORIENTED_EDGE('', *, *, #1248, .T.);
#2052 = ORIENTED_EDGE('', *, *, #1249, .T.);
#2053 = ORIENTED_EDGE('', *, *, #1250, .F.);
#2054 = ORIENTED_EDGE('', *, *, #1245, .F.);
#2055 = EDGE_LOOP('', (#2051, #2052, #2053, #2054));
#2056 = FACE_BOUND('', #2055, .T.);
#2057 = ADVANCED_FACE('', (#2056), #1521, .T.);
#2058 = ORIENTED_EDGE('', *, *, #1251, .T.);
#2059 = ORIENTED_EDGE('', *, *, #1252, .T.);
#2060 = ORIENTED_EDGE('', *, *, #1253, .F.);
#2061 = ORIENTED_EDGE('', *, *, #1249, .F.);
#2062 = EDGE_LOOP('', (#2058, #2059, #2060, #2061));
#2063 = FACE_BOUND('', #2062, .T.);
#2064 = ADVANCED_FACE('', (#2063), #1525, .T.);
#2065 = ORIENTED_EDGE('', *, *, #1254, .T.);
#2066 = ORIENTED_EDGE('', *, *, #1247, .T.);
#2067 = ORIENTED_EDGE('', *, *, #1255, .F.);
#2068 = ORIENTED_EDGE('', *, *, #1252, .F.);
#2069 = EDGE_LOOP('', (#2065, #2066, #2067, #2068));
#2070 = FACE_BOUND('', #2069, .T.);
#2071 = ADVANCED_FACE('', (#2070), #1529, .T.);
#2072 = ORIENTED_EDGE('', *, *, #1254, .F.);
#2073 = ORIENTED_EDGE('', *, *, #1251, .F.);
#2074 = ORIENTED_EDGE('', *, *, #1248, .F.);
#2075 = ORIENTED_EDGE('', *, *, #1244, .F.);
#2076 = EDGE_LOOP('', (#2072, #2073, #2074, #2075));
#2077 = FACE_BOUND('', #2076, .T.);
#2078 = ADVANCED_FACE('', (#2077), #1533, .F.);
#2079 = ORIENTED_EDGE('', *, *, #1246, .T.);
#2080 = ORIENTED_EDGE('', *, *, #1250, .T.);
#2081 = ORIENTED_EDGE('', *, *, #1253, .T.);
#2082 = ORIENTED_EDGE('', *, *, #1255, .T.);
#2083 = EDGE_LOOP('', (#2079, #2080, #2081, #2082));
#2084 = FACE_BOUND('', #2083, .T.);
#2085 = ADVANCED_FACE('', (#2084), #1537, .T.);
#2086 = ORIENTED_EDGE('', *, *, #1256, .T.);
#2087 = ORIENTED_EDGE('', *, *, #1257, .T.);
#2088 = ORIENTED_EDGE('', *, *, #1258, .F.);
#2089 = ORIENTED_EDGE('', *, *, #1259, .F.);
#2090 = EDGE_LOOP('', (#2086, #2087, #2088, #2089));
#2091 = FACE_BOUND('', #2090, .T.);
#2092 = ADVANCED_FACE('', (#2091), #1541, .T.);
#2093 = ORIENTED_EDGE('', *, *, #1260, .T.);
#2094 = ORIENTED_EDGE('', *, *, #1261, .T.);
#2095 = ORIENTED_EDGE('', *, *, #1262, .F.);
#2096 = ORIENTED_EDGE('', *, *, #1257, .F.);
#2097 = EDGE_LOOP('', (#2093, #2094, #2095, #2096));
#2098 = FACE_BOUND('', #2097, .T.);
#2099 = ADVANCED_FACE('', (#2098), #1545, .T.);
#2100 = ORIENTED_EDGE('', *, *, #1263, .T.);
#2101 = ORIENTED_EDGE('', *, *, #1264, .T.);
#2102 = ORIENTED_EDGE('', *, *, #1265, .F.);
#2103 = ORIENTED_EDGE('', *, *, #1261, .F.);
#2104 = EDGE_LOOP('', (#2100, #2101, #2102, #2103));
#2105 = FACE_BOUND('', #2104, .T.);
#2106 = ADVANCED_FACE('', (#2105), #1549, .T.);
#2107 = ORIENTED_EDGE('', *, *, #1266, .T.);
#2108 = ORIENTED_EDGE('', *, *, #1259, .T.);
#2109 = ORIENTED_EDGE('', *, *, #1267, .F.);
#2110 = ORIENTED_EDGE('', *, *, #1264, .F.);
#2111 = EDGE_LOOP('', (#2107, #2108, #2109, #2110));
#2112 = FACE_BOUND('', #2111, .T.);
#2113 = ADVANCED_FACE('', (#2112), #1553, .T.);
#2114 = ORIENTED_EDGE('', *, *, #1266, .F.);
#2115 = ORIENTED_EDGE('', *, *, #1263, .F.);
#2116 = ORIENTED_EDGE('', *, *, #1260, .F.);
#2117 = ORIENTED_EDGE('', *, *, #1256, .F.);
#2118 = EDGE_LOOP('', (#2114, #2115, #2116, #2117));
#2119 = FACE_BOUND('', #2118, .T.);
#2120 = ADVANCED_FACE('', (#2119), #1557, .F.);
#2121 = ORIENTED_EDGE('', *, *, #1258, .T.);
#2122 = ORIENTED_EDGE('', *, *, #1262, .T.);
#2123 = ORIENTED_EDGE('', *, *, #1265, .T.);
#2124 = ORIENTED_EDGE('', *, *, #1267, .T.);
#2125 = EDGE_LOOP('', (#2121, #2122, #2123, #2124));
#2126 = FACE_BOUND('', #2125, .T.);
#2127 = ADVANCED_FACE('', (#2126), #1561, .T.);
#2128 = ORIENTED_EDGE('', *, *, #1268, .T.);
#2129 = ORIENTED_EDGE('', *, *, #1269, .T.);
#2130 = ORIENTED_EDGE('', *, *, #1270, .F.);
#2131 = ORIENTED_EDGE('', *, *, #1271, .F.);
#2132 = EDGE_LOOP('', (#2128, #2129, #2130, #2131));
#2133 = FACE_BOUND('', #2132, .T.);
#2134 = ADVANCED_FACE('', (#2133), #1565, .T.);
#2135 = ORIENTED_EDGE('', *, *, #1272, .T.);
#2136 = ORIENTED_EDGE('', *, *, #1273, .T.);
#2137 = ORIENTED_EDGE('', *, *, #1274, .F.);
#2138 = ORIENTED_EDGE('', *, *, #1269, .F.);
#2139 = EDGE_LOOP('', (#2135, #2136, #2137, #2138));
#2140 = FACE_BOUND('', #2139, .T.);
#2141 = ADVANCED_FACE('', (#2140), #1569, .T.);
#2142 = ORIENTED_EDGE('', *, *, #1275, .T.);
#2143 = ORIENTED_EDGE('', *, *, #1276, .T.);
#2144 = ORIENTED_EDGE('', *, *, #1277, .F.);
#2145 = ORIENTED_EDGE('', *, *, #1273, .F.);
#2146 = EDGE_LOOP('', (#2142, #2143, #2144, #2145));
#2147 = FACE_BOUND('', #2146, .T.);
#2148 = ADVANCED_FACE('', (#2147), #1573, .T.);
#2149 = ORIENTED_EDGE('', *, *, #1278, .T.);
#2150 = ORIENTED_EDGE('', *, *, #1271, .T.);
#2151 = ORIENTED_EDGE('', *, *, #1279, .F.);
#2152 = ORIENTED_EDGE('', *, *, #1276, .F.);
#2153 = EDGE_LOOP('', (#2149, #2150, #2151, #2152));
#2154 = FACE_BOUND('', #2153, .T.);
#2155 = ADVANCED_FACE('', (#2154), #1577, .T.);
#2156 = ORIENTED_EDGE('', *, *, #1278, .F.);
#2157 = ORIENTED_EDGE('', *, *, #1275, .F.);
#2158 = ORIENTED_EDGE('', *, *, #1272, .F.);
#2159 = ORIENTED_EDGE('', *, *, #1268, .F.);
#2160 = EDGE_LOOP('', (#2156, #2157, #2158, #2159));
#2161 = FACE_BOUND('', #2160, .T.);
#2162 = ADVANCED_FACE('', (#2161), #1581, .F.);
#2163 = ORIENTED_EDGE('', *, *, #1270, .T.);
#2164 = ORIENTED_EDGE('', *, *, #1274, .T.);
#2165 = ORIENTED_EDGE('', *, *, #1277, .T.);
#2166 = ORIENTED_EDGE('', *, *, #1279, .T.);
#2167 = EDGE_LOOP('', (#2163, #2164, #2165, #2166));
#2168 = FACE_BOUND('', #2167, .T.);
#2169 = ADVANCED_FACE('', (#2168), #1585, .T.);
#2170 = ORIENTED_EDGE('', *, *, #1280, .T.);
#2171 = ORIENTED_EDGE('', *, *, #1281, .T.);
#2172 = ORIENTED_EDGE('', *, *, #1282, .F.);
#2173 = ORIENTED_EDGE('', *, *, #1283, .F.);
#2174 = EDGE_LOOP('', (#2170, #2171, #2172, #2173));
#2175 = FACE_BOUND('', #2174, .T.);
#2176 = ADVANCED_FACE('', (#2175), #1589, .T.);
#2177 = ORIENTED_EDGE('', *, *, #1284, .T.);
#2178 = ORIENTED_EDGE('', *, *, #1285, .T.);
#2179 = ORIENTED_EDGE('', *, *, #1286, .F.);
#2180 = ORIENTED_EDGE('', *, *, #1281, .F.);
#2181 = EDGE_LOOP('', (#2177, #2178, #2179, #2180));
#2182 = FACE_BOUND('', #2181, .T.);
#2183 = ADVANCED_FACE('', (#2182), #1593, .T.);
#2184 = ORIENTED_EDGE('', *, *, #1287, .T.);
#2185 = ORIENTED_EDGE('', *, *, #1288, .T.);
#2186 = ORIENTED_EDGE('', *, *, #1289, .F.);
#2187 = ORIENTED_EDGE('', *, *, #1285, .F.);
#2188 = EDGE_LOOP('', (#2184, #2185, #2186, #2187));
#2189 = FACE_BOUND('', #2188, .T.);
#2190 = ADVANCED_FACE('', (#2189), #1597, .T.);
#2191 = ORIENTED_EDGE('', *, *, #1290, .T.);
#2192 = ORIENTED_EDGE('', *, *, #1283, .T.);
#2193 = ORIENTED_EDGE('', *, *, #1291, .F.);
#2194 = ORIENTED_EDGE('', *, *, #1288, .F.);
#2195 = EDGE_LOOP('', (#2191, #2192, #2193, #2194));
#2196 = FACE_BOUND('', #2195, .T.);
#2197 = ADVANCED_FACE('', (#2196), #1601, .T.);
#2198 = ORIENTED_EDGE('', *, *, #1290, .F.);
#2199 = ORIENTED_EDGE('', *, *, #1287, .F.);
#2200 = ORIENTED_EDGE('', *, *, #1284, .F.);
#2201 = ORIENTED_EDGE('', *, *, #1280, .F.);
#2202 = EDGE_LOOP('', (#2198, #2199, #2200, #2201));
#2203 = FACE_BOUND('', #2202, .T.);
#2204 = ADVANCED_FACE('', (#2203), #1605, .F.);
#2205 = ORIENTED_EDGE('', *, *, #1282, .T.);
#2206 = ORIENTED_EDGE('', *, *, #1286, .T.);
#2207 = ORIENTED_EDGE('', *, *, #1289, .T.);
#2208 = ORIENTED_EDGE('', *, *, #1291, .T.);
#2209 = EDGE_LOOP('', (#2205, #2206, #2207, #2208));
#2210 = FACE_BOUND('', #2209, .T.);
#2211 = ADVANCED_FACE('', (#2210), #1609, .T.);
#2212 = ORIENTED_EDGE('', *, *, #1292, .T.);
#2213 = ORIENTED_EDGE('', *, *, #1293, .T.);
#2214 = ORIENTED_EDGE('', *, *, #1294, .F.);
#2215 = ORIENTED_EDGE('', *, *, #1295, .F.);
#2216 = EDGE_LOOP('', (#2212, #2213, #2214, #2215));
#2217 = FACE_BOUND('', #2216, .T.);
#2218 = ADVANCED_FACE('', (#2217), #1613, .T.);
#2219 = ORIENTED_EDGE('', *, *, #1296, .T.);
#2220 = ORIENTED_EDGE('', *, *, #1297, .T.);
#2221 = ORIENTED_EDGE('', *, *, #1298, .F.);
#2222 = ORIENTED_EDGE('', *, *, #1293, .F.);
#2223 = EDGE_LOOP('', (#2219, #2220, #2221, #2222));
#2224 = FACE_BOUND('', #2223, .T.);
#2225 = ADVANCED_FACE('', (#2224), #1617, .T.);
#2226 = ORIENTED_EDGE('', *, *, #1299, .T.);
#2227 = ORIENTED_EDGE('', *, *, #1300, .T.);
#2228 = ORIENTED_EDGE('', *, *, #1301, .F.);
#2229 = ORIENTED_EDGE('', *, *, #1297, .F.);
#2230 = EDGE_LOOP('', (#2226, #2227, #2228, #2229));
#2231 = FACE_BOUND('', #2230, .T.);
#2232 = ADVANCED_FACE('', (#2231), #1621, .T.);
#2233 = ORIENTED_EDGE('', *, *, #1302, .T.);
#2234 = ORIENTED_EDGE('', *, *, #1295, .T.);
#2235 = ORIENTED_EDGE('', *, *, #1303, .F.);
#2236 = ORIENTED_EDGE('', *, *, #1300, .F.);
#2237 = EDGE_LOOP('', (#2233, #2234, #2235, #2236));
#2238 = FACE_BOUND('', #2237, .T.);
#2239 = ADVANCED_FACE('', (#2238), #1625, .T.);
#2240 = ORIENTED_EDGE('', *, *, #1302, .F.);
#2241 = ORIENTED_EDGE('', *, *, #1299, .F.);
#2242 = ORIENTED_EDGE('', *, *, #1296, .F.);
#2243 = ORIENTED_EDGE('', *, *, #1292, .F.);
#2244 = EDGE_LOOP('', (#2240, #2241, #2242, #2243));
#2245 = FACE_BOUND('', #2244, .T.);
#2246 = ADVANCED_FACE('', (#2245), #1629, .F.);
#2247 = ORIENTED_EDGE('', *, *, #1294, .T.);
#2248 = ORIENTED_EDGE('', *, *, #1298, .T.);
#2249 = ORIENTED_EDGE('', *, *, #1301, .T.);
#2250 = ORIENTED_EDGE('', *, *, #1303, .T.);
#2251 = EDGE_LOOP('', (#2247, #2248, #2249, #2250));
#2252 = FACE_BOUND('', #2251, .T.);
#2253 = ADVANCED_FACE('', (#2252), #1633, .T.);
#2254 = ORIENTED_EDGE('', *, *, #1304, .T.);
#2255 = ORIENTED_EDGE('', *, *, #1306, .F.);
#2256 = EDGE_LOOP('', (#2254));
#2257 = FACE_BOUND('', #2256, .T.);
#2258 = EDGE_LOOP('', (#2255));
#2259 = FACE_BOUND('', #2258, .T.);
#2260 = ADVANCED_FACE('', (#2257, #2259), #1638, .T.);
#2261 = ORIENTED_EDGE('', *, *, #1304, .F.);
#2262 = EDGE_LOOP('', (#2261));
#2263 = FACE_BOUND('', #2262, .T.);
#2264 = ADVANCED_FACE('', (#2263), #1642, .F.);
#2265 = ORIENTED_EDGE('', *, *, #1306, .T.);
#2266 = EDGE_LOOP('', (#2265));
#2267 = FACE_BOUND('', #2266, .T.);
#2268 = ADVANCED_FACE('', (#2267), #1646, .T.);
#2269 = ORIENTED_EDGE('', *, *, #1307, .T.);
#2270 = ORIENTED_EDGE('', *, *, #1308, .T.);
#2271 = ORIENTED_EDGE('', *, *, #1309, .F.);
#2272 = ORIENTED_EDGE('', *, *, #1310, .F.);
#2273 = EDGE_LOOP('', (#2269, #2270, #2271, #2272));
#2274 = FACE_BOUND('', #2273, .T.);
#2275 = ADVANCED_FACE('', (#2274), #1650, .T.);
#2276 = ORIENTED_EDGE('', *, *, #1311, .T.);
#2277 = ORIENTED_EDGE('', *, *, #1312, .T.);
#2278 = ORIENTED_EDGE('', *, *, #1313, .F.);
#2279 = ORIENTED_EDGE('', *, *, #1308, .F.);
#2280 = EDGE_LOOP('', (#2276, #2277, #2278, #2279));
#2281 = FACE_BOUND('', #2280, .T.);
#2282 = ADVANCED_FACE('', (#2281), #1654, .T.);
#2283 = ORIENTED_EDGE('', *, *, #1314, .T.);
#2284 = ORIENTED_EDGE('', *, *, #1315, .T.);
#2285 = ORIENTED_EDGE('', *, *, #1316, .F.);
#2286 = ORIENTED_EDGE('', *, *, #1312, .F.);
#2287 = EDGE_LOOP('', (#2283, #2284, #2285, #2286));
#2288 = FACE_BOUND('', #2287, .T.);
#2289 = ADVANCED_FACE('', (#2288), #1658, .T.);
#2290 = ORIENTED_EDGE('', *, *, #1317, .T.);
#2291 = ORIENTED_EDGE('', *, *, #1310, .T.);
#2292 = ORIENTED_EDGE('', *, *, #1318, .F.);
#2293 = ORIENTED_EDGE('', *, *, #1315, .F.);
#2294 = EDGE_LOOP('', (#2290, #2291, #2292, #2293));
#2295 = FACE_BOUND('', #2294, .T.);
#2296 = ADVANCED_FACE('', (#2295), #1662, .T.);
#2297 = ORIENTED_EDGE('', *, *, #1317, .F.);
#2298 = ORIENTED_EDGE('', *, *, #1314, .F.);
#2299 = ORIENTED_EDGE('', *, *, #1311, .F.);
#2300 = ORIENTED_EDGE('', *, *, #1307, .F.);
#2301 = EDGE_LOOP('', (#2297, #2298, #2299, #2300));
#2302 = FACE_BOUND('', #2301, .T.);
#2303 = ADVANCED_FACE('', (#2302), #1666, .F.);
#2304 = ORIENTED_EDGE('', *, *, #1309, .T.);
#2305 = ORIENTED_EDGE('', *, *, #1313, .T.);
#2306 = ORIENTED_EDGE('', *, *, #1316, .T.);
#2307 = ORIENTED_EDGE('', *, *, #1318, .T.);
#2308 = EDGE_LOOP('', (#2304, #2305, #2306, #2307));
#2309 = FACE_BOUND('', #2308, .T.);
#2310 = ADVANCED_FACE('', (#2309), #1670, .T.);
#2311 = ORIENTED_EDGE('', *, *, #1319, .T.);
#2312 = ORIENTED_EDGE('', *, *, #1320, .T.);
#2313 = ORIENTED_EDGE('', *, *, #1321, .F.);
#2314 = ORIENTED_EDGE('', *, *, #1322, .F.);
#2315 = EDGE_LOOP('', (#2311, #2312, #2313, #2314));
#2316 = FACE_BOUND('', #2315, .T.);
#2317 = ADVANCED_FACE('', (#2316), #1674, .T.);
#2318 = ORIENTED_EDGE('', *, *, #1323, .T.);
#2319 = ORIENTED_EDGE('', *, *, #1324, .T.);
#2320 = ORIENTED_EDGE('', *, *, #1325, .F.);
#2321 = ORIENTED_EDGE('', *, *, #1320, .F.);
#2322 = EDGE_LOOP('', (#2318, #2319, #2320, #2321));
#2323 = FACE_BOUND('', #2322, .T.);
#2324 = ADVANCED_FACE('', (#2323), #1678, .T.);
#2325 = ORIENTED_EDGE('', *, *, #1326, .T.);
#2326 = ORIENTED_EDGE('', *, *, #1327, .T.);
#2327 = ORIENTED_EDGE('', *, *, #1328, .F.);
#2328 = ORIENTED_EDGE('', *, *, #1324, .F.);
#2329 = EDGE_LOOP('', (#2325, #2326, #2327, #2328));
#2330 = FACE_BOUND('', #2329, .T.);
#2331 = ADVANCED_FACE('', (#2330), #1682, .T.);
#2332 = ORIENTED_EDGE('', *, *, #1329, .T.);
#2333 = ORIENTED_EDGE('', *, *, #1322, .T.);
#2334 = ORIENTED_EDGE('', *, *, #1330, .F.);
#2335 = ORIENTED_EDGE('', *, *, #1327, .F.);
#2336 = EDGE_LOOP('', (#2332, #2333, #2334, #2335));
#2337 = FACE_BOUND('', #2336, .T.);
#2338 = ADVANCED_FACE('', (#2337), #1686, .T.);
#2339 = ORIENTED_EDGE('', *, *, #1329, .F.);
#2340 = ORIENTED_EDGE('', *, *, #1326, .F.);
#2341 = ORIENTED_EDGE('', *, *, #1323, .F.);
#2342 = ORIENTED_EDGE('', *, *, #1319, .F.);
#2343 = EDGE_LOOP('', (#2339, #2340, #2341, #2342));
#2344 = FACE_BOUND('', #2343, .T.);
#2345 = ADVANCED_FACE('', (#2344), #1690, .F.);
#2346 = ORIENTED_EDGE('', *, *, #1321, .T.);
#2347 = ORIENTED_EDGE('', *, *, #1325, .T.);
#2348 = ORIENTED_EDGE('', *, *, #1328, .T.);
#2349 = ORIENTED_EDGE('', *, *, #1330, .T.);
#2350 = EDGE_LOOP('', (#2346, #2347, #2348, #2349));
#2351 = FACE_BOUND('', #2350, .T.);
#2352 = ADVANCED_FACE('', (#2351), #1694, .T.);
#2353 = ORIENTED_EDGE('', *, *, #1331, .T.);
#2354 = ORIENTED_EDGE('', *, *, #1332, .T.);
#2355 = ORIENTED_EDGE('', *, *, #1333, .F.);
#2356 = ORIENTED_EDGE('', *, *, #1334, .F.);
#2357 = EDGE_LOOP('', (#2353, #2354, #2355, #2356));
#2358 = FACE_BOUND('', #2357, .T.);
#2359 = ADVANCED_FACE('', (#2358), #1698, .T.);
#2360 = ORIENTED_EDGE('', *, *, #1335, .T.);
#2361 = ORIENTED_EDGE('', *, *, #1336, .T.);
#2362 = ORIENTED_EDGE('', *, *, #1337, .F.);
#2363 = ORIENTED_EDGE('', *, *, #1332, .F.);
#2364 = EDGE_LOOP('', (#2360, #2361, #2362, #2363));
#2365 = FACE_BOUND('', #2364, .T.);
#2366 = ADVANCED_FACE('', (#2365), #1702, .T.);
#2367 = ORIENTED_EDGE('', *, *, #1338, .T.);
#2368 = ORIENTED_EDGE('', *, *, #1339, .T.);
#2369 = ORIENTED_EDGE('', *, *, #1340, .F.);
#2370 = ORIENTED_EDGE('', *, *, #1336, .F.);
#2371 = EDGE_LOOP('', (#2367, #2368, #2369, #2370));
#2372 = FACE_BOUND('', #2371, .T.);
#2373 = ADVANCED_FACE('', (#2372), #1706, .T.);
#2374 = ORIENTED_EDGE('', *, *, #1341, .T.);
#2375 = ORIENTED_EDGE('', *, *, #1334, .T.);
#2376 = ORIENTED_EDGE('', *, *, #1342, .F.);
#2377 = ORIENTED_EDGE('', *, *, #1339, .F.);
#2378 = EDGE_LOOP('', (#2374, #2375, #2376, #2377));
#2379 = FACE_BOUND('', #2378, .T.);
#2380 = ADVANCED_FACE('', (#2379), #1710, .T.);
#2381 = ORIENTED_EDGE('', *, *, #1341, .F.);
#2382 = ORIENTED_EDGE('', *, *, #1338, .F.);
#2383 = ORIENTED_EDGE('', *, *, #1335, .F.);
#2384 = ORIENTED_EDGE('', *, *, #1331, .F.);
#2385 = EDGE_LOOP('', (#2381, #2382, #2383, #2384));
#2386 = FACE_BOUND('', #2385, .T.);
#2387 = ADVANCED_FACE('', (#2386), #1714, .F.);
#2388 = ORIENTED_EDGE('', *, *, #1333, .T.);
#2389 = ORIENTED_EDGE('', *, *, #1337, .T.);
#2390 = ORIENTED_EDGE('', *, *, #1340, .T.);
#2391 = ORIENTED_EDGE('', *, *, #1342, .T.);
#2392 = EDGE_LOOP('', (#2388, #2389, #2390, #2391));
#2393 = FACE_BOUND('', #2392, .T.);
#2394 = ADVANCED_FACE('', (#2393), #1718, .T.);
#2395 = ORIENTED_EDGE('', *, *, #1343, .T.);
#2396 = ORIENTED_EDGE('', *, *, #1344, .T.);
#2397 = ORIENTED_EDGE('', *, *, #1345, .F.);
#2398 = ORIENTED_EDGE('', *, *, #1346, .F.);
#2399 = EDGE_LOOP('', (#2395, #2396, #2397, #2398));
#2400 = FACE_BOUND('', #2399, .T.);
#2401 = ADVANCED_FACE('', (#2400), #1722, .T.);
#2402 = ORIENTED_EDGE('', *, *, #1347, .T.);
#2403 = ORIENTED_EDGE('', *, *, #1348, .T.);
#2404 = ORIENTED_EDGE('', *, *, #1349, .F.);
#2405 = ORIENTED_EDGE('', *, *, #1344, .F.);
#2406 = EDGE_LOOP('', (#2402, #2403, #2404, #2405));
#2407 = FACE_BOUND('', #2406, .T.);
#2408 = ADVANCED_FACE('', (#2407), #1726, .T.);
#2409 = ORIENTED_EDGE('', *, *, #1350, .T.);
#2410 = ORIENTED_EDGE('', *, *, #1351, .T.);
#2411 = ORIENTED_EDGE('', *, *, #1352, .F.);
#2412 = ORIENTED_EDGE('', *, *, #1348, .F.);
#2413 = EDGE_LOOP('', (#2409, #2410, #2411, #2412));
#2414 = FACE_BOUND('', #2413, .T.);
#2415 = ADVANCED_FACE('', (#2414), #1730, .T.);
#2416 = ORIENTED_EDGE('', *, *, #1353, .T.);
#2417 = ORIENTED_EDGE('', *, *, #1346, .T.);
#2418 = ORIENTED_EDGE('', *, *, #1354, .F.);
#2419 = ORIENTED_EDGE('', *, *, #1351, .F.);
#2420 = EDGE_LOOP('', (#2416, #2417, #2418, #2419));
#2421 = FACE_BOUND('', #2420, .T.);
#2422 = ADVANCED_FACE('', (#2421), #1734, .T.);
#2423 = ORIENTED_EDGE('', *, *, #1353, .F.);
#2424 = ORIENTED_EDGE('', *, *, #1350, .F.);
#2425 = ORIENTED_EDGE('', *, *, #1347, .F.);
#2426 = ORIENTED_EDGE('', *, *, #1343, .F.);
#2427 = EDGE_LOOP('', (#2423, #2424, #2425, #2426));
#2428 = FACE_BOUND('', #2427, .T.);
#2429 = ADVANCED_FACE('', (#2428), #1738, .F.);
#2430 = ORIENTED_EDGE('', *, *, #1345, .T.);
#2431 = ORIENTED_EDGE('', *, *, #1349, .T.);
#2432 = ORIENTED_EDGE('', *, *, #1352, .T.);
#2433 = ORIENTED_EDGE('', *, *, #1354, .T.);
#2434 = EDGE_LOOP('', (#2430, #2431, #2432, #2433));
#2435 = FACE_BOUND('', #2434, .T.);
#2436 = ADVANCED_FACE('', (#2435), #1742, .T.);
#2437 = ORIENTED_EDGE('', *, *, #1355, .T.);
#2438 = ORIENTED_EDGE('', *, *, #1356, .T.);
#2439 = ORIENTED_EDGE('', *, *, #1357, .F.);
#2440 = ORIENTED_EDGE('', *, *, #1358, .F.);
#2441 = EDGE_LOOP('', (#2437, #2438, #2439, #2440));
#2442 = FACE_BOUND('', #2441, .T.);
#2443 = ADVANCED_FACE('', (#2442), #1746, .T.);
#2444 = ORIENTED_EDGE('', *, *, #1359, .T.);
#2445 = ORIENTED_EDGE('', *, *, #1360, .T.);
#2446 = ORIENTED_EDGE('', *, *, #1361, .F.);
#2447 = ORIENTED_EDGE('', *, *, #1356, .F.);
#2448 = EDGE_LOOP('', (#2444, #2445, #2446, #2447));
#2449 = FACE_BOUND('', #2448, .T.);
#2450 = ADVANCED_FACE('', (#2449), #1750, .T.);
#2451 = ORIENTED_EDGE('', *, *, #1362, .T.);
#2452 = ORIENTED_EDGE('', *, *, #1363, .T.);
#2453 = ORIENTED_EDGE('', *, *, #1364, .F.);
#2454 = ORIENTED_EDGE('', *, *, #1360, .F.);
#2455 = EDGE_LOOP('', (#2451, #2452, #2453, #2454));
#2456 = FACE_BOUND('', #2455, .T.);
#2457 = ADVANCED_FACE('', (#2456), #1754, .T.);
#2458 = ORIENTED_EDGE('', *, *, #1365, .T.);
#2459 = ORIENTED_EDGE('', *, *, #1358, .T.);
#2460 = ORIENTED_EDGE('', *, *, #1366, .F.);
#2461 = ORIENTED_EDGE('', *, *, #1363, .F.);
#2462 = EDGE_LOOP('', (#2458, #2459, #2460, #2461));
#2463 = FACE_BOUND('', #2462, .T.);
#2464 = ADVANCED_FACE('', (#2463), #1758, .T.);
#2465 = ORIENTED_EDGE('', *, *, #1365, .F.);
#2466 = ORIENTED_EDGE('', *, *, #1362, .F.);
#2467 = ORIENTED_EDGE('', *, *, #1359, .F.);
#2468 = ORIENTED_EDGE('', *, *, #1355, .F.);
#2469 = EDGE_LOOP('', (#2465, #2466, #2467, #2468));
#2470 = FACE_BOUND('', #2469, .T.);
#2471 = ADVANCED_FACE('', (#2470), #1762, .F.);
#2472 = ORIENTED_EDGE('', *, *, #1357, .T.);
#2473 = ORIENTED_EDGE('', *, *, #1361, .T.);
#2474 = ORIENTED_EDGE('', *, *, #1364, .T.);
#2475 = ORIENTED_EDGE('', *, *, #1366, .T.);
#2476 = EDGE_LOOP('', (#2472, #2473, #2474, #2475));
#2477 = FACE_BOUND('', #2476, .T.);
#2478 = ADVANCED_FACE('', (#2477), #1766, .T.);
#2479 = ORIENTED_EDGE('', *, *, #1367, .T.);
#2480 = ORIENTED_EDGE('', *, *, #1368, .T.);
#2481 = ORIENTED_EDGE('', *, *, #1369, .F.);
#2482 = ORIENTED_EDGE('', *, *, #1370, .F.);
#2483 = EDGE_LOOP('', (#2479, #2480, #2481, #2482));
#2484 = FACE_BOUND('', #2483, .T.);
#2485 = ADVANCED_FACE('', (#2484), #1770, .T.);
#2486 = ORIENTED_EDGE('', *, *, #1371, .T.);
#2487 = ORIENTED_EDGE('', *, *, #1372, .T.);
#2488 = ORIENTED_EDGE('', *, *, #1373, .F.);
#2489 = ORIENTED_EDGE('', *, *, #1368, .F.);
#2490 = EDGE_LOOP('', (#2486, #2487, #2488, #2489));
#2491 = FACE_BOUND('', #2490, .T.);
#2492 = ADVANCED_FACE('', (#2491), #1774, .T.);
#2493 = ORIENTED_EDGE('', *, *, #1374, .T.);
#2494 = ORIENTED_EDGE('', *, *, #1375, .T.);
#2495 = ORIENTED_EDGE('', *, *, #1376, .F.);
#2496 = ORIENTED_EDGE('', *, *, #1372, .F.);
#2497 = EDGE_LOOP('', (#2493, #2494, #2495, #2496));
#2498 = FACE_BOUND('', #2497, .T.);
#2499 = ADVANCED_FACE('', (#2498), #1778, .T.);
#2500 = ORIENTED_EDGE('', *, *, #1377, .T.);
#2501 = ORIENTED_EDGE('', *, *, #1370, .T.);
#2502 = ORIENTED_EDGE('', *, *, #1378, .F.);
#2503 = ORIENTED_EDGE('', *, *, #1375, .F.);
#2504 = EDGE_LOOP('', (#2500, #2501, #2502, #2503));
#2505 = FACE_BOUND('', #2504, .T.);
#2506 = ADVANCED_FACE('', (#2505), #1782, .T.);
#2507 = ORIENTED_EDGE('', *, *, #1377, .F.);
#2508 = ORIENTED_EDGE('', *, *, #1374, .F.);
#2509 = ORIENTED_EDGE('', *, *, #1371, .F.);
#2510 = ORIENTED_EDGE('', *, *, #1367, .F.);
#2511 = EDGE_LOOP('', (#2507, #2508, #2509, #2510));
#2512 = FACE_BOUND('', #2511, .T.);
#2513 = ADVANCED_FACE('', (#2512), #1786, .F.);
#2514 = ORIENTED_EDGE('', *, *, #1369, .T.);
#2515 = ORIENTED_EDGE('', *, *, #1373, .T.);
#2516 = ORIENTED_EDGE('', *, *, #1376, .T.);
#2517 = ORIENTED_EDGE('', *, *, #1378, .T.);
#2518 = EDGE_LOOP('', (#2514, #2515, #2516, #2517));
#2519 = FACE_BOUND('', #2518, .T.);
#2520 = ADVANCED_FACE('', (#2519), #1790, .T.);
#2521 = ORIENTED_EDGE('', *, *, #1379, .T.);
#2522 = ORIENTED_EDGE('', *, *, #1380, .T.);
#2523 = ORIENTED_EDGE('', *, *, #1381, .F.);
#2524 = ORIENTED_EDGE('', *, *, #1382, .F.);
#2525 = EDGE_LOOP('', (#2521, #2522, #2523, #2524));
#2526 = FACE_BOUND('', #2525, .T.);
#2527 = ADVANCED_FACE('', (#2526), #1794, .T.);
#2528 = ORIENTED_EDGE('', *, *, #1383, .T.);
#2529 = ORIENTED_EDGE('', *, *, #1384, .T.);
#2530 = ORIENTED_EDGE('', *, *, #1385, .F.);
#2531 = ORIENTED_EDGE('', *, *, #1380, .F.);
#2532 = EDGE_LOOP('', (#2528, #2529, #2530, #2531));
#2533 = FACE_BOUND('', #2532, .T.);
#2534 = ADVANCED_FACE('', (#2533), #1798, .T.);
#2535 = ORIENTED_EDGE('', *, *, #1386, .T.);
#2536 = ORIENTED_EDGE('', *, *, #1387, .T.);
#2537 = ORIENTED_EDGE('', *, *, #1388, .F.);
#2538 = ORIENTED_EDGE('', *, *, #1384, .F.);
#2539 = EDGE_LOOP('', (#2535, #2536, #2537, #2538));
#2540 = FACE_BOUND('', #2539, .T.);
#2541 = ADVANCED_FACE('', (#2540), #1802, .T.);
#2542 = ORIENTED_EDGE('', *, *, #1389, .T.);
#2543 = ORIENTED_EDGE('', *, *, #1382, .T.);
#2544 = ORIENTED_EDGE('', *, *, #1390, .F.);
#2545 = ORIENTED_EDGE('', *, *, #1387, .F.);
#2546 = EDGE_LOOP('', (#2542, #2543, #2544, #2545));
#2547 = FACE_BOUND('', #2546, .T.);
#2548 = ADVANCED_FACE('', (#2547), #1806, .T.);
#2549 = ORIENTED_EDGE('', *, *, #1389, .F.);
#2550 = ORIENTED_EDGE('', *, *, #1386, .F.);
#2551 = ORIENTED_EDGE('', *, *, #1383, .F.);
#2552 = ORIENTED_EDGE('', *, *, #1379, .F.);
#2553 = EDGE_LOOP('', (#2549, #2550, #2551, #2552));
#2554 = FACE_BOUND('', #2553, .T.);
#2555 = ADVANCED_FACE('', (#2554), #1810, .F.);
#2556 = ORIENTED_EDGE('', *, *, #1381, .T.);
#2557 = ORIENTED_EDGE('', *, *, #1385, .T.);
#2558 = ORIENTED_EDGE('', *, *, #1388, .T.);
#2559 = ORIENTED_EDGE('', *, *, #1390, .T.);
#2560 = EDGE_LOOP('', (#2556, #2557, #2558, #2559));
#2561 = FACE_BOUND('', #2560, .T.);
#2562 = ADVANCED_FACE('', (#2561), #1814, .T.);
#2563 = ORIENTED_EDGE('', *, *, #1391, .T.);
#2564 = ORIENTED_EDGE('', *, *, #1392, .T.);
#2565 = ORIENTED_EDGE('', *, *, #1393, .F.);
#2566 = ORIENTED_EDGE('', *, *, #1394, .F.);
#2567 = EDGE_LOOP('', (#2563, #2564, #2565, #2566));
#2568 = FACE_BOUND('', #2567, .T.);
#2569 = ADVANCED_FACE('', (#2568), #1818, .T.);
#2570 = ORIENTED_EDGE('', *, *, #1395, .T.);
#2571 = ORIENTED_EDGE('', *, *, #1396, .T.);
#2572 = ORIENTED_EDGE('', *, *, #1397, .F.);
#2573 = ORIENTED_EDGE('', *, *, #1392, .F.);
#2574 = EDGE_LOOP('', (#2570, #2571, #2572, #2573));
#2575 = FACE_BOUND('', #2574, .T.);
#2576 = ADVANCED_FACE('', (#2575), #1822, .T.);
#2577 = ORIENTED_EDGE('', *, *, #1398, .T.);
#2578 = ORIENTED_EDGE('', *, *, #1399, .T.);
#2579 = ORIENTED_EDGE('', *, *, #1400, .F.);
#2580 = ORIENTED_EDGE('', *, *, #1396, .F.);
#2581 = EDGE_LOOP('', (#2577, #2578, #2579, #2580));
#2582 = FACE_BOUND('', #2581, .T.);
#2583 = ADVANCED_FACE('', (#2582), #1826, .T.);
#2584 = ORIENTED_EDGE('', *, *, #1401, .T.);
#2585 = ORIENTED_EDGE('', *, *, #1394, .T.);
#2586 = ORIENTED_EDGE('', *, *, #1402, .F.);
#2587 = ORIENTED_EDGE('', *, *, #1399, .F.);
#2588 = EDGE_LOOP('', (#2584, #2585, #2586, #2587));
#2589 = FACE_BOUND('', #2588, .T.);
#2590 = ADVANCED_FACE('', (#2589), #1830, .T.);
#2591 = ORIENTED_EDGE('', *, *, #1401, .F.);
#2592 = ORIENTED_EDGE('', *, *, #1398, .F.);
#2593 = ORIENTED_EDGE('', *, *, #1395, .F.);
#2594 = ORIENTED_EDGE('', *, *, #1391, .F.);
#2595 = EDGE_LOOP('', (#2591, #2592, #2593, #2594));
#2596 = FACE_BOUND('', #2595, .T.);
#2597 = ADVANCED_FACE('', (#2596), #1834, .F.);
#2598 = ORIENTED_EDGE('', *, *, #1393, .T.);
#2599 = ORIENTED_EDGE('', *, *, #1397, .T.);
#2600 = ORIENTED_EDGE('', *, *, #1400, .T.);
#2601 = ORIENTED_EDGE('', *, *, #1402, .T.);
#2602 = EDGE_LOOP('', (#2598, #2599, #2600, #2601));
#2603 = FACE_BOUND('', #2602, .T.);
#2604 = ADVANCED_FACE('', (#2603), #1838, .T.);
#2605 = ORIENTED_EDGE('', *, *, #1403, .T.);
#2606 = ORIENTED_EDGE('', *, *, #1405, .F.);
#2607 = EDGE_LOOP('', (#2605));
#2608 = FACE_BOUND('', #2607, .T.);
#2609 = EDGE_LOOP('', (#2606));
#2610 = FACE_BOUND('', #2609, .T.);
#2611 = ADVANCED_FACE('', (#2608, #2610), #1843, .T.);
#2612 = ORIENTED_EDGE('', *, *, #1403, .F.);
#2613 = EDGE_LOOP('', (#2612));
#2614 = FACE_BOUND('', #2613, .T.);
#2615 = ADVANCED_FACE('', (#2614), #1847, .F.);
#2616 = ORIENTED_EDGE('', *, *, #1405, .T.);
#2617 = EDGE_LOOP('', (#2616));
#2618 = FACE_BOUND('', #2617, .T.);
#2619 = ADVANCED_FACE('', (#2618), #1851, .T.);
#2620 = ORIENTED_EDGE('', *, *, #1406, .T.);
#2621 = ORIENTED_EDGE('', *, *, #1407, .T.);
#2622 = ORIENTED_EDGE('', *, *, #1408, .F.);
#2623 = ORIENTED_EDGE('', *, *, #1409, .F.);
#2624 = EDGE_LOOP('', (#2620, #2621, #2622, #2623));
#2625 = FACE_BOUND('', #2624, .T.);
#2626 = ADVANCED_FACE('', (#2625), #1855, .T.);
#2627 = ORIENTED_EDGE('', *, *, #1410, .T.);
#2628 = ORIENTED_EDGE('', *, *, #1411, .T.);
#2629 = ORIENTED_EDGE('', *, *, #1412, .F.);
#2630 = ORIENTED_EDGE('', *, *, #1407, .F.);
#2631 = EDGE_LOOP('', (#2627, #2628, #2629, #2630));
#2632 = FACE_BOUND('', #2631, .T.);
#2633 = ADVANCED_FACE('', (#2632), #1859, .T.);
#2634 = ORIENTED_EDGE('', *, *, #1413, .T.);
#2635 = ORIENTED_EDGE('', *, *, #1414, .T.);
#2636 = ORIENTED_EDGE('', *, *, #1415, .F.);
#2637 = ORIENTED_EDGE('', *, *, #1411, .F.);
#2638 = EDGE_LOOP('', (#2634, #2635, #2636, #2637));
#2639 = FACE_BOUND('', #2638, .T.);
#2640 = ADVANCED_FACE('', (#2639), #1863, .T.);
#2641 = ORIENTED_EDGE('', *, *, #1416, .T.);
#2642 = ORIENTED_EDGE('', *, *, #1409, .T.);
#2643 = ORIENTED_EDGE('', *, *, #1417, .F.);
#2644 = ORIENTED_EDGE('', *, *, #1414, .F.);
#2645 = EDGE_LOOP('', (#2641, #2642, #2643, #2644));
#2646 = FACE_BOUND('', #2645, .T.);
#2647 = ADVANCED_FACE('', (#2646), #1867, .T.);
#2648 = ORIENTED_EDGE('', *, *, #1416, .F.);
#2649 = ORIENTED_EDGE('', *, *, #1413, .F.);
#2650 = ORIENTED_EDGE('', *, *, #1410, .F.);
#2651 = ORIENTED_EDGE('', *, *, #1406, .F.);
#2652 = EDGE_LOOP('', (#2648, #2649, #2650, #2651));
#2653 = FACE_BOUND('', #2652, .T.);
#2654 = ADVANCED_FACE('', (#2653), #1871, .F.);
#2655 = ORIENTED_EDGE('', *, *, #1408, .T.);
#2656 = ORIENTED_EDGE('', *, *, #1412, .T.);
#2657 = ORIENTED_EDGE('', *, *, #1415, .T.);
#2658 = ORIENTED_EDGE('', *, *, #1417, .T.);
#2659 = EDGE_LOOP('', (#2655, #2656, #2657, #2658));
#2660 = FACE_BOUND('', #2659, .T.);
#2661 = ADVANCED_FACE('', (#2660), #1875, .T.);
#2662 = CLOSED_SHELL('', (#1882, #1889, #1896, #1903, #1910, #1917));
#2663 = CLOSED_SHELL('', (#1924, #1931, #1938, #1945, #1952, #1959));
#2664 = CLOSED_SHELL('', (#1966, #1973, #1980, #1987, #1994, #2001));
#2665 = CLOSED_SHELL('', (#2008, #2015, #2022, #2029, #2036, #2043));
#2666 = CLOSED_SHELL('', (#2050, #2057, #2064, #2071, #2078, #2085));
#2667 = CLOSED_SHELL('', (#2092, #2099, #2106, #2113, #2120, #2127));
#2668 = CLOSED_SHELL('', (#2134, #2141, #2148, #2155, #2162, #2169));
#2669 = CLOSED_SHELL('', (#2176, #2183, #2190, #2197, #2204, #2211));
#2670 = CLOSED_SHELL('', (#2218, #2225, #2232, #2239, #2246, #2253));
#2671 = CLOSED_SHELL('', (#2260, #2264, #2268));
#2672 = CLOSED_SHELL('', (#2275, #2282, #2289, #2296, #2303, #2310));
#2673 = CLOSED_SHELL('', (#2317, #2324, #2331, #2338, #2345, #2352));
#2674 = CLOSED_SHELL('', (#2359, #2366, #2373, #2380, #2387, #2394));
#2675 = CLOSED_SHELL('', (#2401, #2408, #2415, #2422, #2429, #2436));
#2676 = CLOSED_SHELL('', (#2443, #2450, #2457, #2464, #2471, #2478));
#2677 = CLOSED_SHELL('', (#2485, #2492, #2499, #2506, #2513, #2520));
#2678 = CLOSED_SHELL('', (#2527, #2534, #2541, #2548, #2555, #2562));
#2679 = CLOSED_SHELL('', (#2569, #2576, #2583, #2590, #2597, #2604));
#2680 = CLOSED_SHELL('', (#2611, #2615, #2619));
#2681 = CLOSED_SHELL('', (#2626, #2633, #2640, #2647, #2654, #2661));
#2682 = MANIFOLD_SOLID_BREP('', #2662);
#2683 = MANIFOLD_SOLID_BREP('', #2663);
#2684 = MANIFOLD_SOLID_BREP('', #2664);
#2685 = MANIFOLD_SOLID_BREP('', #2665);
#2686 = MANIFOLD_SOLID_BREP('', #2666);
#2687 = MANIFOLD_SOLID_BREP('', #2667);
#2688 = MANIFOLD_SOLID_BREP('', #2668);
#2689 = MANIFOLD_SOLID_BREP('', #2669);
#2690 = MANIFOLD_SOLID_BREP('', #2670);
#2691 = MANIFOLD_SOLID_BREP('', #2671);
#2692 = MANIFOLD_SOLID_BREP('', #2672);
#2693 = MANIFOLD_SOLID_BREP('', #2673);
#2694 = MANIFOLD_SOLID_BREP('', #2674);
#2695 = MANIFOLD_SOLID_BREP('', #2675);
#2696 = MANIFOLD_SOLID_BREP('', #2676);
#2697 = MANIFOLD_SOLID_BREP('', #2677);
#2698 = MANIFOLD_SOLID_BREP('', #2678);
#2699 = MANIFOLD_SOLID_BREP('', #2679);
#2700 = MANIFOLD_SOLID_BREP('', #2680);
#2701 = MANIFOLD_SOLID_BREP('', #2681);
#2702 = APPLICATION_CONTEXT('configuration controlled 3D design of mechanical parts and assemblies');
#2703 = PRODUCT_DEFINITION_CONTEXT('part definition', #2702, 'design');
#2704 = PRODUCT_CONTEXT('', #2702, 'mechanical');
#2705 = PRODUCT('UNIDENTIFIED_PRODUCT', '', $, (#2704));
#2706 = PRODUCT_DEFINITION_FORMATION('', $, #2705);
#2707 = PRODUCT_DEFINITION('design', $, #2706, #2703);
#2708 = PRODUCT_DEFINITION_SHAPE('', '', #2707);
#2709 = ADVANCED_BREP_SHAPE_REPRESENTATION('', (#2701), #7);
#2710 = SHAPE_DEFINITION_REPRESENTATION(#2708, #2709);
#2711 = COLOUR_RGB('', 0.89999998, 0.89999998, 0.89999998);
#2712 = FILL_AREA_STYLE_COLOUR('', #2711);
#2713 = FILL_AREA_STYLE('', (#2712));
#2714 = SURFACE_STYLE_FILL_AREA(#2713);
#2715 = SURFACE_SIDE_STYLE('', (#2714));
#2716 = SURFACE_STYLE_USAGE(.BOTH., #2715);
#2717 = PRESENTATION_STYLE_ASSIGNMENT((#2716));
#2718 = STYLED_ITEM('', (#2717), #2701);
#2719 = MECHANICAL_DESIGN_GEOMETRIC_PRESENTATION_REPRESENTATION('', (#2718), #7);
#2720 = PRODUCT_CONTEXT('', #2702, 'mechanical');
#2721 = PRODUCT('UNIDENTIFIED_PRODUCT', '', $, (#2720));
#2722 = PRODUCT_DEFINITION_FORMATION('', $, #2721);
#2723 = PRODUCT_DEFINITION('design', $, #2722, #2703);
#2724 = PRODUCT_DEFINITION_SHAPE('', '', #2723);
#2725 = ADVANCED_BREP_SHAPE_REPRESENTATION('', (#2700), #7);
#2726 = SHAPE_DEFINITION_REPRESENTATION(#2724, #2725);
#2727 = COLOUR_RGB('', 0.89999998, 0.89999998, 0.89999998);
#2728 = FILL_AREA_STYLE_COLOUR('', #2727);
#2729 = FILL_AREA_STYLE('', (#2728));
#2730 = SURFACE_STYLE_FILL_AREA(#2729);
#2731 = SURFACE_SIDE_STYLE('', (#2730));
#2732 = SURFACE_STYLE_USAGE(.BOTH., #2731);
#2733 = PRESENTATION_STYLE_ASSIGNMENT((#2732));
#2734 = STYLED_ITEM('', (#2733), #2700);
#2735 = MECHANICAL_DESIGN_GEOMETRIC_PRESENTATION_REPRESENTATION('', (#2734), #7);
#2736 = PRODUCT_CONTEXT('', #2702, 'mechanical');
#2737 = PRODUCT('UNIDENTIFIED_PRODUCT', '', $, (#2736));
#2738 = PRODUCT_DEFINITION_FORMATION('', $, #2737);
#2739 = PRODUCT_DEFINITION('design', $, #2738, #2703);
#2740 = PRODUCT_DEFINITION_SHAPE('', '', #2739);
#2741 = ADVANCED_BREP_SHAPE_REPRESENTATION('', (#2699), #7);
#2742 = SHAPE_DEFINITION_REPRESENTATION(#2740, #2741);
#2743 = COLOUR_RGB('', 0.66274512, 0.43529412, 0.21960784);
#2744 = FILL_AREA_STYLE_COLOUR('', #2743);
#2745 = FILL_AREA_STYLE('', (#2744));
#2746 = SURFACE_STYLE_FILL_AREA(#2745);
#2747 = SURFACE_SIDE_STYLE('', (#2746));
#2748 = SURFACE_STYLE_USAGE(.BOTH., #2747);
#2749 = PRESENTATION_STYLE_ASSIGNMENT((#2748));
#2750 = STYLED_ITEM('', (#2749), #2699);
#2751 = MECHANICAL_DESIGN_GEOMETRIC_PRESENTATION_REPRESENTATION('', (#2750), #7);
#2752 = PRODUCT_CONTEXT('', #2702, 'mechanical');
#2753 = PRODUCT('UNIDENTIFIED_PRODUCT', '', $, (#2752));
#2754 = PRODUCT_DEFINITION_FORMATION('', $, #2753);
#2755 = PRODUCT_DEFINITION('design', $, #2754, #2703);
#2756 = PRODUCT_DEFINITION_SHAPE('', '', #2755);
#2757 = ADVANCED_BREP_SHAPE_REPRESENTATION('', (#2698), #7);
#2758 = SHAPE_DEFINITION_REPRESENTATION(#2756, #2757);
#2759 = COLOUR_RGB('', 0.78431374, 0.62352943, 0.40784314);
#2760 = FILL_AREA_STYLE_COLOUR('', #2759);
#2761 = FILL_AREA_STYLE('', (#2760));
#2762 = SURFACE_STYLE_FILL_AREA(#2761);
#2763 = SURFACE_SIDE_STYLE('', (#2762));
#2764 = SURFACE_STYLE_USAGE(.BOTH., #2763);
#2765 = PRESENTATION_STYLE_ASSIGNMENT((#2764));
#2766 = STYLED_ITEM('', (#2765), #2698);
#2767 = MECHANICAL_DESIGN_GEOMETRIC_PRESENTATION_REPRESENTATION('', (#2766), #7);
#2768 = PRODUCT_CONTEXT('', #2702, 'mechanical');
#2769 = PRODUCT('UNIDENTIFIED_PRODUCT', '', $, (#2768));
#2770 = PRODUCT_DEFINITION_FORMATION('', $, #2769);
#2771 = PRODUCT_DEFINITION('design', $, #2770, #2703);
#2772 = PRODUCT_DEFINITION_SHAPE('', '', #2771);
#2773 = ADVANCED_BREP_SHAPE_REPRESENTATION('', (#2697), #7);
#2774 = SHAPE_DEFINITION_REPRESENTATION(#2772, #2773);
#2775 = COLOUR_RGB('', 0.52941179, 0.57647061, 0.6156863);
#2776 = FILL_AREA_STYLE_COLOUR('', #2775);
#2777 = FILL_AREA_STYLE('', (#2776));
#2778 = SURFACE_STYLE_FILL_AREA(#2777);
#2779 = SURFACE_SIDE_STYLE('', (#2778));
#2780 = SURFACE_STYLE_USAGE(.BOTH., #2779);
#2781 = PRESENTATION_STYLE_ASSIGNMENT((#2780));
#2782 = STYLED_ITEM('', (#2781), #2697);
#2783 = MECHANICAL_DESIGN_GEOMETRIC_PRESENTATION_REPRESENTATION('', (#2782), #7);
#2784 = PRODUCT_CONTEXT('', #2702, 'mechanical');
#2785 = PRODUCT('UNIDENTIFIED_PRODUCT', '', $, (#2784));
#2786 = PRODUCT_DEFINITION_FORMATION('', $, #2785);
#2787 = PRODUCT_DEFINITION('design', $, #2786, #2703);
#2788 = PRODUCT_DEFINITION_SHAPE('', '', #2787);
#2789 = ADVANCED_BREP_SHAPE_REPRESENTATION('', (#2696), #7);
#2790 = SHAPE_DEFINITION_REPRESENTATION(#2788, #2789);
#2791 = COLOUR_RGB('', 0.3019608, 0.57647061, 0.78431374);
#2792 = FILL_AREA_STYLE_COLOUR('', #2791);
#2793 = FILL_AREA_STYLE('', (#2792));
#2794 = SURFACE_STYLE_FILL_AREA(#2793);
#2795 = SURFACE_SIDE_STYLE('', (#2794));
#2796 = SURFACE_STYLE_USAGE(.BOTH., #2795);
#2797 = PRESENTATION_STYLE_ASSIGNMENT((#2796));
#2798 = STYLED_ITEM('', (#2797), #2696);
#2799 = MECHANICAL_DESIGN_GEOMETRIC_PRESENTATION_REPRESENTATION('', (#2798), #7);
#2800 = PRODUCT_CONTEXT('', #2702, 'mechanical');
#2801 = PRODUCT('UNIDENTIFIED_PRODUCT', '', $, (#2800));
#2802 = PRODUCT_DEFINITION_FORMATION('', $, #2801);
#2803 = PRODUCT_DEFINITION('design', $, #2802, #2703);
#2804 = PRODUCT_DEFINITION_SHAPE('', '', #2803);
#2805 = ADVANCED_BREP_SHAPE_REPRESENTATION('', (#2695), #7);
#2806 = SHAPE_DEFINITION_REPRESENTATION(#2804, #2805);
#2807 = COLOUR_RGB('', 0.49019608, 0.34117648, 0.20392157);
#2808 = FILL_AREA_STYLE_COLOUR('', #2807);
#2809 = FILL_AREA_STYLE('', (#2808));
#2810 = SURFACE_STYLE_FILL_AREA(#2809);
#2811 = SURFACE_SIDE_STYLE('', (#2810));
#2812 = SURFACE_STYLE_USAGE(.BOTH., #2811);
#2813 = PRESENTATION_STYLE_ASSIGNMENT((#2812));
#2814 = STYLED_ITEM('', (#2813), #2695);
#2815 = MECHANICAL_DESIGN_GEOMETRIC_PRESENTATION_REPRESENTATION('', (#2814), #7);
#2816 = PRODUCT_CONTEXT('', #2702, 'mechanical');
#2817 = PRODUCT('UNIDENTIFIED_PRODUCT', '', $, (#2816));
#2818 = PRODUCT_DEFINITION_FORMATION('', $, #2817);
#2819 = PRODUCT_DEFINITION('design', $, #2818, #2703);
#2820 = PRODUCT_DEFINITION_SHAPE('', '', #2819);
#2821 = ADVANCED_BREP_SHAPE_REPRESENTATION('', (#2694), #7);
#2822 = SHAPE_DEFINITION_REPRESENTATION(#2820, #2821);
#2823 = COLOUR_RGB('', 0.8392157, 0.7019608, 0.47843137);
#2824 = FILL_AREA_STYLE_COLOUR('', #2823);
#2825 = FILL_AREA_STYLE('', (#2824));
#2826 = SURFACE_STYLE_FILL_AREA(#2825);
#2827 = SURFACE_SIDE_STYLE('', (#2826));
#2828 = SURFACE_STYLE_USAGE(.BOTH., #2827);
#2829 = PRESENTATION_STYLE_ASSIGNMENT((#2828));
#2830 = STYLED_ITEM('', (#2829), #2694);
#2831 = MECHANICAL_DESIGN_GEOMETRIC_PRESENTATION_REPRESENTATION('', (#2830), #7);
#2832 = PRODUCT_CONTEXT('', #2702, 'mechanical');
#2833 = PRODUCT('UNIDENTIFIED_PRODUCT', '', $, (#2832));
#2834 = PRODUCT_DEFINITION_FORMATION('', $, #2833);
#2835 = PRODUCT_DEFINITION('design', $, #2834, #2703);
#2836 = PRODUCT_DEFINITION_SHAPE('', '', #2835);
#2837 = ADVANCED_BREP_SHAPE_REPRESENTATION('', (#2693), #7);
#2838 = SHAPE_DEFINITION_REPRESENTATION(#2836, #2837);
#2839 = COLOUR_RGB('', 0.72549021, 0.53725493, 0.33333334);
#2840 = FILL_AREA_STYLE_COLOUR('', #2839);
#2841 = FILL_AREA_STYLE('', (#2840));
#2842 = SURFACE_STYLE_FILL_AREA(#2841);
#2843 = SURFACE_SIDE_STYLE('', (#2842));
#2844 = SURFACE_STYLE_USAGE(.BOTH., #2843);
#2845 = PRESENTATION_STYLE_ASSIGNMENT((#2844));
#2846 = STYLED_ITEM('', (#2845), #2693);
#2847 = MECHANICAL_DESIGN_GEOMETRIC_PRESENTATION_REPRESENTATION('', (#2846), #7);
#2848 = PRODUCT_CONTEXT('', #2702, 'mechanical');
#2849 = PRODUCT('UNIDENTIFIED_PRODUCT', '', $, (#2848));
#2850 = PRODUCT_DEFINITION_FORMATION('', $, #2849);
#2851 = PRODUCT_DEFINITION('design', $, #2850, #2703);
#2852 = PRODUCT_DEFINITION_SHAPE('', '', #2851);
#2853 = ADVANCED_BREP_SHAPE_REPRESENTATION('', (#2692), #7);
#2854 = SHAPE_DEFINITION_REPRESENTATION(#2852, #2853);
#2855 = COLOUR_RGB('', 0.89411765, 0.60392159, 0.22745098);
#2856 = FILL_AREA_STYLE_COLOUR('', #2855);
#2857 = FILL_AREA_STYLE('', (#2856));
#2858 = SURFACE_STYLE_FILL_AREA(#2857);
#2859 = SURFACE_SIDE_STYLE('', (#2858));
#2860 = SURFACE_STYLE_USAGE(.BOTH., #2859);
#2861 = PRESENTATION_STYLE_ASSIGNMENT((#2860));
#2862 = STYLED_ITEM('', (#2861), #2692);
#2863 = MECHANICAL_DESIGN_GEOMETRIC_PRESENTATION_REPRESENTATION('', (#2862), #7);
#2864 = PRODUCT_CONTEXT('', #2702, 'mechanical');
#2865 = PRODUCT('UNIDENTIFIED_PRODUCT', '', $, (#2864));
#2866 = PRODUCT_DEFINITION_FORMATION('', $, #2865);
#2867 = PRODUCT_DEFINITION('design', $, #2866, #2703);
#2868 = PRODUCT_DEFINITION_SHAPE('', '', #2867);
#2869 = ADVANCED_BREP_SHAPE_REPRESENTATION('', (#2691), #7);
#2870 = SHAPE_DEFINITION_REPRESENTATION(#2868, #2869);
#2871 = COLOUR_RGB('', 0.8509804, 0.29411766, 0.26274511);
#2872 = FILL_AREA_STYLE_COLOUR('', #2871);
#2873 = FILL_AREA_STYLE('', (#2872));
#2874 = SURFACE_STYLE_FILL_AREA(#2873);
#2875 = SURFACE_SIDE_STYLE('', (#2874));
#2876 = SURFACE_STYLE_USAGE(.BOTH., #2875);
#2877 = PRESENTATION_STYLE_ASSIGNMENT((#2876));
#2878 = STYLED_ITEM('', (#2877), #2691);
#2879 = MECHANICAL_DESIGN_GEOMETRIC_PRESENTATION_REPRESENTATION('', (#2878), #7);
#2880 = PRODUCT_CONTEXT('', #2702, 'mechanical');
#2881 = PRODUCT('UNIDENTIFIED_PRODUCT', '', $, (#2880));
#2882 = PRODUCT_DEFINITION_FORMATION('', $, #2881);
#2883 = PRODUCT_DEFINITION('design', $, #2882, #2703);
#2884 = PRODUCT_DEFINITION_SHAPE('', '', #2883);
#2885 = ADVANCED_BREP_SHAPE_REPRESENTATION('', (#2690), #7);
#2886 = SHAPE_DEFINITION_REPRESENTATION(#2884, #2885);
#2887 = COLOUR_RGB('', 0.78431374, 0.62352943, 0.40784314);
#2888 = FILL_AREA_STYLE_COLOUR('', #2887);
#2889 = FILL_AREA_STYLE('', (#2888));
#2890 = SURFACE_STYLE_FILL_AREA(#2889);
#2891 = SURFACE_SIDE_STYLE('', (#2890));
#2892 = SURFACE_STYLE_USAGE(.BOTH., #2891);
#2893 = PRESENTATION_STYLE_ASSIGNMENT((#2892));
#2894 = STYLED_ITEM('', (#2893), #2690);
#2895 = MECHANICAL_DESIGN_GEOMETRIC_PRESENTATION_REPRESENTATION('', (#2894), #7);
#2896 = PRODUCT_CONTEXT('', #2702, 'mechanical');
#2897 = PRODUCT('UNIDENTIFIED_PRODUCT', '', $, (#2896));
#2898 = PRODUCT_DEFINITION_FORMATION('', $, #2897);
#2899 = PRODUCT_DEFINITION('design', $, #2898, #2703);
#2900 = PRODUCT_DEFINITION_SHAPE('', '', #2899);
#2901 = ADVANCED_BREP_SHAPE_REPRESENTATION('', (#2689), #7);
#2902 = SHAPE_DEFINITION_REPRESENTATION(#2900, #2901);
#2903 = COLOUR_RGB('', 0.52941179, 0.57647061, 0.6156863);
#2904 = FILL_AREA_STYLE_COLOUR('', #2903);
#2905 = FILL_AREA_STYLE('', (#2904));
#2906 = SURFACE_STYLE_FILL_AREA(#2905);
#2907 = SURFACE_SIDE_STYLE('', (#2906));
#2908 = SURFACE_STYLE_USAGE(.BOTH., #2907);
#2909 = PRESENTATION_STYLE_ASSIGNMENT((#2908));
#2910 = STYLED_ITEM('', (#2909), #2689);
#2911 = MECHANICAL_DESIGN_GEOMETRIC_PRESENTATION_REPRESENTATION('', (#2910), #7);
#2912 = PRODUCT_CONTEXT('', #2702, 'mechanical');
#2913 = PRODUCT('UNIDENTIFIED_PRODUCT', '', $, (#2912));
#2914 = PRODUCT_DEFINITION_FORMATION('', $, #2913);
#2915 = PRODUCT_DEFINITION('design', $, #2914, #2703);
#2916 = PRODUCT_DEFINITION_SHAPE('', '', #2915);
#2917 = ADVANCED_BREP_SHAPE_REPRESENTATION('', (#2688), #7);
#2918 = SHAPE_DEFINITION_REPRESENTATION(#2916, #2917);
#2919 = COLOUR_RGB('', 0.52941179, 0.57647061, 0.6156863);
#2920 = FILL_AREA_STYLE_COLOUR('', #2919);
#2921 = FILL_AREA_STYLE('', (#2920));
#2922 = SURFACE_STYLE_FILL_AREA(#2921);
#2923 = SURFACE_SIDE_STYLE('', (#2922));
#2924 = SURFACE_STYLE_USAGE(.BOTH., #2923);
#2925 = PRESENTATION_STYLE_ASSIGNMENT((#2924));
#2926 = STYLED_ITEM('', (#2925), #2688);
#2927 = MECHANICAL_DESIGN_GEOMETRIC_PRESENTATION_REPRESENTATION('', (#2926), #7);
#2928 = PRODUCT_CONTEXT('', #2702, 'mechanical');
#2929 = PRODUCT('UNIDENTIFIED_PRODUCT', '', $, (#2928));
#2930 = PRODUCT_DEFINITION_FORMATION('', $, #2929);
#2931 = PRODUCT_DEFINITION('design', $, #2930, #2703);
#2932 = PRODUCT_DEFINITION_SHAPE('', '', #2931);
#2933 = ADVANCED_BREP_SHAPE_REPRESENTATION('', (#2687), #7);
#2934 = SHAPE_DEFINITION_REPRESENTATION(#2932, #2933);
#2935 = COLOUR_RGB('', 0.52941179, 0.57647061, 0.6156863);
#2936 = FILL_AREA_STYLE_COLOUR('', #2935);
#2937 = FILL_AREA_STYLE('', (#2936));
#2938 = SURFACE_STYLE_FILL_AREA(#2937);
#2939 = SURFACE_SIDE_STYLE('', (#2938));
#2940 = SURFACE_STYLE_USAGE(.BOTH., #2939);
#2941 = PRESENTATION_STYLE_ASSIGNMENT((#2940));
#2942 = STYLED_ITEM('', (#2941), #2687);
#2943 = MECHANICAL_DESIGN_GEOMETRIC_PRESENTATION_REPRESENTATION('', (#2942), #7);
#2944 = PRODUCT_CONTEXT('', #2702, 'mechanical');
#2945 = PRODUCT('UNIDENTIFIED_PRODUCT', '', $, (#2944));
#2946 = PRODUCT_DEFINITION_FORMATION('', $, #2945);
#2947 = PRODUCT_DEFINITION('design', $, #2946, #2703);
#2948 = PRODUCT_DEFINITION_SHAPE('', '', #2947);
#2949 = ADVANCED_BREP_SHAPE_REPRESENTATION('', (#2686), #7);
#2950 = SHAPE_DEFINITION_REPRESENTATION(#2948, #2949);
#2951 = COLOUR_RGB('', 0.52941179, 0.57647061, 0.6156863);
#2952 = FILL_AREA_STYLE_COLOUR('', #2951);
#2953 = FILL_AREA_STYLE('', (#2952));
#2954 = SURFACE_STYLE_FILL_AREA(#2953);
#2955 = SURFACE_SIDE_STYLE('', (#2954));
#2956 = SURFACE_STYLE_USAGE(.BOTH., #2955);
#2957 = PRESENTATION_STYLE_ASSIGNMENT((#2956));
#2958 = STYLED_ITEM('', (#2957), #2686);
#2959 = MECHANICAL_DESIGN_GEOMETRIC_PRESENTATION_REPRESENTATION('', (#2958), #7);
#2960 = PRODUCT_CONTEXT('', #2702, 'mechanical');
#2961 = PRODUCT('UNIDENTIFIED_PRODUCT', '', $, (#2960));
#2962 = PRODUCT_DEFINITION_FORMATION('', $, #2961);
#2963 = PRODUCT_DEFINITION('design', $, #2962, #2703);
#2964 = PRODUCT_DEFINITION_SHAPE('', '', #2963);
#2965 = ADVANCED_BREP_SHAPE_REPRESENTATION('', (#2685), #7);
#2966 = SHAPE_DEFINITION_REPRESENTATION(#2964, #2965);
#2967 = COLOUR_RGB('', 0.78431374, 0.62352943, 0.40784314);
#2968 = FILL_AREA_STYLE_COLOUR('', #2967);
#2969 = FILL_AREA_STYLE('', (#2968));
#2970 = SURFACE_STYLE_FILL_AREA(#2969);
#2971 = SURFACE_SIDE_STYLE('', (#2970));
#2972 = SURFACE_STYLE_USAGE(.BOTH., #2971);
#2973 = PRESENTATION_STYLE_ASSIGNMENT((#2972));
#2974 = STYLED_ITEM('', (#2973), #2685);
#2975 = MECHANICAL_DESIGN_GEOMETRIC_PRESENTATION_REPRESENTATION('', (#2974), #7);
#2976 = PRODUCT_CONTEXT('', #2702, 'mechanical');
#2977 = PRODUCT('UNIDENTIFIED_PRODUCT', '', $, (#2976));
#2978 = PRODUCT_DEFINITION_FORMATION('', $, #2977);
#2979 = PRODUCT_DEFINITION('design', $, #2978, #2703);
#2980 = PRODUCT_DEFINITION_SHAPE('', '', #2979);
#2981 = ADVANCED_BREP_SHAPE_REPRESENTATION('', (#2684), #7);
#2982 = SHAPE_DEFINITION_REPRESENTATION(#2980, #2981);
#2983 = COLOUR_RGB('', 0.49019608, 0.34117648, 0.20392157);
#2984 = FILL_AREA_STYLE_COLOUR('', #2983);
#2985 = FILL_AREA_STYLE('', (#2984));
#2986 = SURFACE_STYLE_FILL_AREA(#2985);
#2987 = SURFACE_SIDE_STYLE('', (#2986));
#2988 = SURFACE_STYLE_USAGE(.BOTH., #2987);
#2989 = PRESENTATION_STYLE_ASSIGNMENT((#2988));
#2990 = STYLED_ITEM('', (#2989), #2684);
#2991 = MECHANICAL_DESIGN_GEOMETRIC_PRESENTATION_REPRESENTATION('', (#2990), #7);
#2992 = PRODUCT_CONTEXT('', #2702, 'mechanical');
#2993 = PRODUCT('UNIDENTIFIED_PRODUCT', '', $, (#2992));
#2994 = PRODUCT_DEFINITION_FORMATION('', $, #2993);
#2995 = PRODUCT_DEFINITION('design', $, #2994, #2703);
#2996 = PRODUCT_DEFINITION_SHAPE('', '', #2995);
#2997 = ADVANCED_BREP_SHAPE_REPRESENTATION('', (#2683), #7);
#2998 = SHAPE_DEFINITION_REPRESENTATION(#2996, #2997);
#2999 = COLOUR_RGB('', 0.49019608, 0.34117648, 0.20392157);
#3000 = FILL_AREA_STYLE_COLOUR('', #2999);
#3001 = FILL_AREA_STYLE('', (#3000));
#3002 = SURFACE_STYLE_FILL_AREA(#3001);
#3003 = SURFACE_SIDE_STYLE('', (#3002));
#3004 = SURFACE_STYLE_USAGE(.BOTH., #3003);
#3005 = PRESENTATION_STYLE_ASSIGNMENT((#3004));
#3006 = STYLED_ITEM('', (#3005), #2683);
#3007 = MECHANICAL_DESIGN_GEOMETRIC_PRESENTATION_REPRESENTATION('', (#3006), #7);
#3008 = PRODUCT_CONTEXT('', #2702, 'mechanical');
#3009 = PRODUCT('UNIDENTIFIED_PRODUCT', '', $, (#3008));
#3010 = PRODUCT_DEFINITION_FORMATION('', $, #3009);
#3011 = PRODUCT_DEFINITION('design', $, #3010, #2703);
#3012 = PRODUCT_DEFINITION_SHAPE('', '', #3011);
#3013 = ADVANCED_BREP_SHAPE_REPRESENTATION('', (#2682), #7);
#3014 = SHAPE_DEFINITION_REPRESENTATION(#3012, #3013);
#3015 = COLOUR_RGB('', 0.49019608, 0.34117648, 0.20392157);
#3016 = FILL_AREA_STYLE_COLOUR('', #3015);
#3017 = FILL_AREA_STYLE('', (#3016));
#3018 = SURFACE_STYLE_FILL_AREA(#3017);
#3019 = SURFACE_SIDE_STYLE('', (#3018));
#3020 = SURFACE_STYLE_USAGE(.BOTH., #3019);
#3021 = PRESENTATION_STYLE_ASSIGNMENT((#3020));
#3022 = STYLED_ITEM('', (#3021), #2682);
#3023 = MECHANICAL_DESIGN_GEOMETRIC_PRESENTATION_REPRESENTATION('', (#3022), #7);
ENDSEC;
END-ISO-10303-21;
