ISO-10303-21;
HEADER;
FILE_DESCRIPTION(('zoo.dev export'), '2;1');
FILE_NAME('output.step', '1970-01-01T00:00:00+00:00', (''), (''), 'zoo.dev beta', 'zoo.dev', '');
FILE_SCHEMA(('AP242_MANAGED_MODEL_BASED_3D_ENGINEERING_MIM_LF'));
ENDSEC;
DATA;
#1 = (
  LENGTH_UNIT()
  NAMED_UNIT(*)
  SI_UNIT($, .METRE.)
);
#2 = (
  NAMED_UNIT(*)
  PLANE_ANGLE_UNIT()
  SI_UNIT($, .RADIAN.)
);
#3 = UNCERTAINTY_MEASURE_WITH_UNIT(LENGTH_MEASURE(0.00001), #1, 'DISTANCE_ACCURACY_VALUE', $);
#4 = (
  GEOMETRIC_REPRESENTATION_CONTEXT(3)
  GLOBAL_UNCERTAINTY_ASSIGNED_CONTEXT((#3))
  GLOBAL_UNIT_ASSIGNED_CONTEXT((#1, #2))
  REPRESENTATION_CONTEXT('3D', '3D context')
);
#5 = CARTESIAN_POINT('', (1.2192, 0.2286, 0.));
#6 = VERTEX_POINT('', #5);
#7 = CARTESIAN_POINT('', (1.2192, 0.381, 0.));
#8 = VERTEX_POINT('', #7);
#9 = CARTESIAN_POINT('', (1.2192, 0.381, 0.0762));
#10 = VERTEX_POINT('', #9);
#11 = CARTESIAN_POINT('', (1.2192, 0.2286, 0.0762));
#12 = VERTEX_POINT('', #11);
#13 = CARTESIAN_POINT('', (1.0668, 0.381, 0.));
#14 = VERTEX_POINT('', #13);
#15 = CARTESIAN_POINT('', (1.0668, 0.381, 0.0762));
#16 = VERTEX_POINT('', #15);
#17 = CARTESIAN_POINT('', (1.0668, 0.2286, 0.));
#18 = VERTEX_POINT('', #17);
#19 = CARTESIAN_POINT('', (1.0668, 0.2286, 0.0762));
#20 = VERTEX_POINT('', #19);
#21 = CARTESIAN_POINT('', (0.1524, 0.2286, 0.));
#22 = VERTEX_POINT('', #21);
#23 = CARTESIAN_POINT('', (0.1524, 0.381, 0.));
#24 = VERTEX_POINT('', #23);
#25 = CARTESIAN_POINT('', (0.1524, 0.381, 0.0762));
#26 = VERTEX_POINT('', #25);
#27 = CARTESIAN_POINT('', (0.1524, 0.2286, 0.0762));
#28 = VERTEX_POINT('', #27);
#29 = CARTESIAN_POINT('', (0., 0.381, 0.));
#30 = VERTEX_POINT('', #29);
#31 = CARTESIAN_POINT('', (0., 0.381, 0.0762));
#32 = VERTEX_POINT('', #31);
#33 = CARTESIAN_POINT('', (0., 0.2286, 0.));
#34 = VERTEX_POINT('', #33);
#35 = CARTESIAN_POINT('', (0., 0.2286, 0.0762));
#36 = VERTEX_POINT('', #35);
#37 = CARTESIAN_POINT('', (1.2192, -0.381, 0.));
#38 = VERTEX_POINT('', #37);
#39 = CARTESIAN_POINT('', (1.2192, -0.2286, 0.));
#40 = VERTEX_POINT('', #39);
#41 = CARTESIAN_POINT('', (1.2192, -0.2286, 0.0762));
#42 = VERTEX_POINT('', #41);
#43 = CARTESIAN_POINT('', (1.2192, -0.381, 0.0762));
#44 = VERTEX_POINT('', #43);
#45 = CARTESIAN_POINT('', (1.0668, -0.2286, 0.));
#46 = VERTEX_POINT('', #45);
#47 = CARTESIAN_POINT('', (1.0668, -0.2286, 0.0762));
#48 = VERTEX_POINT('', #47);
#49 = CARTESIAN_POINT('', (1.0668, -0.381, 0.));
#50 = VERTEX_POINT('', #49);
#51 = CARTESIAN_POINT('', (1.0668, -0.381, 0.0762));
#52 = VERTEX_POINT('', #51);
#53 = CARTESIAN_POINT('', (1.1811, 0.381, 0.));
#54 = VERTEX_POINT('', #53);
#55 = CARTESIAN_POINT('', (1.1811, 0.3048, 0.8636));
#56 = VERTEX_POINT('', #55);
#57 = CARTESIAN_POINT('', (1.2192, 0.3048, 0.8636));
#58 = VERTEX_POINT('', #57);
#59 = CARTESIAN_POINT('', (1.2192, 0.381, 0.));
#60 = VERTEX_POINT('', #59);
#61 = CARTESIAN_POINT('', (1.1811, -0.3048, 0.8636));
#62 = VERTEX_POINT('', #61);
#63 = CARTESIAN_POINT('', (1.2192, -0.3048, 0.8636));
#64 = VERTEX_POINT('', #63);
#65 = CARTESIAN_POINT('', (1.1811, -0.381, 0.));
#66 = VERTEX_POINT('', #65);
#67 = CARTESIAN_POINT('', (1.2192, -0.381, 0.));
#68 = VERTEX_POINT('', #67);
#69 = CARTESIAN_POINT('', (1.2192, -0.3048, 0.9398));
#70 = VERTEX_POINT('', #69);
#71 = CARTESIAN_POINT('', (1.2192, 0.3048, 0.9398));
#72 = VERTEX_POINT('', #71);
#73 = CARTESIAN_POINT('', (1.2192, 0.3048, 0.9779));
#74 = VERTEX_POINT('', #73);
#75 = CARTESIAN_POINT('', (1.2192, -0.3048, 0.9779));
#76 = VERTEX_POINT('', #75);
#77 = CARTESIAN_POINT('', (1.217676, 0.3048, 0.9398));
#78 = VERTEX_POINT('', #77);
#79 = CARTESIAN_POINT('', (1.217676, 0.3048, 0.9779));
#80 = VERTEX_POINT('', #79);
#81 = CARTESIAN_POINT('', (1.217676, -0.3048, 0.9398));
#82 = VERTEX_POINT('', #81);
#83 = CARTESIAN_POINT('', (1.217676, -0.3048, 0.9779));
#84 = VERTEX_POINT('', #83);
#85 = CARTESIAN_POINT('', (0.3556, 0.127, 0.8636));
#86 = VERTEX_POINT('', #85);
#87 = CARTESIAN_POINT('', (0.3556, 0.3048, 0.8636));
#88 = VERTEX_POINT('', #87);
#89 = CARTESIAN_POINT('', (0.3556, 0.3048, 0.9017));
#90 = VERTEX_POINT('', #89);
#91 = CARTESIAN_POINT('', (0.3556, 0.127, 0.9017));
#92 = VERTEX_POINT('', #91);
#93 = CARTESIAN_POINT('', (0.254, 0.3048, 0.8636));
#94 = VERTEX_POINT('', #93);
#95 = CARTESIAN_POINT('', (0.254, 0.3048, 0.9017));
#96 = VERTEX_POINT('', #95);
#97 = CARTESIAN_POINT('', (0.254, 0.127, 0.8636));
#98 = VERTEX_POINT('', #97);
#99 = CARTESIAN_POINT('', (0.254, 0.127, 0.9017));
#100 = VERTEX_POINT('', #99);
#101 = CARTESIAN_POINT('', (0.001524, -0.3048, 0.9398));
#102 = VERTEX_POINT('', #101);
#103 = CARTESIAN_POINT('', (0.001524, 0.3048, 0.9398));
#104 = VERTEX_POINT('', #103);
#105 = CARTESIAN_POINT('', (0.001524, 0.3048, 0.9779));
#106 = VERTEX_POINT('', #105);
#107 = CARTESIAN_POINT('', (0.001524, -0.3048, 0.9779));
#108 = VERTEX_POINT('', #107);
#109 = CARTESIAN_POINT('', (0., 0.3048, 0.9398));
#110 = VERTEX_POINT('', #109);
#111 = CARTESIAN_POINT('', (0., 0.3048, 0.9779));
#112 = VERTEX_POINT('', #111);
#113 = CARTESIAN_POINT('', (0., -0.3048, 0.9398));
#114 = VERTEX_POINT('', #113);
#115 = CARTESIAN_POINT('', (0., -0.3048, 0.9779));
#116 = VERTEX_POINT('', #115);
#117 = CARTESIAN_POINT('', (0.3556, 0.127, 0.9017));
#118 = VERTEX_POINT('', #117);
#119 = CARTESIAN_POINT('', (0.3556, 0.3048, 0.9017));
#120 = VERTEX_POINT('', #119);
#121 = CARTESIAN_POINT('', (0.3556, 0.3048, 0.9398));
#122 = VERTEX_POINT('', #121);
#123 = CARTESIAN_POINT('', (0.3556, 0.127, 0.9398));
#124 = VERTEX_POINT('', #123);
#125 = CARTESIAN_POINT('', (0.254, 0.3048, 0.9017));
#126 = VERTEX_POINT('', #125);
#127 = CARTESIAN_POINT('', (0.254, 0.3048, 0.9398));
#128 = VERTEX_POINT('', #127);
#129 = CARTESIAN_POINT('', (0.254, 0.127, 0.9017));
#130 = VERTEX_POINT('', #129);
#131 = CARTESIAN_POINT('', (0.254, 0.127, 0.9398));
#132 = VERTEX_POINT('', #131);
#133 = CARTESIAN_POINT('', (0.3556, -0.3048, 0.8636));
#134 = VERTEX_POINT('', #133);
#135 = CARTESIAN_POINT('', (0.3556, -0.127, 0.8636));
#136 = VERTEX_POINT('', #135);
#137 = CARTESIAN_POINT('', (0.3556, -0.127, 0.9017));
#138 = VERTEX_POINT('', #137);
#139 = CARTESIAN_POINT('', (0.3556, -0.3048, 0.9017));
#140 = VERTEX_POINT('', #139);
#141 = CARTESIAN_POINT('', (0.254, -0.127, 0.8636));
#142 = VERTEX_POINT('', #141);
#143 = CARTESIAN_POINT('', (0.254, -0.127, 0.9017));
#144 = VERTEX_POINT('', #143);
#145 = CARTESIAN_POINT('', (0.254, -0.3048, 0.8636));
#146 = VERTEX_POINT('', #145);
#147 = CARTESIAN_POINT('', (0.254, -0.3048, 0.9017));
#148 = VERTEX_POINT('', #147);
#149 = CARTESIAN_POINT('', (1.2192, -0.3048, 0.9398));
#150 = VERTEX_POINT('', #149);
#151 = CARTESIAN_POINT('', (1.2192, -0.303276, 0.9398));
#152 = VERTEX_POINT('', #151);
#153 = CARTESIAN_POINT('', (1.2192, -0.303276, 0.9525));
#154 = VERTEX_POINT('', #153);
#155 = CARTESIAN_POINT('', (1.2192, -0.3048, 0.9525));
#156 = VERTEX_POINT('', #155);
#157 = CARTESIAN_POINT('', (0., -0.303276, 0.9398));
#158 = VERTEX_POINT('', #157);
#159 = CARTESIAN_POINT('', (0., -0.303276, 0.9525));
#160 = VERTEX_POINT('', #159);
#161 = CARTESIAN_POINT('', (0., -0.3048, 0.9398));
#162 = VERTEX_POINT('', #161);
#163 = CARTESIAN_POINT('', (0., -0.3048, 0.9525));
#164 = VERTEX_POINT('', #163);
#165 = CARTESIAN_POINT('', (0.3556, -0.3048, 0.9017));
#166 = VERTEX_POINT('', #165);
#167 = CARTESIAN_POINT('', (0.3556, -0.127, 0.9017));
#168 = VERTEX_POINT('', #167);
#169 = CARTESIAN_POINT('', (0.3556, -0.127, 0.9398));
#170 = VERTEX_POINT('', #169);
#171 = CARTESIAN_POINT('', (0.3556, -0.3048, 0.9398));
#172 = VERTEX_POINT('', #171);
#173 = CARTESIAN_POINT('', (0.254, -0.127, 0.9017));
#174 = VERTEX_POINT('', #173);
#175 = CARTESIAN_POINT('', (0.254, -0.127, 0.9398));
#176 = VERTEX_POINT('', #175);
#177 = CARTESIAN_POINT('', (0.254, -0.3048, 0.9017));
#178 = VERTEX_POINT('', #177);
#179 = CARTESIAN_POINT('', (0.254, -0.3048, 0.9398));
#180 = VERTEX_POINT('', #179);
#181 = CARTESIAN_POINT('', (1.2192, -0.3048, 0.8636));
#182 = VERTEX_POINT('', #181);
#183 = CARTESIAN_POINT('', (1.2192, 0.3048, 0.8636));
#184 = VERTEX_POINT('', #183);
#185 = CARTESIAN_POINT('', (1.2192, 0.3048, 0.9017));
#186 = VERTEX_POINT('', #185);
#187 = CARTESIAN_POINT('', (1.2192, -0.3048, 0.9017));
#188 = VERTEX_POINT('', #187);
#189 = CARTESIAN_POINT('', (0.3556, 0.3048, 0.8636));
#190 = VERTEX_POINT('', #189);
#191 = CARTESIAN_POINT('', (0.3556, 0.3048, 0.9017));
#192 = VERTEX_POINT('', #191);
#193 = CARTESIAN_POINT('', (0.3556, -0.3048, 0.8636));
#194 = VERTEX_POINT('', #193);
#195 = CARTESIAN_POINT('', (0.3556, -0.3048, 0.9017));
#196 = VERTEX_POINT('', #195);
#197 = CARTESIAN_POINT('', (1.2192, 0.303276, 0.9398));
#198 = VERTEX_POINT('', #197);
#199 = CARTESIAN_POINT('', (1.2192, 0.3048, 0.9398));
#200 = VERTEX_POINT('', #199);
#201 = CARTESIAN_POINT('', (1.2192, 0.3048, 0.9779));
#202 = VERTEX_POINT('', #201);
#203 = CARTESIAN_POINT('', (1.2192, 0.303276, 0.9779));
#204 = VERTEX_POINT('', #203);
#205 = CARTESIAN_POINT('', (0., 0.3048, 0.9398));
#206 = VERTEX_POINT('', #205);
#207 = CARTESIAN_POINT('', (0., 0.3048, 0.9779));
#208 = VERTEX_POINT('', #207);
#209 = CARTESIAN_POINT('', (0., 0.303276, 0.9398));
#210 = VERTEX_POINT('', #209);
#211 = CARTESIAN_POINT('', (0., 0.303276, 0.9779));
#212 = VERTEX_POINT('', #211);
#213 = CARTESIAN_POINT('', (1.2192, -0.3048, 0.9017));
#214 = VERTEX_POINT('', #213);
#215 = CARTESIAN_POINT('', (1.2192, 0.3048, 0.9017));
#216 = VERTEX_POINT('', #215);
#217 = CARTESIAN_POINT('', (1.2192, 0.3048, 0.9398));
#218 = VERTEX_POINT('', #217);
#219 = CARTESIAN_POINT('', (1.2192, -0.3048, 0.9398));
#220 = VERTEX_POINT('', #219);
#221 = CARTESIAN_POINT('', (0.3556, 0.3048, 0.9017));
#222 = VERTEX_POINT('', #221);
#223 = CARTESIAN_POINT('', (0.3556, 0.3048, 0.9398));
#224 = VERTEX_POINT('', #223);
#225 = CARTESIAN_POINT('', (0.3556, -0.3048, 0.9017));
#226 = VERTEX_POINT('', #225);
#227 = CARTESIAN_POINT('', (0.3556, -0.3048, 0.9398));
#228 = VERTEX_POINT('', #227);
#229 = CARTESIAN_POINT('', (0.254, -0.3048, 0.8636));
#230 = VERTEX_POINT('', #229);
#231 = CARTESIAN_POINT('', (0.254, 0.3048, 0.8636));
#232 = VERTEX_POINT('', #231);
#233 = CARTESIAN_POINT('', (0.254, 0.3048, 0.9017));
#234 = VERTEX_POINT('', #233);
#235 = CARTESIAN_POINT('', (0.254, -0.3048, 0.9017));
#236 = VERTEX_POINT('', #235);
#237 = CARTESIAN_POINT('', (-0., 0.3048, 0.8636));
#238 = VERTEX_POINT('', #237);
#239 = CARTESIAN_POINT('', (-0., 0.3048, 0.9017));
#240 = VERTEX_POINT('', #239);
#241 = CARTESIAN_POINT('', (-0., -0.3048, 0.8636));
#242 = VERTEX_POINT('', #241);
#243 = CARTESIAN_POINT('', (-0., -0.3048, 0.9017));
#244 = VERTEX_POINT('', #243);
#245 = CARTESIAN_POINT('', (0.0254, 0.0015875, 1.1176));
#246 = VERTEX_POINT('', #245);
#247 = CARTESIAN_POINT('', (1.1938, 0.0015875, 1.1176));
#248 = VERTEX_POINT('', #247);
#249 = CARTESIAN_POINT('', (1.1811, -0.1016, 0.0127));
#250 = VERTEX_POINT('', #249);
#251 = CARTESIAN_POINT('', (1.1811, 0.1016, 0.0127));
#252 = VERTEX_POINT('', #251);
#253 = CARTESIAN_POINT('', (1.1811, 0.1016, 0.1397));
#254 = VERTEX_POINT('', #253);
#255 = CARTESIAN_POINT('', (1.1811, -0.1016, 0.1397));
#256 = VERTEX_POINT('', #255);
#257 = CARTESIAN_POINT('', (0.9271, 0.1016, 0.0127));
#258 = VERTEX_POINT('', #257);
#259 = CARTESIAN_POINT('', (0.9271, 0.1016, 0.1397));
#260 = VERTEX_POINT('', #259);
#261 = CARTESIAN_POINT('', (0.9271, -0.1016, 0.0127));
#262 = VERTEX_POINT('', #261);
#263 = CARTESIAN_POINT('', (0.9271, -0.1016, 0.1397));
#264 = VERTEX_POINT('', #263);
#265 = CARTESIAN_POINT('', (1.1811, 0.28575, 0.2032));
#266 = VERTEX_POINT('', #265);
#267 = CARTESIAN_POINT('', (1.1811, 0.3048, 0.2032));
#268 = VERTEX_POINT('', #267);
#269 = CARTESIAN_POINT('', (1.1811, 0.3048, 0.8636));
#270 = VERTEX_POINT('', #269);
#271 = CARTESIAN_POINT('', (1.1811, 0.28575, 0.8636));
#272 = VERTEX_POINT('', #271);
#273 = CARTESIAN_POINT('', (0.0381, 0.3048, 0.2032));
#274 = VERTEX_POINT('', #273);
#275 = CARTESIAN_POINT('', (0.0381, 0.3048, 0.8636));
#276 = VERTEX_POINT('', #275);
#277 = CARTESIAN_POINT('', (0.0381, 0.28575, 0.2032));
#278 = VERTEX_POINT('', #277);
#279 = CARTESIAN_POINT('', (0.0381, 0.28575, 0.8636));
#280 = VERTEX_POINT('', #279);
#281 = CARTESIAN_POINT('', (0.6096, -0.254, 0.2032));
#282 = VERTEX_POINT('', #281);
#283 = CARTESIAN_POINT('', (0.6096, 0.254, 0.2032));
#284 = VERTEX_POINT('', #283);
#285 = CARTESIAN_POINT('', (0.6096, 0.254, 0.2413));
#286 = VERTEX_POINT('', #285);
#287 = CARTESIAN_POINT('', (0.6096, -0.254, 0.2413));
#288 = VERTEX_POINT('', #287);
#289 = CARTESIAN_POINT('', (0., 0.254, 0.2032));
#290 = VERTEX_POINT('', #289);
#291 = CARTESIAN_POINT('', (0., 0.254, 0.2413));
#292 = VERTEX_POINT('', #291);
#293 = CARTESIAN_POINT('', (0., -0.254, 0.2032));
#294 = VERTEX_POINT('', #293);
#295 = CARTESIAN_POINT('', (0., -0.254, 0.2413));
#296 = VERTEX_POINT('', #295);
#297 = CARTESIAN_POINT('', (0.4953, -0.1524, 0.2413));
#298 = VERTEX_POINT('', #297);
#299 = CARTESIAN_POINT('', (0.4953, 0.1524, 0.2413));
#300 = VERTEX_POINT('', #299);
#301 = CARTESIAN_POINT('', (0.4953, 0.1524, 0.5461));
#302 = VERTEX_POINT('', #301);
#303 = CARTESIAN_POINT('', (0.4953, -0.1524, 0.5461));
#304 = VERTEX_POINT('', #303);
#305 = CARTESIAN_POINT('', (0.1143, 0.1524, 0.2413));
#306 = VERTEX_POINT('', #305);
#307 = CARTESIAN_POINT('', (0.1143, 0.1524, 0.5461));
#308 = VERTEX_POINT('', #307);
#309 = CARTESIAN_POINT('', (0.1143, -0.1524, 0.2413));
#310 = VERTEX_POINT('', #309);
#311 = CARTESIAN_POINT('', (0.1143, -0.1524, 0.5461));
#312 = VERTEX_POINT('', #311);
#313 = CARTESIAN_POINT('', (1.1811, -0.3048, 0.18415));
#314 = VERTEX_POINT('', #313);
#315 = CARTESIAN_POINT('', (1.1811, 0.3048, 0.18415));
#316 = VERTEX_POINT('', #315);
#317 = CARTESIAN_POINT('', (1.1811, 0.3048, 0.2032));
#318 = VERTEX_POINT('', #317);
#319 = CARTESIAN_POINT('', (1.1811, -0.3048, 0.2032));
#320 = VERTEX_POINT('', #319);
#321 = CARTESIAN_POINT('', (0.0381, 0.3048, 0.18415));
#322 = VERTEX_POINT('', #321);
#323 = CARTESIAN_POINT('', (0.0381, 0.3048, 0.2032));
#324 = VERTEX_POINT('', #323);
#325 = CARTESIAN_POINT('', (0.0381, -0.3048, 0.18415));
#326 = VERTEX_POINT('', #325);
#327 = CARTESIAN_POINT('', (0.0381, -0.3048, 0.2032));
#328 = VERTEX_POINT('', #327);
#329 = CARTESIAN_POINT('', (0.1524, -0.381, 0.));
#330 = VERTEX_POINT('', #329);
#331 = CARTESIAN_POINT('', (0.1524, -0.2286, 0.));
#332 = VERTEX_POINT('', #331);
#333 = CARTESIAN_POINT('', (0.1524, -0.2286, 0.0762));
#334 = VERTEX_POINT('', #333);
#335 = CARTESIAN_POINT('', (0.1524, -0.381, 0.0762));
#336 = VERTEX_POINT('', #335);
#337 = CARTESIAN_POINT('', (0., -0.2286, 0.));
#338 = VERTEX_POINT('', #337);
#339 = CARTESIAN_POINT('', (0., -0.2286, 0.0762));
#340 = VERTEX_POINT('', #339);
#341 = CARTESIAN_POINT('', (0., -0.381, 0.));
#342 = VERTEX_POINT('', #341);
#343 = CARTESIAN_POINT('', (0., -0.381, 0.0762));
#344 = VERTEX_POINT('', #343);
#345 = CARTESIAN_POINT('', (1.143, -0.2286, 0.941324));
#346 = VERTEX_POINT('', #345);
#347 = CARTESIAN_POINT('', (1.143, 0.2286, 0.941324));
#348 = VERTEX_POINT('', #347);
#349 = CARTESIAN_POINT('', (1.143, 0.2286, 1.106424));
#350 = VERTEX_POINT('', #349);
#351 = CARTESIAN_POINT('', (1.143, -0.2286, 1.106424));
#352 = VERTEX_POINT('', #351);
#353 = CARTESIAN_POINT('', (0.0762, 0.2286, 0.941324));
#354 = VERTEX_POINT('', #353);
#355 = CARTESIAN_POINT('', (0.0762, 0.2286, 1.106424));
#356 = VERTEX_POINT('', #355);
#357 = CARTESIAN_POINT('', (0.0762, -0.2286, 0.941324));
#358 = VERTEX_POINT('', #357);
#359 = CARTESIAN_POINT('', (0.0762, -0.2286, 1.106424));
#360 = VERTEX_POINT('', #359);
#361 = CARTESIAN_POINT('', (0.3556, -0.127, 0.2413));
#362 = VERTEX_POINT('', #361);
#363 = CARTESIAN_POINT('', (0.3556, 0.127, 0.2413));
#364 = VERTEX_POINT('', #363);
#365 = CARTESIAN_POINT('', (0.3556, 0.127, 0.979424));
#366 = VERTEX_POINT('', #365);
#367 = CARTESIAN_POINT('', (0.3556, -0.127, 0.979424));
#368 = VERTEX_POINT('', #367);
#369 = CARTESIAN_POINT('', (0.254, 0.127, 0.2413));
#370 = VERTEX_POINT('', #369);
#371 = CARTESIAN_POINT('', (0.254, 0.127, 0.979424));
#372 = VERTEX_POINT('', #371);
#373 = CARTESIAN_POINT('', (0.254, -0.127, 0.2413));
#374 = VERTEX_POINT('', #373);
#375 = CARTESIAN_POINT('', (0.254, -0.127, 0.979424));
#376 = VERTEX_POINT('', #375);
#377 = CARTESIAN_POINT('', (0., 0.381, 0.));
#378 = VERTEX_POINT('', #377);
#379 = CARTESIAN_POINT('', (0., 0.3048, 0.8636));
#380 = VERTEX_POINT('', #379);
#381 = CARTESIAN_POINT('', (0.0381, 0.3048, 0.8636));
#382 = VERTEX_POINT('', #381);
#383 = CARTESIAN_POINT('', (0.0381, 0.381, 0.));
#384 = VERTEX_POINT('', #383);
#385 = CARTESIAN_POINT('', (0., -0.3048, 0.8636));
#386 = VERTEX_POINT('', #385);
#387 = CARTESIAN_POINT('', (0.0381, -0.3048, 0.8636));
#388 = VERTEX_POINT('', #387);
#389 = CARTESIAN_POINT('', (0., -0.381, 0.));
#390 = VERTEX_POINT('', #389);
#391 = CARTESIAN_POINT('', (0.0381, -0.381, 0.));
#392 = VERTEX_POINT('', #391);
#393 = CARTESIAN_POINT('', (1.2192, -0.3048, 0.9398));
#394 = VERTEX_POINT('', #393);
#395 = CARTESIAN_POINT('', (1.2192, 0.3048, 0.9398));
#396 = VERTEX_POINT('', #395);
#397 = CARTESIAN_POINT('', (1.2192, 0.3048, 0.941324));
#398 = VERTEX_POINT('', #397);
#399 = CARTESIAN_POINT('', (1.2192, -0.3048, 0.941324));
#400 = VERTEX_POINT('', #399);
#401 = CARTESIAN_POINT('', (0., 0.3048, 0.9398));
#402 = VERTEX_POINT('', #401);
#403 = CARTESIAN_POINT('', (0., 0.3048, 0.941324));
#404 = VERTEX_POINT('', #403);
#405 = CARTESIAN_POINT('', (0., -0.3048, 0.9398));
#406 = VERTEX_POINT('', #405);
#407 = CARTESIAN_POINT('', (0., -0.3048, 0.941324));
#408 = VERTEX_POINT('', #407);
#409 = CARTESIAN_POINT('', (0.254, -0.3048, 0.9017));
#410 = VERTEX_POINT('', #409);
#411 = CARTESIAN_POINT('', (0.254, 0.3048, 0.9017));
#412 = VERTEX_POINT('', #411);
#413 = CARTESIAN_POINT('', (0.254, 0.3048, 0.9398));
#414 = VERTEX_POINT('', #413);
#415 = CARTESIAN_POINT('', (0.254, -0.3048, 0.9398));
#416 = VERTEX_POINT('', #415);
#417 = CARTESIAN_POINT('', (-0., 0.3048, 0.9017));
#418 = VERTEX_POINT('', #417);
#419 = CARTESIAN_POINT('', (-0., 0.3048, 0.9398));
#420 = VERTEX_POINT('', #419);
#421 = CARTESIAN_POINT('', (-0., -0.3048, 0.9017));
#422 = VERTEX_POINT('', #421);
#423 = CARTESIAN_POINT('', (-0., -0.3048, 0.9398));
#424 = VERTEX_POINT('', #423);
#425 = CARTESIAN_POINT('', (0.0127, -0.0127, -0.0127));
#426 = VERTEX_POINT('', #425);
#427 = CARTESIAN_POINT('', (0.0127, 0.0127, -0.0127));
#428 = VERTEX_POINT('', #427);
#429 = CARTESIAN_POINT('', (0.0127, 0.0127, 0.0127));
#430 = VERTEX_POINT('', #429);
#431 = CARTESIAN_POINT('', (0.0127, -0.0127, 0.0127));
#432 = VERTEX_POINT('', #431);
#433 = CARTESIAN_POINT('', (-0.0127, 0.0127, -0.0127));
#434 = VERTEX_POINT('', #433);
#435 = CARTESIAN_POINT('', (-0.0127, 0.0127, 0.0127));
#436 = VERTEX_POINT('', #435);
#437 = CARTESIAN_POINT('', (-0.0127, -0.0127, -0.0127));
#438 = VERTEX_POINT('', #437);
#439 = CARTESIAN_POINT('', (-0.0127, -0.0127, 0.0127));
#440 = VERTEX_POINT('', #439);
#441 = CARTESIAN_POINT('', (-0.0127, 0.0127, 0.));
#442 = VERTEX_POINT('', #441);
#443 = CARTESIAN_POINT('', (0.0127, 0.0127, 0.));
#444 = VERTEX_POINT('', #443);
#445 = DIRECTION('', (0., 1., 0.));
#446 = VECTOR('', #445, 1.);
#447 = CARTESIAN_POINT('', (1.2192, 0.2286, 0.));
#448 = LINE('', #447, #446);
#449 = DIRECTION('', (0., -0., 1.));
#450 = VECTOR('', #449, 1.);
#451 = CARTESIAN_POINT('', (1.2192, 0.381, 0.));
#452 = LINE('', #451, #450);
#453 = DIRECTION('', (0., 1., 0.));
#454 = VECTOR('', #453, 1.);
#455 = CARTESIAN_POINT('', (1.2192, 0.2286, 0.0762));
#456 = LINE('', #455, #454);
#457 = DIRECTION('', (0., -0., 1.));
#458 = VECTOR('', #457, 1.);
#459 = CARTESIAN_POINT('', (1.2192, 0.2286, 0.));
#460 = LINE('', #459, #458);
#461 = DIRECTION('', (-1., -0., 0.));
#462 = VECTOR('', #461, 1.);
#463 = CARTESIAN_POINT('', (1.2192, 0.381, 0.));
#464 = LINE('', #463, #462);
#465 = DIRECTION('', (0., -0., 1.));
#466 = VECTOR('', #465, 1.);
#467 = CARTESIAN_POINT('', (1.0668, 0.381, 0.));
#468 = LINE('', #467, #466);
#469 = DIRECTION('', (-1., -0., 0.));
#470 = VECTOR('', #469, 1.);
#471 = CARTESIAN_POINT('', (1.2192, 0.381, 0.0762));
#472 = LINE('', #471, #470);
#473 = DIRECTION('', (0., -1., 0.));
#474 = VECTOR('', #473, 1.);
#475 = CARTESIAN_POINT('', (1.0668, 0.381, 0.));
#476 = LINE('', #475, #474);
#477 = DIRECTION('', (0., -0., 1.));
#478 = VECTOR('', #477, 1.);
#479 = CARTESIAN_POINT('', (1.0668, 0.2286, 0.));
#480 = LINE('', #479, #478);
#481 = DIRECTION('', (0., -1., 0.));
#482 = VECTOR('', #481, 1.);
#483 = CARTESIAN_POINT('', (1.0668, 0.381, 0.0762));
#484 = LINE('', #483, #482);
#485 = DIRECTION('', (1., -0., 0.));
#486 = VECTOR('', #485, 1.);
#487 = CARTESIAN_POINT('', (1.0668, 0.2286, 0.));
#488 = LINE('', #487, #486);
#489 = DIRECTION('', (1., -0., 0.));
#490 = VECTOR('', #489, 1.);
#491 = CARTESIAN_POINT('', (1.0668, 0.2286, 0.0762));
#492 = LINE('', #491, #490);
#493 = DIRECTION('', (0., 1., 0.));
#494 = VECTOR('', #493, 1.);
#495 = CARTESIAN_POINT('', (0.1524, 0.2286, 0.));
#496 = LINE('', #495, #494);
#497 = DIRECTION('', (0., -0., 1.));
#498 = VECTOR('', #497, 1.);
#499 = CARTESIAN_POINT('', (0.1524, 0.381, 0.));
#500 = LINE('', #499, #498);
#501 = DIRECTION('', (0., 1., 0.));
#502 = VECTOR('', #501, 1.);
#503 = CARTESIAN_POINT('', (0.1524, 0.2286, 0.0762));
#504 = LINE('', #503, #502);
#505 = DIRECTION('', (0., -0., 1.));
#506 = VECTOR('', #505, 1.);
#507 = CARTESIAN_POINT('', (0.1524, 0.2286, 0.));
#508 = LINE('', #507, #506);
#509 = DIRECTION('', (-1., -0., 0.));
#510 = VECTOR('', #509, 1.);
#511 = CARTESIAN_POINT('', (0.1524, 0.381, 0.));
#512 = LINE('', #511, #510);
#513 = DIRECTION('', (0., -0., 1.));
#514 = VECTOR('', #513, 1.);
#515 = CARTESIAN_POINT('', (0., 0.381, 0.));
#516 = LINE('', #515, #514);
#517 = DIRECTION('', (-1., -0., 0.));
#518 = VECTOR('', #517, 1.);
#519 = CARTESIAN_POINT('', (0.1524, 0.381, 0.0762));
#520 = LINE('', #519, #518);
#521 = DIRECTION('', (0., -1., 0.));
#522 = VECTOR('', #521, 1.);
#523 = CARTESIAN_POINT('', (0., 0.381, 0.));
#524 = LINE('', #523, #522);
#525 = DIRECTION('', (0., -0., 1.));
#526 = VECTOR('', #525, 1.);
#527 = CARTESIAN_POINT('', (0., 0.2286, 0.));
#528 = LINE('', #527, #526);
#529 = DIRECTION('', (0., -1., 0.));
#530 = VECTOR('', #529, 1.);
#531 = CARTESIAN_POINT('', (0., 0.381, 0.0762));
#532 = LINE('', #531, #530);
#533 = DIRECTION('', (1., -0., 0.));
#534 = VECTOR('', #533, 1.);
#535 = CARTESIAN_POINT('', (0., 0.2286, 0.));
#536 = LINE('', #535, #534);
#537 = DIRECTION('', (1., -0., 0.));
#538 = VECTOR('', #537, 1.);
#539 = CARTESIAN_POINT('', (0., 0.2286, 0.0762));
#540 = LINE('', #539, #538);
#541 = DIRECTION('', (0., 1., 0.));
#542 = VECTOR('', #541, 1.);
#543 = CARTESIAN_POINT('', (1.2192, -0.381, 0.));
#544 = LINE('', #543, #542);
#545 = DIRECTION('', (0., -0., 1.));
#546 = VECTOR('', #545, 1.);
#547 = CARTESIAN_POINT('', (1.2192, -0.2286, 0.));
#548 = LINE('', #547, #546);
#549 = DIRECTION('', (0., 1., 0.));
#550 = VECTOR('', #549, 1.);
#551 = CARTESIAN_POINT('', (1.2192, -0.381, 0.0762));
#552 = LINE('', #551, #550);
#553 = DIRECTION('', (0., -0., 1.));
#554 = VECTOR('', #553, 1.);
#555 = CARTESIAN_POINT('', (1.2192, -0.381, 0.));
#556 = LINE('', #555, #554);
#557 = DIRECTION('', (-1., -0., 0.));
#558 = VECTOR('', #557, 1.);
#559 = CARTESIAN_POINT('', (1.2192, -0.2286, 0.));
#560 = LINE('', #559, #558);
#561 = DIRECTION('', (0., -0., 1.));
#562 = VECTOR('', #561, 1.);
#563 = CARTESIAN_POINT('', (1.0668, -0.2286, 0.));
#564 = LINE('', #563, #562);
#565 = DIRECTION('', (-1., -0., 0.));
#566 = VECTOR('', #565, 1.);
#567 = CARTESIAN_POINT('', (1.2192, -0.2286, 0.0762));
#568 = LINE('', #567, #566);
#569 = DIRECTION('', (0., -1., 0.));
#570 = VECTOR('', #569, 1.);
#571 = CARTESIAN_POINT('', (1.0668, -0.2286, 0.));
#572 = LINE('', #571, #570);
#573 = DIRECTION('', (0., -0., 1.));
#574 = VECTOR('', #573, 1.);
#575 = CARTESIAN_POINT('', (1.0668, -0.381, 0.));
#576 = LINE('', #575, #574);
#577 = DIRECTION('', (0., -1., 0.));
#578 = VECTOR('', #577, 1.);
#579 = CARTESIAN_POINT('', (1.0668, -0.2286, 0.0762));
#580 = LINE('', #579, #578);
#581 = DIRECTION('', (1., -0., 0.));
#582 = VECTOR('', #581, 1.);
#583 = CARTESIAN_POINT('', (1.0668, -0.381, 0.));
#584 = LINE('', #583, #582);
#585 = DIRECTION('', (1., -0., 0.));
#586 = VECTOR('', #585, 1.);
#587 = CARTESIAN_POINT('', (1.0668, -0.381, 0.0762));
#588 = LINE('', #587, #586);
#589 = DIRECTION('', (0., -0.08789381, 0.99612985));
#590 = VECTOR('', #589, 1.);
#591 = CARTESIAN_POINT('', (1.1811, 0.381, 0.));
#592 = LINE('', #591, #590);
#593 = DIRECTION('', (1., -0., 0.));
#594 = VECTOR('', #593, 1.);
#595 = CARTESIAN_POINT('', (1.1811, 0.3048, 0.8636));
#596 = LINE('', #595, #594);
#597 = DIRECTION('', (0., -0.08789381, 0.99612985));
#598 = VECTOR('', #597, 1.);
#599 = CARTESIAN_POINT('', (1.2192, 0.381, 0.));
#600 = LINE('', #599, #598);
#601 = DIRECTION('', (1., -0., 0.));
#602 = VECTOR('', #601, 1.);
#603 = CARTESIAN_POINT('', (1.1811, 0.381, 0.));
#604 = LINE('', #603, #602);
#605 = DIRECTION('', (0., -1., 0.));
#606 = VECTOR('', #605, 1.);
#607 = CARTESIAN_POINT('', (1.1811, 0.3048, 0.8636));
#608 = LINE('', #607, #606);
#609 = DIRECTION('', (1., -0., 0.));
#610 = VECTOR('', #609, 1.);
#611 = CARTESIAN_POINT('', (1.1811, -0.3048, 0.8636));
#612 = LINE('', #611, #610);
#613 = DIRECTION('', (0., -1., 0.));
#614 = VECTOR('', #613, 1.);
#615 = CARTESIAN_POINT('', (1.2192, 0.3048, 0.8636));
#616 = LINE('', #615, #614);
#617 = DIRECTION('', (0., -0.08789381, -0.99612985));
#618 = VECTOR('', #617, 1.);
#619 = CARTESIAN_POINT('', (1.1811, -0.3048, 0.8636));
#620 = LINE('', #619, #618);
#621 = DIRECTION('', (1., -0., 0.));
#622 = VECTOR('', #621, 1.);
#623 = CARTESIAN_POINT('', (1.1811, -0.381, 0.));
#624 = LINE('', #623, #622);
#625 = DIRECTION('', (0., -0.08789381, -0.99612985));
#626 = VECTOR('', #625, 1.);
#627 = CARTESIAN_POINT('', (1.2192, -0.3048, 0.8636));
#628 = LINE('', #627, #626);
#629 = DIRECTION('', (0., 1., 0.));
#630 = VECTOR('', #629, 1.);
#631 = CARTESIAN_POINT('', (1.1811, -0.381, 0.));
#632 = LINE('', #631, #630);
#633 = DIRECTION('', (0., 1., 0.));
#634 = VECTOR('', #633, 1.);
#635 = CARTESIAN_POINT('', (1.2192, -0.381, 0.));
#636 = LINE('', #635, #634);
#637 = DIRECTION('', (0., 1., 0.));
#638 = VECTOR('', #637, 1.);
#639 = CARTESIAN_POINT('', (1.2192, -0.3048, 0.9398));
#640 = LINE('', #639, #638);
#641 = DIRECTION('', (0., -0., 1.));
#642 = VECTOR('', #641, 1.);
#643 = CARTESIAN_POINT('', (1.2192, 0.3048, 0.9398));
#644 = LINE('', #643, #642);
#645 = DIRECTION('', (0., 1., 0.));
#646 = VECTOR('', #645, 1.);
#647 = CARTESIAN_POINT('', (1.2192, -0.3048, 0.9779));
#648 = LINE('', #647, #646);
#649 = DIRECTION('', (0., -0., 1.));
#650 = VECTOR('', #649, 1.);
#651 = CARTESIAN_POINT('', (1.2192, -0.3048, 0.9398));
#652 = LINE('', #651, #650);
#653 = DIRECTION('', (-1., -0., 0.));
#654 = VECTOR('', #653, 1.);
#655 = CARTESIAN_POINT('', (1.2192, 0.3048, 0.9398));
#656 = LINE('', #655, #654);
#657 = DIRECTION('', (0., -0., 1.));
#658 = VECTOR('', #657, 1.);
#659 = CARTESIAN_POINT('', (1.217676, 0.3048, 0.9398));
#660 = LINE('', #659, #658);
#661 = DIRECTION('', (-1., -0., 0.));
#662 = VECTOR('', #661, 1.);
#663 = CARTESIAN_POINT('', (1.2192, 0.3048, 0.9779));
#664 = LINE('', #663, #662);
#665 = DIRECTION('', (0., -1., 0.));
#666 = VECTOR('', #665, 1.);
#667 = CARTESIAN_POINT('', (1.217676, 0.3048, 0.9398));
#668 = LINE('', #667, #666);
#669 = DIRECTION('', (0., -0., 1.));
#670 = VECTOR('', #669, 1.);
#671 = CARTESIAN_POINT('', (1.217676, -0.3048, 0.9398));
#672 = LINE('', #671, #670);
#673 = DIRECTION('', (0., -1., 0.));
#674 = VECTOR('', #673, 1.);
#675 = CARTESIAN_POINT('', (1.217676, 0.3048, 0.9779));
#676 = LINE('', #675, #674);
#677 = DIRECTION('', (1., -0., 0.));
#678 = VECTOR('', #677, 1.);
#679 = CARTESIAN_POINT('', (1.217676, -0.3048, 0.9398));
#680 = LINE('', #679, #678);
#681 = DIRECTION('', (1., -0., 0.));
#682 = VECTOR('', #681, 1.);
#683 = CARTESIAN_POINT('', (1.217676, -0.3048, 0.9779));
#684 = LINE('', #683, #682);
#685 = DIRECTION('', (0., 1., 0.));
#686 = VECTOR('', #685, 1.);
#687 = CARTESIAN_POINT('', (0.3556, 0.127, 0.8636));
#688 = LINE('', #687, #686);
#689 = DIRECTION('', (0., -0., 1.));
#690 = VECTOR('', #689, 1.);
#691 = CARTESIAN_POINT('', (0.3556, 0.3048, 0.8636));
#692 = LINE('', #691, #690);
#693 = DIRECTION('', (0., 1., 0.));
#694 = VECTOR('', #693, 1.);
#695 = CARTESIAN_POINT('', (0.3556, 0.127, 0.9017));
#696 = LINE('', #695, #694);
#697 = DIRECTION('', (0., -0., 1.));
#698 = VECTOR('', #697, 1.);
#699 = CARTESIAN_POINT('', (0.3556, 0.127, 0.8636));
#700 = LINE('', #699, #698);
#701 = DIRECTION('', (-1., -0., 0.));
#702 = VECTOR('', #701, 1.);
#703 = CARTESIAN_POINT('', (0.3556, 0.3048, 0.8636));
#704 = LINE('', #703, #702);
#705 = DIRECTION('', (0., -0., 1.));
#706 = VECTOR('', #705, 1.);
#707 = CARTESIAN_POINT('', (0.254, 0.3048, 0.8636));
#708 = LINE('', #707, #706);
#709 = DIRECTION('', (-1., -0., 0.));
#710 = VECTOR('', #709, 1.);
#711 = CARTESIAN_POINT('', (0.3556, 0.3048, 0.9017));
#712 = LINE('', #711, #710);
#713 = DIRECTION('', (0., -1., 0.));
#714 = VECTOR('', #713, 1.);
#715 = CARTESIAN_POINT('', (0.254, 0.3048, 0.8636));
#716 = LINE('', #715, #714);
#717 = DIRECTION('', (0., -0., 1.));
#718 = VECTOR('', #717, 1.);
#719 = CARTESIAN_POINT('', (0.254, 0.127, 0.8636));
#720 = LINE('', #719, #718);
#721 = DIRECTION('', (0., -1., 0.));
#722 = VECTOR('', #721, 1.);
#723 = CARTESIAN_POINT('', (0.254, 0.3048, 0.9017));
#724 = LINE('', #723, #722);
#725 = DIRECTION('', (1., -0., 0.));
#726 = VECTOR('', #725, 1.);
#727 = CARTESIAN_POINT('', (0.254, 0.127, 0.8636));
#728 = LINE('', #727, #726);
#729 = DIRECTION('', (1., -0., 0.));
#730 = VECTOR('', #729, 1.);
#731 = CARTESIAN_POINT('', (0.254, 0.127, 0.9017));
#732 = LINE('', #731, #730);
#733 = DIRECTION('', (0., 1., 0.));
#734 = VECTOR('', #733, 1.);
#735 = CARTESIAN_POINT('', (0.001524, -0.3048, 0.9398));
#736 = LINE('', #735, #734);
#737 = DIRECTION('', (0., -0., 1.));
#738 = VECTOR('', #737, 1.);
#739 = CARTESIAN_POINT('', (0.001524, 0.3048, 0.9398));
#740 = LINE('', #739, #738);
#741 = DIRECTION('', (0., 1., 0.));
#742 = VECTOR('', #741, 1.);
#743 = CARTESIAN_POINT('', (0.001524, -0.3048, 0.9779));
#744 = LINE('', #743, #742);
#745 = DIRECTION('', (0., -0., 1.));
#746 = VECTOR('', #745, 1.);
#747 = CARTESIAN_POINT('', (0.001524, -0.3048, 0.9398));
#748 = LINE('', #747, #746);
#749 = DIRECTION('', (-1., -0., 0.));
#750 = VECTOR('', #749, 1.);
#751 = CARTESIAN_POINT('', (0.001524, 0.3048, 0.9398));
#752 = LINE('', #751, #750);
#753 = DIRECTION('', (0., -0., 1.));
#754 = VECTOR('', #753, 1.);
#755 = CARTESIAN_POINT('', (0., 0.3048, 0.9398));
#756 = LINE('', #755, #754);
#757 = DIRECTION('', (-1., -0., 0.));
#758 = VECTOR('', #757, 1.);
#759 = CARTESIAN_POINT('', (0.001524, 0.3048, 0.9779));
#760 = LINE('', #759, #758);
#761 = DIRECTION('', (0., -1., 0.));
#762 = VECTOR('', #761, 1.);
#763 = CARTESIAN_POINT('', (0., 0.3048, 0.9398));
#764 = LINE('', #763, #762);
#765 = DIRECTION('', (0., -0., 1.));
#766 = VECTOR('', #765, 1.);
#767 = CARTESIAN_POINT('', (0., -0.3048, 0.9398));
#768 = LINE('', #767, #766);
#769 = DIRECTION('', (0., -1., 0.));
#770 = VECTOR('', #769, 1.);
#771 = CARTESIAN_POINT('', (0., 0.3048, 0.9779));
#772 = LINE('', #771, #770);
#773 = DIRECTION('', (1., -0., 0.));
#774 = VECTOR('', #773, 1.);
#775 = CARTESIAN_POINT('', (0., -0.3048, 0.9398));
#776 = LINE('', #775, #774);
#777 = DIRECTION('', (1., -0., 0.));
#778 = VECTOR('', #777, 1.);
#779 = CARTESIAN_POINT('', (0., -0.3048, 0.9779));
#780 = LINE('', #779, #778);
#781 = DIRECTION('', (0., 1., 0.));
#782 = VECTOR('', #781, 1.);
#783 = CARTESIAN_POINT('', (0.3556, 0.127, 0.9017));
#784 = LINE('', #783, #782);
#785 = DIRECTION('', (0., -0., 1.));
#786 = VECTOR('', #785, 1.);
#787 = CARTESIAN_POINT('', (0.3556, 0.3048, 0.9017));
#788 = LINE('', #787, #786);
#789 = DIRECTION('', (0., 1., 0.));
#790 = VECTOR('', #789, 1.);
#791 = CARTESIAN_POINT('', (0.3556, 0.127, 0.9398));
#792 = LINE('', #791, #790);
#793 = DIRECTION('', (0., -0., 1.));
#794 = VECTOR('', #793, 1.);
#795 = CARTESIAN_POINT('', (0.3556, 0.127, 0.9017));
#796 = LINE('', #795, #794);
#797 = DIRECTION('', (-1., -0., 0.));
#798 = VECTOR('', #797, 1.);
#799 = CARTESIAN_POINT('', (0.3556, 0.3048, 0.9017));
#800 = LINE('', #799, #798);
#801 = DIRECTION('', (0., -0., 1.));
#802 = VECTOR('', #801, 1.);
#803 = CARTESIAN_POINT('', (0.254, 0.3048, 0.9017));
#804 = LINE('', #803, #802);
#805 = DIRECTION('', (-1., -0., 0.));
#806 = VECTOR('', #805, 1.);
#807 = CARTESIAN_POINT('', (0.3556, 0.3048, 0.9398));
#808 = LINE('', #807, #806);
#809 = DIRECTION('', (0., -1., 0.));
#810 = VECTOR('', #809, 1.);
#811 = CARTESIAN_POINT('', (0.254, 0.3048, 0.9017));
#812 = LINE('', #811, #810);
#813 = DIRECTION('', (0., -0., 1.));
#814 = VECTOR('', #813, 1.);
#815 = CARTESIAN_POINT('', (0.254, 0.127, 0.9017));
#816 = LINE('', #815, #814);
#817 = DIRECTION('', (0., -1., 0.));
#818 = VECTOR('', #817, 1.);
#819 = CARTESIAN_POINT('', (0.254, 0.3048, 0.9398));
#820 = LINE('', #819, #818);
#821 = DIRECTION('', (1., -0., 0.));
#822 = VECTOR('', #821, 1.);
#823 = CARTESIAN_POINT('', (0.254, 0.127, 0.9017));
#824 = LINE('', #823, #822);
#825 = DIRECTION('', (1., -0., 0.));
#826 = VECTOR('', #825, 1.);
#827 = CARTESIAN_POINT('', (0.254, 0.127, 0.9398));
#828 = LINE('', #827, #826);
#829 = DIRECTION('', (0., 1., 0.));
#830 = VECTOR('', #829, 1.);
#831 = CARTESIAN_POINT('', (0.3556, -0.3048, 0.8636));
#832 = LINE('', #831, #830);
#833 = DIRECTION('', (0., -0., 1.));
#834 = VECTOR('', #833, 1.);
#835 = CARTESIAN_POINT('', (0.3556, -0.127, 0.8636));
#836 = LINE('', #835, #834);
#837 = DIRECTION('', (0., 1., 0.));
#838 = VECTOR('', #837, 1.);
#839 = CARTESIAN_POINT('', (0.3556, -0.3048, 0.9017));
#840 = LINE('', #839, #838);
#841 = DIRECTION('', (0., -0., 1.));
#842 = VECTOR('', #841, 1.);
#843 = CARTESIAN_POINT('', (0.3556, -0.3048, 0.8636));
#844 = LINE('', #843, #842);
#845 = DIRECTION('', (-1., -0., 0.));
#846 = VECTOR('', #845, 1.);
#847 = CARTESIAN_POINT('', (0.3556, -0.127, 0.8636));
#848 = LINE('', #847, #846);
#849 = DIRECTION('', (0., -0., 1.));
#850 = VECTOR('', #849, 1.);
#851 = CARTESIAN_POINT('', (0.254, -0.127, 0.8636));
#852 = LINE('', #851, #850);
#853 = DIRECTION('', (-1., -0., 0.));
#854 = VECTOR('', #853, 1.);
#855 = CARTESIAN_POINT('', (0.3556, -0.127, 0.9017));
#856 = LINE('', #855, #854);
#857 = DIRECTION('', (0., -1., 0.));
#858 = VECTOR('', #857, 1.);
#859 = CARTESIAN_POINT('', (0.254, -0.127, 0.8636));
#860 = LINE('', #859, #858);
#861 = DIRECTION('', (0., -0., 1.));
#862 = VECTOR('', #861, 1.);
#863 = CARTESIAN_POINT('', (0.254, -0.3048, 0.8636));
#864 = LINE('', #863, #862);
#865 = DIRECTION('', (0., -1., 0.));
#866 = VECTOR('', #865, 1.);
#867 = CARTESIAN_POINT('', (0.254, -0.127, 0.9017));
#868 = LINE('', #867, #866);
#869 = DIRECTION('', (1., -0., 0.));
#870 = VECTOR('', #869, 1.);
#871 = CARTESIAN_POINT('', (0.254, -0.3048, 0.8636));
#872 = LINE('', #871, #870);
#873 = DIRECTION('', (1., -0., 0.));
#874 = VECTOR('', #873, 1.);
#875 = CARTESIAN_POINT('', (0.254, -0.3048, 0.9017));
#876 = LINE('', #875, #874);
#877 = DIRECTION('', (0., 1., 0.));
#878 = VECTOR('', #877, 1.);
#879 = CARTESIAN_POINT('', (1.2192, -0.3048, 0.9398));
#880 = LINE('', #879, #878);
#881 = DIRECTION('', (0., -0., 1.));
#882 = VECTOR('', #881, 1.);
#883 = CARTESIAN_POINT('', (1.2192, -0.303276, 0.9398));
#884 = LINE('', #883, #882);
#885 = DIRECTION('', (0., 1., 0.));
#886 = VECTOR('', #885, 1.);
#887 = CARTESIAN_POINT('', (1.2192, -0.3048, 0.9525));
#888 = LINE('', #887, #886);
#889 = DIRECTION('', (0., -0., 1.));
#890 = VECTOR('', #889, 1.);
#891 = CARTESIAN_POINT('', (1.2192, -0.3048, 0.9398));
#892 = LINE('', #891, #890);
#893 = DIRECTION('', (-1., -0., 0.));
#894 = VECTOR('', #893, 1.);
#895 = CARTESIAN_POINT('', (1.2192, -0.303276, 0.9398));
#896 = LINE('', #895, #894);
#897 = DIRECTION('', (0., -0., 1.));
#898 = VECTOR('', #897, 1.);
#899 = CARTESIAN_POINT('', (0., -0.303276, 0.9398));
#900 = LINE('', #899, #898);
#901 = DIRECTION('', (-1., -0., 0.));
#902 = VECTOR('', #901, 1.);
#903 = CARTESIAN_POINT('', (1.2192, -0.303276, 0.9525));
#904 = LINE('', #903, #902);
#905 = DIRECTION('', (0., -1., 0.));
#906 = VECTOR('', #905, 1.);
#907 = CARTESIAN_POINT('', (0., -0.303276, 0.9398));
#908 = LINE('', #907, #906);
#909 = DIRECTION('', (0., -0., 1.));
#910 = VECTOR('', #909, 1.);
#911 = CARTESIAN_POINT('', (0., -0.3048, 0.9398));
#912 = LINE('', #911, #910);
#913 = DIRECTION('', (0., -1., 0.));
#914 = VECTOR('', #913, 1.);
#915 = CARTESIAN_POINT('', (0., -0.303276, 0.9525));
#916 = LINE('', #915, #914);
#917 = DIRECTION('', (1., -0., 0.));
#918 = VECTOR('', #917, 1.);
#919 = CARTESIAN_POINT('', (0., -0.3048, 0.9398));
#920 = LINE('', #919, #918);
#921 = DIRECTION('', (1., -0., 0.));
#922 = VECTOR('', #921, 1.);
#923 = CARTESIAN_POINT('', (0., -0.3048, 0.9525));
#924 = LINE('', #923, #922);
#925 = DIRECTION('', (0., 1., 0.));
#926 = VECTOR('', #925, 1.);
#927 = CARTESIAN_POINT('', (0.3556, -0.3048, 0.9017));
#928 = LINE('', #927, #926);
#929 = DIRECTION('', (0., -0., 1.));
#930 = VECTOR('', #929, 1.);
#931 = CARTESIAN_POINT('', (0.3556, -0.127, 0.9017));
#932 = LINE('', #931, #930);
#933 = DIRECTION('', (0., 1., 0.));
#934 = VECTOR('', #933, 1.);
#935 = CARTESIAN_POINT('', (0.3556, -0.3048, 0.9398));
#936 = LINE('', #935, #934);
#937 = DIRECTION('', (0., -0., 1.));
#938 = VECTOR('', #937, 1.);
#939 = CARTESIAN_POINT('', (0.3556, -0.3048, 0.9017));
#940 = LINE('', #939, #938);
#941 = DIRECTION('', (-1., -0., 0.));
#942 = VECTOR('', #941, 1.);
#943 = CARTESIAN_POINT('', (0.3556, -0.127, 0.9017));
#944 = LINE('', #943, #942);
#945 = DIRECTION('', (0., -0., 1.));
#946 = VECTOR('', #945, 1.);
#947 = CARTESIAN_POINT('', (0.254, -0.127, 0.9017));
#948 = LINE('', #947, #946);
#949 = DIRECTION('', (-1., -0., 0.));
#950 = VECTOR('', #949, 1.);
#951 = CARTESIAN_POINT('', (0.3556, -0.127, 0.9398));
#952 = LINE('', #951, #950);
#953 = DIRECTION('', (0., -1., 0.));
#954 = VECTOR('', #953, 1.);
#955 = CARTESIAN_POINT('', (0.254, -0.127, 0.9017));
#956 = LINE('', #955, #954);
#957 = DIRECTION('', (0., -0., 1.));
#958 = VECTOR('', #957, 1.);
#959 = CARTESIAN_POINT('', (0.254, -0.3048, 0.9017));
#960 = LINE('', #959, #958);
#961 = DIRECTION('', (0., -1., 0.));
#962 = VECTOR('', #961, 1.);
#963 = CARTESIAN_POINT('', (0.254, -0.127, 0.9398));
#964 = LINE('', #963, #962);
#965 = DIRECTION('', (1., -0., 0.));
#966 = VECTOR('', #965, 1.);
#967 = CARTESIAN_POINT('', (0.254, -0.3048, 0.9017));
#968 = LINE('', #967, #966);
#969 = DIRECTION('', (1., -0., 0.));
#970 = VECTOR('', #969, 1.);
#971 = CARTESIAN_POINT('', (0.254, -0.3048, 0.9398));
#972 = LINE('', #971, #970);
#973 = DIRECTION('', (0., 1., 0.));
#974 = VECTOR('', #973, 1.);
#975 = CARTESIAN_POINT('', (1.2192, -0.3048, 0.8636));
#976 = LINE('', #975, #974);
#977 = DIRECTION('', (0., -0., 1.));
#978 = VECTOR('', #977, 1.);
#979 = CARTESIAN_POINT('', (1.2192, 0.3048, 0.8636));
#980 = LINE('', #979, #978);
#981 = DIRECTION('', (0., 1., 0.));
#982 = VECTOR('', #981, 1.);
#983 = CARTESIAN_POINT('', (1.2192, -0.3048, 0.9017));
#984 = LINE('', #983, #982);
#985 = DIRECTION('', (0., -0., 1.));
#986 = VECTOR('', #985, 1.);
#987 = CARTESIAN_POINT('', (1.2192, -0.3048, 0.8636));
#988 = LINE('', #987, #986);
#989 = DIRECTION('', (-1., -0., 0.));
#990 = VECTOR('', #989, 1.);
#991 = CARTESIAN_POINT('', (1.2192, 0.3048, 0.8636));
#992 = LINE('', #991, #990);
#993 = DIRECTION('', (0., -0., 1.));
#994 = VECTOR('', #993, 1.);
#995 = CARTESIAN_POINT('', (0.3556, 0.3048, 0.8636));
#996 = LINE('', #995, #994);
#997 = DIRECTION('', (-1., -0., 0.));
#998 = VECTOR('', #997, 1.);
#999 = CARTESIAN_POINT('', (1.2192, 0.3048, 0.9017));
#1000 = LINE('', #999, #998);
#1001 = DIRECTION('', (0., -1., 0.));
#1002 = VECTOR('', #1001, 1.);
#1003 = CARTESIAN_POINT('', (0.3556, 0.3048, 0.8636));
#1004 = LINE('', #1003, #1002);
#1005 = DIRECTION('', (0., -0., 1.));
#1006 = VECTOR('', #1005, 1.);
#1007 = CARTESIAN_POINT('', (0.3556, -0.3048, 0.8636));
#1008 = LINE('', #1007, #1006);
#1009 = DIRECTION('', (0., -1., 0.));
#1010 = VECTOR('', #1009, 1.);
#1011 = CARTESIAN_POINT('', (0.3556, 0.3048, 0.9017));
#1012 = LINE('', #1011, #1010);
#1013 = DIRECTION('', (1., -0., 0.));
#1014 = VECTOR('', #1013, 1.);
#1015 = CARTESIAN_POINT('', (0.3556, -0.3048, 0.8636));
#1016 = LINE('', #1015, #1014);
#1017 = DIRECTION('', (1., -0., 0.));
#1018 = VECTOR('', #1017, 1.);
#1019 = CARTESIAN_POINT('', (0.3556, -0.3048, 0.9017));
#1020 = LINE('', #1019, #1018);
#1021 = DIRECTION('', (0., 1., 0.));
#1022 = VECTOR('', #1021, 1.);
#1023 = CARTESIAN_POINT('', (1.2192, 0.303276, 0.9398));
#1024 = LINE('', #1023, #1022);
#1025 = DIRECTION('', (0., -0., 1.));
#1026 = VECTOR('', #1025, 1.);
#1027 = CARTESIAN_POINT('', (1.2192, 0.3048, 0.9398));
#1028 = LINE('', #1027, #1026);
#1029 = DIRECTION('', (0., 1., 0.));
#1030 = VECTOR('', #1029, 1.);
#1031 = CARTESIAN_POINT('', (1.2192, 0.303276, 0.9779));
#1032 = LINE('', #1031, #1030);
#1033 = DIRECTION('', (0., -0., 1.));
#1034 = VECTOR('', #1033, 1.);
#1035 = CARTESIAN_POINT('', (1.2192, 0.303276, 0.9398));
#1036 = LINE('', #1035, #1034);
#1037 = DIRECTION('', (-1., -0., 0.));
#1038 = VECTOR('', #1037, 1.);
#1039 = CARTESIAN_POINT('', (1.2192, 0.3048, 0.9398));
#1040 = LINE('', #1039, #1038);
#1041 = DIRECTION('', (0., -0., 1.));
#1042 = VECTOR('', #1041, 1.);
#1043 = CARTESIAN_POINT('', (0., 0.3048, 0.9398));
#1044 = LINE('', #1043, #1042);
#1045 = DIRECTION('', (-1., -0., 0.));
#1046 = VECTOR('', #1045, 1.);
#1047 = CARTESIAN_POINT('', (1.2192, 0.3048, 0.9779));
#1048 = LINE('', #1047, #1046);
#1049 = DIRECTION('', (0., -1., 0.));
#1050 = VECTOR('', #1049, 1.);
#1051 = CARTESIAN_POINT('', (0., 0.3048, 0.9398));
#1052 = LINE('', #1051, #1050);
#1053 = DIRECTION('', (0., -0., 1.));
#1054 = VECTOR('', #1053, 1.);
#1055 = CARTESIAN_POINT('', (0., 0.303276, 0.9398));
#1056 = LINE('', #1055, #1054);
#1057 = DIRECTION('', (0., -1., 0.));
#1058 = VECTOR('', #1057, 1.);
#1059 = CARTESIAN_POINT('', (0., 0.3048, 0.9779));
#1060 = LINE('', #1059, #1058);
#1061 = DIRECTION('', (1., -0., 0.));
#1062 = VECTOR('', #1061, 1.);
#1063 = CARTESIAN_POINT('', (0., 0.303276, 0.9398));
#1064 = LINE('', #1063, #1062);
#1065 = DIRECTION('', (1., -0., 0.));
#1066 = VECTOR('', #1065, 1.);
#1067 = CARTESIAN_POINT('', (0., 0.303276, 0.9779));
#1068 = LINE('', #1067, #1066);
#1069 = DIRECTION('', (0., 1., 0.));
#1070 = VECTOR('', #1069, 1.);
#1071 = CARTESIAN_POINT('', (1.2192, -0.3048, 0.9017));
#1072 = LINE('', #1071, #1070);
#1073 = DIRECTION('', (0., -0., 1.));
#1074 = VECTOR('', #1073, 1.);
#1075 = CARTESIAN_POINT('', (1.2192, 0.3048, 0.9017));
#1076 = LINE('', #1075, #1074);
#1077 = DIRECTION('', (0., 1., 0.));
#1078 = VECTOR('', #1077, 1.);
#1079 = CARTESIAN_POINT('', (1.2192, -0.3048, 0.9398));
#1080 = LINE('', #1079, #1078);
#1081 = DIRECTION('', (0., -0., 1.));
#1082 = VECTOR('', #1081, 1.);
#1083 = CARTESIAN_POINT('', (1.2192, -0.3048, 0.9017));
#1084 = LINE('', #1083, #1082);
#1085 = DIRECTION('', (-1., -0., 0.));
#1086 = VECTOR('', #1085, 1.);
#1087 = CARTESIAN_POINT('', (1.2192, 0.3048, 0.9017));
#1088 = LINE('', #1087, #1086);
#1089 = DIRECTION('', (0., -0., 1.));
#1090 = VECTOR('', #1089, 1.);
#1091 = CARTESIAN_POINT('', (0.3556, 0.3048, 0.9017));
#1092 = LINE('', #1091, #1090);
#1093 = DIRECTION('', (-1., -0., 0.));
#1094 = VECTOR('', #1093, 1.);
#1095 = CARTESIAN_POINT('', (1.2192, 0.3048, 0.9398));
#1096 = LINE('', #1095, #1094);
#1097 = DIRECTION('', (0., -1., 0.));
#1098 = VECTOR('', #1097, 1.);
#1099 = CARTESIAN_POINT('', (0.3556, 0.3048, 0.9017));
#1100 = LINE('', #1099, #1098);
#1101 = DIRECTION('', (0., -0., 1.));
#1102 = VECTOR('', #1101, 1.);
#1103 = CARTESIAN_POINT('', (0.3556, -0.3048, 0.9017));
#1104 = LINE('', #1103, #1102);
#1105 = DIRECTION('', (0., -1., 0.));
#1106 = VECTOR('', #1105, 1.);
#1107 = CARTESIAN_POINT('', (0.3556, 0.3048, 0.9398));
#1108 = LINE('', #1107, #1106);
#1109 = DIRECTION('', (1., -0., 0.));
#1110 = VECTOR('', #1109, 1.);
#1111 = CARTESIAN_POINT('', (0.3556, -0.3048, 0.9017));
#1112 = LINE('', #1111, #1110);
#1113 = DIRECTION('', (1., -0., 0.));
#1114 = VECTOR('', #1113, 1.);
#1115 = CARTESIAN_POINT('', (0.3556, -0.3048, 0.9398));
#1116 = LINE('', #1115, #1114);
#1117 = DIRECTION('', (0., 1., 0.));
#1118 = VECTOR('', #1117, 1.);
#1119 = CARTESIAN_POINT('', (0.254, -0.3048, 0.8636));
#1120 = LINE('', #1119, #1118);
#1121 = DIRECTION('', (0., -0., 1.));
#1122 = VECTOR('', #1121, 1.);
#1123 = CARTESIAN_POINT('', (0.254, 0.3048, 0.8636));
#1124 = LINE('', #1123, #1122);
#1125 = DIRECTION('', (0., 1., 0.));
#1126 = VECTOR('', #1125, 1.);
#1127 = CARTESIAN_POINT('', (0.254, -0.3048, 0.9017));
#1128 = LINE('', #1127, #1126);
#1129 = DIRECTION('', (0., -0., 1.));
#1130 = VECTOR('', #1129, 1.);
#1131 = CARTESIAN_POINT('', (0.254, -0.3048, 0.8636));
#1132 = LINE('', #1131, #1130);
#1133 = DIRECTION('', (-1., -0., 0.));
#1134 = VECTOR('', #1133, 1.);
#1135 = CARTESIAN_POINT('', (0.254, 0.3048, 0.8636));
#1136 = LINE('', #1135, #1134);
#1137 = DIRECTION('', (0., -0., 1.));
#1138 = VECTOR('', #1137, 1.);
#1139 = CARTESIAN_POINT('', (-0., 0.3048, 0.8636));
#1140 = LINE('', #1139, #1138);
#1141 = DIRECTION('', (-1., -0., 0.));
#1142 = VECTOR('', #1141, 1.);
#1143 = CARTESIAN_POINT('', (0.254, 0.3048, 0.9017));
#1144 = LINE('', #1143, #1142);
#1145 = DIRECTION('', (0., -1., 0.));
#1146 = VECTOR('', #1145, 1.);
#1147 = CARTESIAN_POINT('', (-0., 0.3048, 0.8636));
#1148 = LINE('', #1147, #1146);
#1149 = DIRECTION('', (0., -0., 1.));
#1150 = VECTOR('', #1149, 1.);
#1151 = CARTESIAN_POINT('', (-0., -0.3048, 0.8636));
#1152 = LINE('', #1151, #1150);
#1153 = DIRECTION('', (0., -1., 0.));
#1154 = VECTOR('', #1153, 1.);
#1155 = CARTESIAN_POINT('', (-0., 0.3048, 0.9017));
#1156 = LINE('', #1155, #1154);
#1157 = DIRECTION('', (1., -0., 0.));
#1158 = VECTOR('', #1157, 1.);
#1159 = CARTESIAN_POINT('', (-0., -0.3048, 0.8636));
#1160 = LINE('', #1159, #1158);
#1161 = DIRECTION('', (1., -0., 0.));
#1162 = VECTOR('', #1161, 1.);
#1163 = CARTESIAN_POINT('', (-0., -0.3048, 0.9017));
#1164 = LINE('', #1163, #1162);
#1165 = DIRECTION('', (0., 1., 0.));
#1166 = DIRECTION('', (1., -0., -0.));
#1167 = CARTESIAN_POINT('', (0.0254, -0., 1.1176));
#1168 = AXIS2_PLACEMENT_3D('', #1167, #1166, #1165);
#1169 = CIRCLE('', #1168, 0.0015875);
#1170 = DIRECTION('', (1., -0., 0.));
#1171 = VECTOR('', #1170, 1.);
#1172 = CARTESIAN_POINT('', (0.0254, 0.0015875, 1.1176));
#1173 = LINE('', #1172, #1171);
#1174 = DIRECTION('', (0., 1., 0.));
#1175 = DIRECTION('', (1., -0., -0.));
#1176 = CARTESIAN_POINT('', (1.1938, -0., 1.1176));
#1177 = AXIS2_PLACEMENT_3D('', #1176, #1175, #1174);
#1178 = CIRCLE('', #1177, 0.0015875);
#1179 = DIRECTION('', (0., 1., 0.));
#1180 = VECTOR('', #1179, 1.);
#1181 = CARTESIAN_POINT('', (1.1811, -0.1016, 0.0127));
#1182 = LINE('', #1181, #1180);
#1183 = DIRECTION('', (0., -0., 1.));
#1184 = VECTOR('', #1183, 1.);
#1185 = CARTESIAN_POINT('', (1.1811, 0.1016, 0.0127));
#1186 = LINE('', #1185, #1184);
#1187 = DIRECTION('', (0., 1., 0.));
#1188 = VECTOR('', #1187, 1.);
#1189 = CARTESIAN_POINT('', (1.1811, -0.1016, 0.1397));
#1190 = LINE('', #1189, #1188);
#1191 = DIRECTION('', (0., -0., 1.));
#1192 = VECTOR('', #1191, 1.);
#1193 = CARTESIAN_POINT('', (1.1811, -0.1016, 0.0127));
#1194 = LINE('', #1193, #1192);
#1195 = DIRECTION('', (-1., -0., 0.));
#1196 = VECTOR('', #1195, 1.);
#1197 = CARTESIAN_POINT('', (1.1811, 0.1016, 0.0127));
#1198 = LINE('', #1197, #1196);
#1199 = DIRECTION('', (0., -0., 1.));
#1200 = VECTOR('', #1199, 1.);
#1201 = CARTESIAN_POINT('', (0.9271, 0.1016, 0.0127));
#1202 = LINE('', #1201, #1200);
#1203 = DIRECTION('', (-1., -0., 0.));
#1204 = VECTOR('', #1203, 1.);
#1205 = CARTESIAN_POINT('', (1.1811, 0.1016, 0.1397));
#1206 = LINE('', #1205, #1204);
#1207 = DIRECTION('', (0., -1., 0.));
#1208 = VECTOR('', #1207, 1.);
#1209 = CARTESIAN_POINT('', (0.9271, 0.1016, 0.0127));
#1210 = LINE('', #1209, #1208);
#1211 = DIRECTION('', (0., -0., 1.));
#1212 = VECTOR('', #1211, 1.);
#1213 = CARTESIAN_POINT('', (0.9271, -0.1016, 0.0127));
#1214 = LINE('', #1213, #1212);
#1215 = DIRECTION('', (0., -1., 0.));
#1216 = VECTOR('', #1215, 1.);
#1217 = CARTESIAN_POINT('', (0.9271, 0.1016, 0.1397));
#1218 = LINE('', #1217, #1216);
#1219 = DIRECTION('', (1., -0., 0.));
#1220 = VECTOR('', #1219, 1.);
#1221 = CARTESIAN_POINT('', (0.9271, -0.1016, 0.0127));
#1222 = LINE('', #1221, #1220);
#1223 = DIRECTION('', (1., -0., 0.));
#1224 = VECTOR('', #1223, 1.);
#1225 = CARTESIAN_POINT('', (0.9271, -0.1016, 0.1397));
#1226 = LINE('', #1225, #1224);
#1227 = DIRECTION('', (0., 1., 0.));
#1228 = VECTOR('', #1227, 1.);
#1229 = CARTESIAN_POINT('', (1.1811, 0.28575, 0.2032));
#1230 = LINE('', #1229, #1228);
#1231 = DIRECTION('', (0., -0., 1.));
#1232 = VECTOR('', #1231, 1.);
#1233 = CARTESIAN_POINT('', (1.1811, 0.3048, 0.2032));
#1234 = LINE('', #1233, #1232);
#1235 = DIRECTION('', (0., 1., 0.));
#1236 = VECTOR('', #1235, 1.);
#1237 = CARTESIAN_POINT('', (1.1811, 0.28575, 0.8636));
#1238 = LINE('', #1237, #1236);
#1239 = DIRECTION('', (0., -0., 1.));
#1240 = VECTOR('', #1239, 1.);
#1241 = CARTESIAN_POINT('', (1.1811, 0.28575, 0.2032));
#1242 = LINE('', #1241, #1240);
#1243 = DIRECTION('', (-1., -0., 0.));
#1244 = VECTOR('', #1243, 1.);
#1245 = CARTESIAN_POINT('', (1.1811, 0.3048, 0.2032));
#1246 = LINE('', #1245, #1244);
#1247 = DIRECTION('', (0., -0., 1.));
#1248 = VECTOR('', #1247, 1.);
#1249 = CARTESIAN_POINT('', (0.0381, 0.3048, 0.2032));
#1250 = LINE('', #1249, #1248);
#1251 = DIRECTION('', (-1., -0., 0.));
#1252 = VECTOR('', #1251, 1.);
#1253 = CARTESIAN_POINT('', (1.1811, 0.3048, 0.8636));
#1254 = LINE('', #1253, #1252);
#1255 = DIRECTION('', (0., -1., 0.));
#1256 = VECTOR('', #1255, 1.);
#1257 = CARTESIAN_POINT('', (0.0381, 0.3048, 0.2032));
#1258 = LINE('', #1257, #1256);
#1259 = DIRECTION('', (0., -0., 1.));
#1260 = VECTOR('', #1259, 1.);
#1261 = CARTESIAN_POINT('', (0.0381, 0.28575, 0.2032));
#1262 = LINE('', #1261, #1260);
#1263 = DIRECTION('', (0., -1., 0.));
#1264 = VECTOR('', #1263, 1.);
#1265 = CARTESIAN_POINT('', (0.0381, 0.3048, 0.8636));
#1266 = LINE('', #1265, #1264);
#1267 = DIRECTION('', (1., -0., 0.));
#1268 = VECTOR('', #1267, 1.);
#1269 = CARTESIAN_POINT('', (0.0381, 0.28575, 0.2032));
#1270 = LINE('', #1269, #1268);
#1271 = DIRECTION('', (1., -0., 0.));
#1272 = VECTOR('', #1271, 1.);
#1273 = CARTESIAN_POINT('', (0.0381, 0.28575, 0.8636));
#1274 = LINE('', #1273, #1272);
#1275 = DIRECTION('', (0., 1., 0.));
#1276 = VECTOR('', #1275, 1.);
#1277 = CARTESIAN_POINT('', (0.6096, -0.254, 0.2032));
#1278 = LINE('', #1277, #1276);
#1279 = DIRECTION('', (0., -0., 1.));
#1280 = VECTOR('', #1279, 1.);
#1281 = CARTESIAN_POINT('', (0.6096, 0.254, 0.2032));
#1282 = LINE('', #1281, #1280);
#1283 = DIRECTION('', (0., 1., 0.));
#1284 = VECTOR('', #1283, 1.);
#1285 = CARTESIAN_POINT('', (0.6096, -0.254, 0.2413));
#1286 = LINE('', #1285, #1284);
#1287 = DIRECTION('', (0., -0., 1.));
#1288 = VECTOR('', #1287, 1.);
#1289 = CARTESIAN_POINT('', (0.6096, -0.254, 0.2032));
#1290 = LINE('', #1289, #1288);
#1291 = DIRECTION('', (-1., -0., 0.));
#1292 = VECTOR('', #1291, 1.);
#1293 = CARTESIAN_POINT('', (0.6096, 0.254, 0.2032));
#1294 = LINE('', #1293, #1292);
#1295 = DIRECTION('', (0., -0., 1.));
#1296 = VECTOR('', #1295, 1.);
#1297 = CARTESIAN_POINT('', (0., 0.254, 0.2032));
#1298 = LINE('', #1297, #1296);
#1299 = DIRECTION('', (-1., -0., 0.));
#1300 = VECTOR('', #1299, 1.);
#1301 = CARTESIAN_POINT('', (0.6096, 0.254, 0.2413));
#1302 = LINE('', #1301, #1300);
#1303 = DIRECTION('', (0., -1., 0.));
#1304 = VECTOR('', #1303, 1.);
#1305 = CARTESIAN_POINT('', (0., 0.254, 0.2032));
#1306 = LINE('', #1305, #1304);
#1307 = DIRECTION('', (0., -0., 1.));
#1308 = VECTOR('', #1307, 1.);
#1309 = CARTESIAN_POINT('', (0., -0.254, 0.2032));
#1310 = LINE('', #1309, #1308);
#1311 = DIRECTION('', (0., -1., 0.));
#1312 = VECTOR('', #1311, 1.);
#1313 = CARTESIAN_POINT('', (0., 0.254, 0.2413));
#1314 = LINE('', #1313, #1312);
#1315 = DIRECTION('', (1., -0., 0.));
#1316 = VECTOR('', #1315, 1.);
#1317 = CARTESIAN_POINT('', (0., -0.254, 0.2032));
#1318 = LINE('', #1317, #1316);
#1319 = DIRECTION('', (1., -0., 0.));
#1320 = VECTOR('', #1319, 1.);
#1321 = CARTESIAN_POINT('', (0., -0.254, 0.2413));
#1322 = LINE('', #1321, #1320);
#1323 = DIRECTION('', (0., 1., 0.));
#1324 = VECTOR('', #1323, 1.);
#1325 = CARTESIAN_POINT('', (0.4953, -0.1524, 0.2413));
#1326 = LINE('', #1325, #1324);
#1327 = DIRECTION('', (0., -0., 1.));
#1328 = VECTOR('', #1327, 1.);
#1329 = CARTESIAN_POINT('', (0.4953, 0.1524, 0.2413));
#1330 = LINE('', #1329, #1328);
#1331 = DIRECTION('', (0., 1., 0.));
#1332 = VECTOR('', #1331, 1.);
#1333 = CARTESIAN_POINT('', (0.4953, -0.1524, 0.5461));
#1334 = LINE('', #1333, #1332);
#1335 = DIRECTION('', (0., -0., 1.));
#1336 = VECTOR('', #1335, 1.);
#1337 = CARTESIAN_POINT('', (0.4953, -0.1524, 0.2413));
#1338 = LINE('', #1337, #1336);
#1339 = DIRECTION('', (-1., -0., 0.));
#1340 = VECTOR('', #1339, 1.);
#1341 = CARTESIAN_POINT('', (0.4953, 0.1524, 0.2413));
#1342 = LINE('', #1341, #1340);
#1343 = DIRECTION('', (0., -0., 1.));
#1344 = VECTOR('', #1343, 1.);
#1345 = CARTESIAN_POINT('', (0.1143, 0.1524, 0.2413));
#1346 = LINE('', #1345, #1344);
#1347 = DIRECTION('', (-1., -0., 0.));
#1348 = VECTOR('', #1347, 1.);
#1349 = CARTESIAN_POINT('', (0.4953, 0.1524, 0.5461));
#1350 = LINE('', #1349, #1348);
#1351 = DIRECTION('', (0., -1., 0.));
#1352 = VECTOR('', #1351, 1.);
#1353 = CARTESIAN_POINT('', (0.1143, 0.1524, 0.2413));
#1354 = LINE('', #1353, #1352);
#1355 = DIRECTION('', (0., -0., 1.));
#1356 = VECTOR('', #1355, 1.);
#1357 = CARTESIAN_POINT('', (0.1143, -0.1524, 0.2413));
#1358 = LINE('', #1357, #1356);
#1359 = DIRECTION('', (0., -1., 0.));
#1360 = VECTOR('', #1359, 1.);
#1361 = CARTESIAN_POINT('', (0.1143, 0.1524, 0.5461));
#1362 = LINE('', #1361, #1360);
#1363 = DIRECTION('', (1., -0., 0.));
#1364 = VECTOR('', #1363, 1.);
#1365 = CARTESIAN_POINT('', (0.1143, -0.1524, 0.2413));
#1366 = LINE('', #1365, #1364);
#1367 = DIRECTION('', (1., -0., 0.));
#1368 = VECTOR('', #1367, 1.);
#1369 = CARTESIAN_POINT('', (0.1143, -0.1524, 0.5461));
#1370 = LINE('', #1369, #1368);
#1371 = DIRECTION('', (0., 1., 0.));
#1372 = VECTOR('', #1371, 1.);
#1373 = CARTESIAN_POINT('', (1.1811, -0.3048, 0.18415));
#1374 = LINE('', #1373, #1372);
#1375 = DIRECTION('', (0., -0., 1.));
#1376 = VECTOR('', #1375, 1.);
#1377 = CARTESIAN_POINT('', (1.1811, 0.3048, 0.18415));
#1378 = LINE('', #1377, #1376);
#1379 = DIRECTION('', (0., 1., 0.));
#1380 = VECTOR('', #1379, 1.);
#1381 = CARTESIAN_POINT('', (1.1811, -0.3048, 0.2032));
#1382 = LINE('', #1381, #1380);
#1383 = DIRECTION('', (0., -0., 1.));
#1384 = VECTOR('', #1383, 1.);
#1385 = CARTESIAN_POINT('', (1.1811, -0.3048, 0.18415));
#1386 = LINE('', #1385, #1384);
#1387 = DIRECTION('', (-1., -0., 0.));
#1388 = VECTOR('', #1387, 1.);
#1389 = CARTESIAN_POINT('', (1.1811, 0.3048, 0.18415));
#1390 = LINE('', #1389, #1388);
#1391 = DIRECTION('', (0., -0., 1.));
#1392 = VECTOR('', #1391, 1.);
#1393 = CARTESIAN_POINT('', (0.0381, 0.3048, 0.18415));
#1394 = LINE('', #1393, #1392);
#1395 = DIRECTION('', (-1., -0., 0.));
#1396 = VECTOR('', #1395, 1.);
#1397 = CARTESIAN_POINT('', (1.1811, 0.3048, 0.2032));
#1398 = LINE('', #1397, #1396);
#1399 = DIRECTION('', (0., -1., 0.));
#1400 = VECTOR('', #1399, 1.);
#1401 = CARTESIAN_POINT('', (0.0381, 0.3048, 0.18415));
#1402 = LINE('', #1401, #1400);
#1403 = DIRECTION('', (0., -0., 1.));
#1404 = VECTOR('', #1403, 1.);
#1405 = CARTESIAN_POINT('', (0.0381, -0.3048, 0.18415));
#1406 = LINE('', #1405, #1404);
#1407 = DIRECTION('', (0., -1., 0.));
#1408 = VECTOR('', #1407, 1.);
#1409 = CARTESIAN_POINT('', (0.0381, 0.3048, 0.2032));
#1410 = LINE('', #1409, #1408);
#1411 = DIRECTION('', (1., -0., 0.));
#1412 = VECTOR('', #1411, 1.);
#1413 = CARTESIAN_POINT('', (0.0381, -0.3048, 0.18415));
#1414 = LINE('', #1413, #1412);
#1415 = DIRECTION('', (1., -0., 0.));
#1416 = VECTOR('', #1415, 1.);
#1417 = CARTESIAN_POINT('', (0.0381, -0.3048, 0.2032));
#1418 = LINE('', #1417, #1416);
#1419 = DIRECTION('', (0., 1., 0.));
#1420 = VECTOR('', #1419, 1.);
#1421 = CARTESIAN_POINT('', (0.1524, -0.381, 0.));
#1422 = LINE('', #1421, #1420);
#1423 = DIRECTION('', (0., -0., 1.));
#1424 = VECTOR('', #1423, 1.);
#1425 = CARTESIAN_POINT('', (0.1524, -0.2286, 0.));
#1426 = LINE('', #1425, #1424);
#1427 = DIRECTION('', (0., 1., 0.));
#1428 = VECTOR('', #1427, 1.);
#1429 = CARTESIAN_POINT('', (0.1524, -0.381, 0.0762));
#1430 = LINE('', #1429, #1428);
#1431 = DIRECTION('', (0., -0., 1.));
#1432 = VECTOR('', #1431, 1.);
#1433 = CARTESIAN_POINT('', (0.1524, -0.381, 0.));
#1434 = LINE('', #1433, #1432);
#1435 = DIRECTION('', (-1., -0., 0.));
#1436 = VECTOR('', #1435, 1.);
#1437 = CARTESIAN_POINT('', (0.1524, -0.2286, 0.));
#1438 = LINE('', #1437, #1436);
#1439 = DIRECTION('', (0., -0., 1.));
#1440 = VECTOR('', #1439, 1.);
#1441 = CARTESIAN_POINT('', (0., -0.2286, 0.));
#1442 = LINE('', #1441, #1440);
#1443 = DIRECTION('', (-1., -0., 0.));
#1444 = VECTOR('', #1443, 1.);
#1445 = CARTESIAN_POINT('', (0.1524, -0.2286, 0.0762));
#1446 = LINE('', #1445, #1444);
#1447 = DIRECTION('', (0., -1., 0.));
#1448 = VECTOR('', #1447, 1.);
#1449 = CARTESIAN_POINT('', (0., -0.2286, 0.));
#1450 = LINE('', #1449, #1448);
#1451 = DIRECTION('', (0., -0., 1.));
#1452 = VECTOR('', #1451, 1.);
#1453 = CARTESIAN_POINT('', (0., -0.381, 0.));
#1454 = LINE('', #1453, #1452);
#1455 = DIRECTION('', (0., -1., 0.));
#1456 = VECTOR('', #1455, 1.);
#1457 = CARTESIAN_POINT('', (0., -0.2286, 0.0762));
#1458 = LINE('', #1457, #1456);
#1459 = DIRECTION('', (1., -0., 0.));
#1460 = VECTOR('', #1459, 1.);
#1461 = CARTESIAN_POINT('', (0., -0.381, 0.));
#1462 = LINE('', #1461, #1460);
#1463 = DIRECTION('', (1., -0., 0.));
#1464 = VECTOR('', #1463, 1.);
#1465 = CARTESIAN_POINT('', (0., -0.381, 0.0762));
#1466 = LINE('', #1465, #1464);
#1467 = DIRECTION('', (0., 1., 0.));
#1468 = VECTOR('', #1467, 1.);
#1469 = CARTESIAN_POINT('', (1.143, -0.2286, 0.941324));
#1470 = LINE('', #1469, #1468);
#1471 = DIRECTION('', (0., -0., 1.));
#1472 = VECTOR('', #1471, 1.);
#1473 = CARTESIAN_POINT('', (1.143, 0.2286, 0.941324));
#1474 = LINE('', #1473, #1472);
#1475 = DIRECTION('', (0., 1., 0.));
#1476 = VECTOR('', #1475, 1.);
#1477 = CARTESIAN_POINT('', (1.143, -0.2286, 1.106424));
#1478 = LINE('', #1477, #1476);
#1479 = DIRECTION('', (0., -0., 1.));
#1480 = VECTOR('', #1479, 1.);
#1481 = CARTESIAN_POINT('', (1.143, -0.2286, 0.941324));
#1482 = LINE('', #1481, #1480);
#1483 = DIRECTION('', (-1., -0., 0.));
#1484 = VECTOR('', #1483, 1.);
#1485 = CARTESIAN_POINT('', (1.143, 0.2286, 0.941324));
#1486 = LINE('', #1485, #1484);
#1487 = DIRECTION('', (0., -0., 1.));
#1488 = VECTOR('', #1487, 1.);
#1489 = CARTESIAN_POINT('', (0.0762, 0.2286, 0.941324));
#1490 = LINE('', #1489, #1488);
#1491 = DIRECTION('', (-1., -0., 0.));
#1492 = VECTOR('', #1491, 1.);
#1493 = CARTESIAN_POINT('', (1.143, 0.2286, 1.106424));
#1494 = LINE('', #1493, #1492);
#1495 = DIRECTION('', (0., -1., 0.));
#1496 = VECTOR('', #1495, 1.);
#1497 = CARTESIAN_POINT('', (0.0762, 0.2286, 0.941324));
#1498 = LINE('', #1497, #1496);
#1499 = DIRECTION('', (0., -0., 1.));
#1500 = VECTOR('', #1499, 1.);
#1501 = CARTESIAN_POINT('', (0.0762, -0.2286, 0.941324));
#1502 = LINE('', #1501, #1500);
#1503 = DIRECTION('', (0., -1., 0.));
#1504 = VECTOR('', #1503, 1.);
#1505 = CARTESIAN_POINT('', (0.0762, 0.2286, 1.106424));
#1506 = LINE('', #1505, #1504);
#1507 = DIRECTION('', (1., -0., 0.));
#1508 = VECTOR('', #1507, 1.);
#1509 = CARTESIAN_POINT('', (0.0762, -0.2286, 0.941324));
#1510 = LINE('', #1509, #1508);
#1511 = DIRECTION('', (1., -0., 0.));
#1512 = VECTOR('', #1511, 1.);
#1513 = CARTESIAN_POINT('', (0.0762, -0.2286, 1.106424));
#1514 = LINE('', #1513, #1512);
#1515 = DIRECTION('', (0., 1., 0.));
#1516 = VECTOR('', #1515, 1.);
#1517 = CARTESIAN_POINT('', (0.3556, -0.127, 0.2413));
#1518 = LINE('', #1517, #1516);
#1519 = DIRECTION('', (0., -0., 1.));
#1520 = VECTOR('', #1519, 1.);
#1521 = CARTESIAN_POINT('', (0.3556, 0.127, 0.2413));
#1522 = LINE('', #1521, #1520);
#1523 = DIRECTION('', (0., 1., 0.));
#1524 = VECTOR('', #1523, 1.);
#1525 = CARTESIAN_POINT('', (0.3556, -0.127, 0.979424));
#1526 = LINE('', #1525, #1524);
#1527 = DIRECTION('', (0., -0., 1.));
#1528 = VECTOR('', #1527, 1.);
#1529 = CARTESIAN_POINT('', (0.3556, -0.127, 0.2413));
#1530 = LINE('', #1529, #1528);
#1531 = DIRECTION('', (-1., -0., 0.));
#1532 = VECTOR('', #1531, 1.);
#1533 = CARTESIAN_POINT('', (0.3556, 0.127, 0.2413));
#1534 = LINE('', #1533, #1532);
#1535 = DIRECTION('', (0., -0., 1.));
#1536 = VECTOR('', #1535, 1.);
#1537 = CARTESIAN_POINT('', (0.254, 0.127, 0.2413));
#1538 = LINE('', #1537, #1536);
#1539 = DIRECTION('', (-1., -0., 0.));
#1540 = VECTOR('', #1539, 1.);
#1541 = CARTESIAN_POINT('', (0.3556, 0.127, 0.979424));
#1542 = LINE('', #1541, #1540);
#1543 = DIRECTION('', (0., -1., 0.));
#1544 = VECTOR('', #1543, 1.);
#1545 = CARTESIAN_POINT('', (0.254, 0.127, 0.2413));
#1546 = LINE('', #1545, #1544);
#1547 = DIRECTION('', (0., -0., 1.));
#1548 = VECTOR('', #1547, 1.);
#1549 = CARTESIAN_POINT('', (0.254, -0.127, 0.2413));
#1550 = LINE('', #1549, #1548);
#1551 = DIRECTION('', (0., -1., 0.));
#1552 = VECTOR('', #1551, 1.);
#1553 = CARTESIAN_POINT('', (0.254, 0.127, 0.979424));
#1554 = LINE('', #1553, #1552);
#1555 = DIRECTION('', (1., -0., 0.));
#1556 = VECTOR('', #1555, 1.);
#1557 = CARTESIAN_POINT('', (0.254, -0.127, 0.2413));
#1558 = LINE('', #1557, #1556);
#1559 = DIRECTION('', (1., -0., 0.));
#1560 = VECTOR('', #1559, 1.);
#1561 = CARTESIAN_POINT('', (0.254, -0.127, 0.979424));
#1562 = LINE('', #1561, #1560);
#1563 = DIRECTION('', (0., -0.08789381, 0.99612985));
#1564 = VECTOR('', #1563, 1.);
#1565 = CARTESIAN_POINT('', (0., 0.381, 0.));
#1566 = LINE('', #1565, #1564);
#1567 = DIRECTION('', (1., -0., 0.));
#1568 = VECTOR('', #1567, 1.);
#1569 = CARTESIAN_POINT('', (0., 0.3048, 0.8636));
#1570 = LINE('', #1569, #1568);
#1571 = DIRECTION('', (0., -0.08789381, 0.99612985));
#1572 = VECTOR('', #1571, 1.);
#1573 = CARTESIAN_POINT('', (0.0381, 0.381, 0.));
#1574 = LINE('', #1573, #1572);
#1575 = DIRECTION('', (1., -0., 0.));
#1576 = VECTOR('', #1575, 1.);
#1577 = CARTESIAN_POINT('', (0., 0.381, 0.));
#1578 = LINE('', #1577, #1576);
#1579 = DIRECTION('', (0., -1., 0.));
#1580 = VECTOR('', #1579, 1.);
#1581 = CARTESIAN_POINT('', (0., 0.3048, 0.8636));
#1582 = LINE('', #1581, #1580);
#1583 = DIRECTION('', (1., -0., 0.));
#1584 = VECTOR('', #1583, 1.);
#1585 = CARTESIAN_POINT('', (0., -0.3048, 0.8636));
#1586 = LINE('', #1585, #1584);
#1587 = DIRECTION('', (0., -1., 0.));
#1588 = VECTOR('', #1587, 1.);
#1589 = CARTESIAN_POINT('', (0.0381, 0.3048, 0.8636));
#1590 = LINE('', #1589, #1588);
#1591 = DIRECTION('', (0., -0.08789381, -0.99612985));
#1592 = VECTOR('', #1591, 1.);
#1593 = CARTESIAN_POINT('', (0., -0.3048, 0.8636));
#1594 = LINE('', #1593, #1592);
#1595 = DIRECTION('', (1., -0., 0.));
#1596 = VECTOR('', #1595, 1.);
#1597 = CARTESIAN_POINT('', (0., -0.381, 0.));
#1598 = LINE('', #1597, #1596);
#1599 = DIRECTION('', (0., -0.08789381, -0.99612985));
#1600 = VECTOR('', #1599, 1.);
#1601 = CARTESIAN_POINT('', (0.0381, -0.3048, 0.8636));
#1602 = LINE('', #1601, #1600);
#1603 = DIRECTION('', (0., 1., 0.));
#1604 = VECTOR('', #1603, 1.);
#1605 = CARTESIAN_POINT('', (0., -0.381, 0.));
#1606 = LINE('', #1605, #1604);
#1607 = DIRECTION('', (0., 1., 0.));
#1608 = VECTOR('', #1607, 1.);
#1609 = CARTESIAN_POINT('', (0.0381, -0.381, 0.));
#1610 = LINE('', #1609, #1608);
#1611 = DIRECTION('', (0., 1., 0.));
#1612 = VECTOR('', #1611, 1.);
#1613 = CARTESIAN_POINT('', (1.2192, -0.3048, 0.9398));
#1614 = LINE('', #1613, #1612);
#1615 = DIRECTION('', (0., -0., 1.));
#1616 = VECTOR('', #1615, 1.);
#1617 = CARTESIAN_POINT('', (1.2192, 0.3048, 0.9398));
#1618 = LINE('', #1617, #1616);
#1619 = DIRECTION('', (0., 1., 0.));
#1620 = VECTOR('', #1619, 1.);
#1621 = CARTESIAN_POINT('', (1.2192, -0.3048, 0.941324));
#1622 = LINE('', #1621, #1620);
#1623 = DIRECTION('', (0., -0., 1.));
#1624 = VECTOR('', #1623, 1.);
#1625 = CARTESIAN_POINT('', (1.2192, -0.3048, 0.9398));
#1626 = LINE('', #1625, #1624);
#1627 = DIRECTION('', (-1., -0., 0.));
#1628 = VECTOR('', #1627, 1.);
#1629 = CARTESIAN_POINT('', (1.2192, 0.3048, 0.9398));
#1630 = LINE('', #1629, #1628);
#1631 = DIRECTION('', (0., -0., 1.));
#1632 = VECTOR('', #1631, 1.);
#1633 = CARTESIAN_POINT('', (0., 0.3048, 0.9398));
#1634 = LINE('', #1633, #1632);
#1635 = DIRECTION('', (-1., -0., 0.));
#1636 = VECTOR('', #1635, 1.);
#1637 = CARTESIAN_POINT('', (1.2192, 0.3048, 0.941324));
#1638 = LINE('', #1637, #1636);
#1639 = DIRECTION('', (0., -1., 0.));
#1640 = VECTOR('', #1639, 1.);
#1641 = CARTESIAN_POINT('', (0., 0.3048, 0.9398));
#1642 = LINE('', #1641, #1640);
#1643 = DIRECTION('', (0., -0., 1.));
#1644 = VECTOR('', #1643, 1.);
#1645 = CARTESIAN_POINT('', (0., -0.3048, 0.9398));
#1646 = LINE('', #1645, #1644);
#1647 = DIRECTION('', (0., -1., 0.));
#1648 = VECTOR('', #1647, 1.);
#1649 = CARTESIAN_POINT('', (0., 0.3048, 0.941324));
#1650 = LINE('', #1649, #1648);
#1651 = DIRECTION('', (1., -0., 0.));
#1652 = VECTOR('', #1651, 1.);
#1653 = CARTESIAN_POINT('', (0., -0.3048, 0.9398));
#1654 = LINE('', #1653, #1652);
#1655 = DIRECTION('', (1., -0., 0.));
#1656 = VECTOR('', #1655, 1.);
#1657 = CARTESIAN_POINT('', (0., -0.3048, 0.941324));
#1658 = LINE('', #1657, #1656);
#1659 = DIRECTION('', (0., 1., 0.));
#1660 = VECTOR('', #1659, 1.);
#1661 = CARTESIAN_POINT('', (0.254, -0.3048, 0.9017));
#1662 = LINE('', #1661, #1660);
#1663 = DIRECTION('', (0., -0., 1.));
#1664 = VECTOR('', #1663, 1.);
#1665 = CARTESIAN_POINT('', (0.254, 0.3048, 0.9017));
#1666 = LINE('', #1665, #1664);
#1667 = DIRECTION('', (0., 1., 0.));
#1668 = VECTOR('', #1667, 1.);
#1669 = CARTESIAN_POINT('', (0.254, -0.3048, 0.9398));
#1670 = LINE('', #1669, #1668);
#1671 = DIRECTION('', (0., -0., 1.));
#1672 = VECTOR('', #1671, 1.);
#1673 = CARTESIAN_POINT('', (0.254, -0.3048, 0.9017));
#1674 = LINE('', #1673, #1672);
#1675 = DIRECTION('', (-1., -0., 0.));
#1676 = VECTOR('', #1675, 1.);
#1677 = CARTESIAN_POINT('', (0.254, 0.3048, 0.9017));
#1678 = LINE('', #1677, #1676);
#1679 = DIRECTION('', (0., -0., 1.));
#1680 = VECTOR('', #1679, 1.);
#1681 = CARTESIAN_POINT('', (-0., 0.3048, 0.9017));
#1682 = LINE('', #1681, #1680);
#1683 = DIRECTION('', (-1., -0., 0.));
#1684 = VECTOR('', #1683, 1.);
#1685 = CARTESIAN_POINT('', (0.254, 0.3048, 0.9398));
#1686 = LINE('', #1685, #1684);
#1687 = DIRECTION('', (0., -1., 0.));
#1688 = VECTOR('', #1687, 1.);
#1689 = CARTESIAN_POINT('', (-0., 0.3048, 0.9017));
#1690 = LINE('', #1689, #1688);
#1691 = DIRECTION('', (0., -0., 1.));
#1692 = VECTOR('', #1691, 1.);
#1693 = CARTESIAN_POINT('', (-0., -0.3048, 0.9017));
#1694 = LINE('', #1693, #1692);
#1695 = DIRECTION('', (0., -1., 0.));
#1696 = VECTOR('', #1695, 1.);
#1697 = CARTESIAN_POINT('', (-0., 0.3048, 0.9398));
#1698 = LINE('', #1697, #1696);
#1699 = DIRECTION('', (1., -0., 0.));
#1700 = VECTOR('', #1699, 1.);
#1701 = CARTESIAN_POINT('', (-0., -0.3048, 0.9017));
#1702 = LINE('', #1701, #1700);
#1703 = DIRECTION('', (1., -0., 0.));
#1704 = VECTOR('', #1703, 1.);
#1705 = CARTESIAN_POINT('', (-0., -0.3048, 0.9398));
#1706 = LINE('', #1705, #1704);
#1707 = DIRECTION('', (0., 1., 0.));
#1708 = VECTOR('', #1707, 1.);
#1709 = CARTESIAN_POINT('', (0.0127, -0.0127, -0.0127));
#1710 = LINE('', #1709, #1708);
#1711 = DIRECTION('', (0., -0., 1.));
#1712 = VECTOR('', #1711, 1.);
#1713 = CARTESIAN_POINT('', (0.0127, 0.0127, -0.0127));
#1714 = LINE('', #1713, #1712);
#1715 = DIRECTION('', (0., 1., 0.));
#1716 = VECTOR('', #1715, 1.);
#1717 = CARTESIAN_POINT('', (0.0127, -0.0127, 0.0127));
#1718 = LINE('', #1717, #1716);
#1719 = DIRECTION('', (0., -0., 1.));
#1720 = VECTOR('', #1719, 1.);
#1721 = CARTESIAN_POINT('', (0.0127, -0.0127, -0.0127));
#1722 = LINE('', #1721, #1720);
#1723 = DIRECTION('', (-1., -0., 0.));
#1724 = VECTOR('', #1723, 1.);
#1725 = CARTESIAN_POINT('', (0.0127, 0.0127, -0.0127));
#1726 = LINE('', #1725, #1724);
#1727 = DIRECTION('', (0., -0., 1.));
#1728 = VECTOR('', #1727, 1.);
#1729 = CARTESIAN_POINT('', (-0.0127, 0.0127, -0.0127));
#1730 = LINE('', #1729, #1728);
#1731 = DIRECTION('', (-1., -0., 0.));
#1732 = VECTOR('', #1731, 1.);
#1733 = CARTESIAN_POINT('', (0.0127, 0.0127, 0.0127));
#1734 = LINE('', #1733, #1732);
#1735 = DIRECTION('', (0., -1., 0.));
#1736 = VECTOR('', #1735, 1.);
#1737 = CARTESIAN_POINT('', (-0.0127, 0.0127, -0.0127));
#1738 = LINE('', #1737, #1736);
#1739 = DIRECTION('', (0., -0., 1.));
#1740 = VECTOR('', #1739, 1.);
#1741 = CARTESIAN_POINT('', (-0.0127, -0.0127, -0.0127));
#1742 = LINE('', #1741, #1740);
#1743 = DIRECTION('', (0., -1., 0.));
#1744 = VECTOR('', #1743, 1.);
#1745 = CARTESIAN_POINT('', (-0.0127, 0.0127, 0.0127));
#1746 = LINE('', #1745, #1744);
#1747 = DIRECTION('', (1., -0., 0.));
#1748 = VECTOR('', #1747, 1.);
#1749 = CARTESIAN_POINT('', (-0.0127, -0.0127, -0.0127));
#1750 = LINE('', #1749, #1748);
#1751 = DIRECTION('', (1., -0., 0.));
#1752 = VECTOR('', #1751, 1.);
#1753 = CARTESIAN_POINT('', (-0.0127, -0.0127, 0.0127));
#1754 = LINE('', #1753, #1752);
#1755 = DIRECTION('', (0., 1., -0.));
#1756 = DIRECTION('', (1., -0., 0.));
#1757 = CARTESIAN_POINT('', (-0.0127, 0., 0.));
#1758 = AXIS2_PLACEMENT_3D('', #1757, #1756, #1755);
#1759 = CIRCLE('', #1758, 0.0127);
#1760 = DIRECTION('', (1., -0., 0.));
#1761 = VECTOR('', #1760, 1.);
#1762 = CARTESIAN_POINT('', (-0.0127, 0.0127, 0.));
#1763 = LINE('', #1762, #1761);
#1764 = DIRECTION('', (0., 1., -0.));
#1765 = DIRECTION('', (1., -0., 0.));
#1766 = CARTESIAN_POINT('', (0.0127, 0., 0.));
#1767 = AXIS2_PLACEMENT_3D('', #1766, #1765, #1764);
#1768 = CIRCLE('', #1767, 0.0127);
#1769 = EDGE_CURVE('', #6, #8, #448, .T.);
#1770 = EDGE_CURVE('', #8, #10, #452, .T.);
#1771 = EDGE_CURVE('', #12, #10, #456, .T.);
#1772 = EDGE_CURVE('', #6, #12, #460, .T.);
#1773 = EDGE_CURVE('', #8, #14, #464, .T.);
#1774 = EDGE_CURVE('', #14, #16, #468, .T.);
#1775 = EDGE_CURVE('', #10, #16, #472, .T.);
#1776 = EDGE_CURVE('', #14, #18, #476, .T.);
#1777 = EDGE_CURVE('', #18, #20, #480, .T.);
#1778 = EDGE_CURVE('', #16, #20, #484, .T.);
#1779 = EDGE_CURVE('', #18, #6, #488, .T.);
#1780 = EDGE_CURVE('', #20, #12, #492, .T.);
#1781 = EDGE_CURVE('', #22, #24, #496, .T.);
#1782 = EDGE_CURVE('', #24, #26, #500, .T.);
#1783 = EDGE_CURVE('', #28, #26, #504, .T.);
#1784 = EDGE_CURVE('', #22, #28, #508, .T.);
#1785 = EDGE_CURVE('', #24, #30, #512, .T.);
#1786 = EDGE_CURVE('', #30, #32, #516, .T.);
#1787 = EDGE_CURVE('', #26, #32, #520, .T.);
#1788 = EDGE_CURVE('', #30, #34, #524, .T.);
#1789 = EDGE_CURVE('', #34, #36, #528, .T.);
#1790 = EDGE_CURVE('', #32, #36, #532, .T.);
#1791 = EDGE_CURVE('', #34, #22, #536, .T.);
#1792 = EDGE_CURVE('', #36, #28, #540, .T.);
#1793 = EDGE_CURVE('', #38, #40, #544, .T.);
#1794 = EDGE_CURVE('', #40, #42, #548, .T.);
#1795 = EDGE_CURVE('', #44, #42, #552, .T.);
#1796 = EDGE_CURVE('', #38, #44, #556, .T.);
#1797 = EDGE_CURVE('', #40, #46, #560, .T.);
#1798 = EDGE_CURVE('', #46, #48, #564, .T.);
#1799 = EDGE_CURVE('', #42, #48, #568, .T.);
#1800 = EDGE_CURVE('', #46, #50, #572, .T.);
#1801 = EDGE_CURVE('', #50, #52, #576, .T.);
#1802 = EDGE_CURVE('', #48, #52, #580, .T.);
#1803 = EDGE_CURVE('', #50, #38, #584, .T.);
#1804 = EDGE_CURVE('', #52, #44, #588, .T.);
#1805 = EDGE_CURVE('', #54, #56, #592, .T.);
#1806 = EDGE_CURVE('', #56, #58, #596, .T.);
#1807 = EDGE_CURVE('', #60, #58, #600, .T.);
#1808 = EDGE_CURVE('', #54, #60, #604, .T.);
#1809 = EDGE_CURVE('', #56, #62, #608, .T.);
#1810 = EDGE_CURVE('', #62, #64, #612, .T.);
#1811 = EDGE_CURVE('', #58, #64, #616, .T.);
#1812 = EDGE_CURVE('', #62, #66, #620, .T.);
#1813 = EDGE_CURVE('', #66, #68, #624, .T.);
#1814 = EDGE_CURVE('', #64, #68, #628, .T.);
#1815 = EDGE_CURVE('', #66, #54, #632, .T.);
#1816 = EDGE_CURVE('', #68, #60, #636, .T.);
#1817 = EDGE_CURVE('', #70, #72, #640, .T.);
#1818 = EDGE_CURVE('', #72, #74, #644, .T.);
#1819 = EDGE_CURVE('', #76, #74, #648, .T.);
#1820 = EDGE_CURVE('', #70, #76, #652, .T.);
#1821 = EDGE_CURVE('', #72, #78, #656, .T.);
#1822 = EDGE_CURVE('', #78, #80, #660, .T.);
#1823 = EDGE_CURVE('', #74, #80, #664, .T.);
#1824 = EDGE_CURVE('', #78, #82, #668, .T.);
#1825 = EDGE_CURVE('', #82, #84, #672, .T.);
#1826 = EDGE_CURVE('', #80, #84, #676, .T.);
#1827 = EDGE_CURVE('', #82, #70, #680, .T.);
#1828 = EDGE_CURVE('', #84, #76, #684, .T.);
#1829 = EDGE_CURVE('', #86, #88, #688, .T.);
#1830 = EDGE_CURVE('', #88, #90, #692, .T.);
#1831 = EDGE_CURVE('', #92, #90, #696, .T.);
#1832 = EDGE_CURVE('', #86, #92, #700, .T.);
#1833 = EDGE_CURVE('', #88, #94, #704, .T.);
#1834 = EDGE_CURVE('', #94, #96, #708, .T.);
#1835 = EDGE_CURVE('', #90, #96, #712, .T.);
#1836 = EDGE_CURVE('', #94, #98, #716, .T.);
#1837 = EDGE_CURVE('', #98, #100, #720, .T.);
#1838 = EDGE_CURVE('', #96, #100, #724, .T.);
#1839 = EDGE_CURVE('', #98, #86, #728, .T.);
#1840 = EDGE_CURVE('', #100, #92, #732, .T.);
#1841 = EDGE_CURVE('', #102, #104, #736, .T.);
#1842 = EDGE_CURVE('', #104, #106, #740, .T.);
#1843 = EDGE_CURVE('', #108, #106, #744, .T.);
#1844 = EDGE_CURVE('', #102, #108, #748, .T.);
#1845 = EDGE_CURVE('', #104, #110, #752, .T.);
#1846 = EDGE_CURVE('', #110, #112, #756, .T.);
#1847 = EDGE_CURVE('', #106, #112, #760, .T.);
#1848 = EDGE_CURVE('', #110, #114, #764, .T.);
#1849 = EDGE_CURVE('', #114, #116, #768, .T.);
#1850 = EDGE_CURVE('', #112, #116, #772, .T.);
#1851 = EDGE_CURVE('', #114, #102, #776, .T.);
#1852 = EDGE_CURVE('', #116, #108, #780, .T.);
#1853 = EDGE_CURVE('', #118, #120, #784, .T.);
#1854 = EDGE_CURVE('', #120, #122, #788, .T.);
#1855 = EDGE_CURVE('', #124, #122, #792, .T.);
#1856 = EDGE_CURVE('', #118, #124, #796, .T.);
#1857 = EDGE_CURVE('', #120, #126, #800, .T.);
#1858 = EDGE_CURVE('', #126, #128, #804, .T.);
#1859 = EDGE_CURVE('', #122, #128, #808, .T.);
#1860 = EDGE_CURVE('', #126, #130, #812, .T.);
#1861 = EDGE_CURVE('', #130, #132, #816, .T.);
#1862 = EDGE_CURVE('', #128, #132, #820, .T.);
#1863 = EDGE_CURVE('', #130, #118, #824, .T.);
#1864 = EDGE_CURVE('', #132, #124, #828, .T.);
#1865 = EDGE_CURVE('', #134, #136, #832, .T.);
#1866 = EDGE_CURVE('', #136, #138, #836, .T.);
#1867 = EDGE_CURVE('', #140, #138, #840, .T.);
#1868 = EDGE_CURVE('', #134, #140, #844, .T.);
#1869 = EDGE_CURVE('', #136, #142, #848, .T.);
#1870 = EDGE_CURVE('', #142, #144, #852, .T.);
#1871 = EDGE_CURVE('', #138, #144, #856, .T.);
#1872 = EDGE_CURVE('', #142, #146, #860, .T.);
#1873 = EDGE_CURVE('', #146, #148, #864, .T.);
#1874 = EDGE_CURVE('', #144, #148, #868, .T.);
#1875 = EDGE_CURVE('', #146, #134, #872, .T.);
#1876 = EDGE_CURVE('', #148, #140, #876, .T.);
#1877 = EDGE_CURVE('', #150, #152, #880, .T.);
#1878 = EDGE_CURVE('', #152, #154, #884, .T.);
#1879 = EDGE_CURVE('', #156, #154, #888, .T.);
#1880 = EDGE_CURVE('', #150, #156, #892, .T.);
#1881 = EDGE_CURVE('', #152, #158, #896, .T.);
#1882 = EDGE_CURVE('', #158, #160, #900, .T.);
#1883 = EDGE_CURVE('', #154, #160, #904, .T.);
#1884 = EDGE_CURVE('', #158, #162, #908, .T.);
#1885 = EDGE_CURVE('', #162, #164, #912, .T.);
#1886 = EDGE_CURVE('', #160, #164, #916, .T.);
#1887 = EDGE_CURVE('', #162, #150, #920, .T.);
#1888 = EDGE_CURVE('', #164, #156, #924, .T.);
#1889 = EDGE_CURVE('', #166, #168, #928, .T.);
#1890 = EDGE_CURVE('', #168, #170, #932, .T.);
#1891 = EDGE_CURVE('', #172, #170, #936, .T.);
#1892 = EDGE_CURVE('', #166, #172, #940, .T.);
#1893 = EDGE_CURVE('', #168, #174, #944, .T.);
#1894 = EDGE_CURVE('', #174, #176, #948, .T.);
#1895 = EDGE_CURVE('', #170, #176, #952, .T.);
#1896 = EDGE_CURVE('', #174, #178, #956, .T.);
#1897 = EDGE_CURVE('', #178, #180, #960, .T.);
#1898 = EDGE_CURVE('', #176, #180, #964, .T.);
#1899 = EDGE_CURVE('', #178, #166, #968, .T.);
#1900 = EDGE_CURVE('', #180, #172, #972, .T.);
#1901 = EDGE_CURVE('', #182, #184, #976, .T.);
#1902 = EDGE_CURVE('', #184, #186, #980, .T.);
#1903 = EDGE_CURVE('', #188, #186, #984, .T.);
#1904 = EDGE_CURVE('', #182, #188, #988, .T.);
#1905 = EDGE_CURVE('', #184, #190, #992, .T.);
#1906 = EDGE_CURVE('', #190, #192, #996, .T.);
#1907 = EDGE_CURVE('', #186, #192, #1000, .T.);
#1908 = EDGE_CURVE('', #190, #194, #1004, .T.);
#1909 = EDGE_CURVE('', #194, #196, #1008, .T.);
#1910 = EDGE_CURVE('', #192, #196, #1012, .T.);
#1911 = EDGE_CURVE('', #194, #182, #1016, .T.);
#1912 = EDGE_CURVE('', #196, #188, #1020, .T.);
#1913 = EDGE_CURVE('', #198, #200, #1024, .T.);
#1914 = EDGE_CURVE('', #200, #202, #1028, .T.);
#1915 = EDGE_CURVE('', #204, #202, #1032, .T.);
#1916 = EDGE_CURVE('', #198, #204, #1036, .T.);
#1917 = EDGE_CURVE('', #200, #206, #1040, .T.);
#1918 = EDGE_CURVE('', #206, #208, #1044, .T.);
#1919 = EDGE_CURVE('', #202, #208, #1048, .T.);
#1920 = EDGE_CURVE('', #206, #210, #1052, .T.);
#1921 = EDGE_CURVE('', #210, #212, #1056, .T.);
#1922 = EDGE_CURVE('', #208, #212, #1060, .T.);
#1923 = EDGE_CURVE('', #210, #198, #1064, .T.);
#1924 = EDGE_CURVE('', #212, #204, #1068, .T.);
#1925 = EDGE_CURVE('', #214, #216, #1072, .T.);
#1926 = EDGE_CURVE('', #216, #218, #1076, .T.);
#1927 = EDGE_CURVE('', #220, #218, #1080, .T.);
#1928 = EDGE_CURVE('', #214, #220, #1084, .T.);
#1929 = EDGE_CURVE('', #216, #222, #1088, .T.);
#1930 = EDGE_CURVE('', #222, #224, #1092, .T.);
#1931 = EDGE_CURVE('', #218, #224, #1096, .T.);
#1932 = EDGE_CURVE('', #222, #226, #1100, .T.);
#1933 = EDGE_CURVE('', #226, #228, #1104, .T.);
#1934 = EDGE_CURVE('', #224, #228, #1108, .T.);
#1935 = EDGE_CURVE('', #226, #214, #1112, .T.);
#1936 = EDGE_CURVE('', #228, #220, #1116, .T.);
#1937 = EDGE_CURVE('', #230, #232, #1120, .T.);
#1938 = EDGE_CURVE('', #232, #234, #1124, .T.);
#1939 = EDGE_CURVE('', #236, #234, #1128, .T.);
#1940 = EDGE_CURVE('', #230, #236, #1132, .T.);
#1941 = EDGE_CURVE('', #232, #238, #1136, .T.);
#1942 = EDGE_CURVE('', #238, #240, #1140, .T.);
#1943 = EDGE_CURVE('', #234, #240, #1144, .T.);
#1944 = EDGE_CURVE('', #238, #242, #1148, .T.);
#1945 = EDGE_CURVE('', #242, #244, #1152, .T.);
#1946 = EDGE_CURVE('', #240, #244, #1156, .T.);
#1947 = EDGE_CURVE('', #242, #230, #1160, .T.);
#1948 = EDGE_CURVE('', #244, #236, #1164, .T.);
#1949 = EDGE_CURVE('', #246, #246, #1169, .T.);
#1950 = EDGE_CURVE('', #246, #248, #1173, .T.);
#1951 = EDGE_CURVE('', #248, #248, #1178, .T.);
#1952 = EDGE_CURVE('', #250, #252, #1182, .T.);
#1953 = EDGE_CURVE('', #252, #254, #1186, .T.);
#1954 = EDGE_CURVE('', #256, #254, #1190, .T.);
#1955 = EDGE_CURVE('', #250, #256, #1194, .T.);
#1956 = EDGE_CURVE('', #252, #258, #1198, .T.);
#1957 = EDGE_CURVE('', #258, #260, #1202, .T.);
#1958 = EDGE_CURVE('', #254, #260, #1206, .T.);
#1959 = EDGE_CURVE('', #258, #262, #1210, .T.);
#1960 = EDGE_CURVE('', #262, #264, #1214, .T.);
#1961 = EDGE_CURVE('', #260, #264, #1218, .T.);
#1962 = EDGE_CURVE('', #262, #250, #1222, .T.);
#1963 = EDGE_CURVE('', #264, #256, #1226, .T.);
#1964 = EDGE_CURVE('', #266, #268, #1230, .T.);
#1965 = EDGE_CURVE('', #268, #270, #1234, .T.);
#1966 = EDGE_CURVE('', #272, #270, #1238, .T.);
#1967 = EDGE_CURVE('', #266, #272, #1242, .T.);
#1968 = EDGE_CURVE('', #268, #274, #1246, .T.);
#1969 = EDGE_CURVE('', #274, #276, #1250, .T.);
#1970 = EDGE_CURVE('', #270, #276, #1254, .T.);
#1971 = EDGE_CURVE('', #274, #278, #1258, .T.);
#1972 = EDGE_CURVE('', #278, #280, #1262, .T.);
#1973 = EDGE_CURVE('', #276, #280, #1266, .T.);
#1974 = EDGE_CURVE('', #278, #266, #1270, .T.);
#1975 = EDGE_CURVE('', #280, #272, #1274, .T.);
#1976 = EDGE_CURVE('', #282, #284, #1278, .T.);
#1977 = EDGE_CURVE('', #284, #286, #1282, .T.);
#1978 = EDGE_CURVE('', #288, #286, #1286, .T.);
#1979 = EDGE_CURVE('', #282, #288, #1290, .T.);
#1980 = EDGE_CURVE('', #284, #290, #1294, .T.);
#1981 = EDGE_CURVE('', #290, #292, #1298, .T.);
#1982 = EDGE_CURVE('', #286, #292, #1302, .T.);
#1983 = EDGE_CURVE('', #290, #294, #1306, .T.);
#1984 = EDGE_CURVE('', #294, #296, #1310, .T.);
#1985 = EDGE_CURVE('', #292, #296, #1314, .T.);
#1986 = EDGE_CURVE('', #294, #282, #1318, .T.);
#1987 = EDGE_CURVE('', #296, #288, #1322, .T.);
#1988 = EDGE_CURVE('', #298, #300, #1326, .T.);
#1989 = EDGE_CURVE('', #300, #302, #1330, .T.);
#1990 = EDGE_CURVE('', #304, #302, #1334, .T.);
#1991 = EDGE_CURVE('', #298, #304, #1338, .T.);
#1992 = EDGE_CURVE('', #300, #306, #1342, .T.);
#1993 = EDGE_CURVE('', #306, #308, #1346, .T.);
#1994 = EDGE_CURVE('', #302, #308, #1350, .T.);
#1995 = EDGE_CURVE('', #306, #310, #1354, .T.);
#1996 = EDGE_CURVE('', #310, #312, #1358, .T.);
#1997 = EDGE_CURVE('', #308, #312, #1362, .T.);
#1998 = EDGE_CURVE('', #310, #298, #1366, .T.);
#1999 = EDGE_CURVE('', #312, #304, #1370, .T.);
#2000 = EDGE_CURVE('', #314, #316, #1374, .T.);
#2001 = EDGE_CURVE('', #316, #318, #1378, .T.);
#2002 = EDGE_CURVE('', #320, #318, #1382, .T.);
#2003 = EDGE_CURVE('', #314, #320, #1386, .T.);
#2004 = EDGE_CURVE('', #316, #322, #1390, .T.);
#2005 = EDGE_CURVE('', #322, #324, #1394, .T.);
#2006 = EDGE_CURVE('', #318, #324, #1398, .T.);
#2007 = EDGE_CURVE('', #322, #326, #1402, .T.);
#2008 = EDGE_CURVE('', #326, #328, #1406, .T.);
#2009 = EDGE_CURVE('', #324, #328, #1410, .T.);
#2010 = EDGE_CURVE('', #326, #314, #1414, .T.);
#2011 = EDGE_CURVE('', #328, #320, #1418, .T.);
#2012 = EDGE_CURVE('', #330, #332, #1422, .T.);
#2013 = EDGE_CURVE('', #332, #334, #1426, .T.);
#2014 = EDGE_CURVE('', #336, #334, #1430, .T.);
#2015 = EDGE_CURVE('', #330, #336, #1434, .T.);
#2016 = EDGE_CURVE('', #332, #338, #1438, .T.);
#2017 = EDGE_CURVE('', #338, #340, #1442, .T.);
#2018 = EDGE_CURVE('', #334, #340, #1446, .T.);
#2019 = EDGE_CURVE('', #338, #342, #1450, .T.);
#2020 = EDGE_CURVE('', #342, #344, #1454, .T.);
#2021 = EDGE_CURVE('', #340, #344, #1458, .T.);
#2022 = EDGE_CURVE('', #342, #330, #1462, .T.);
#2023 = EDGE_CURVE('', #344, #336, #1466, .T.);
#2024 = EDGE_CURVE('', #346, #348, #1470, .T.);
#2025 = EDGE_CURVE('', #348, #350, #1474, .T.);
#2026 = EDGE_CURVE('', #352, #350, #1478, .T.);
#2027 = EDGE_CURVE('', #346, #352, #1482, .T.);
#2028 = EDGE_CURVE('', #348, #354, #1486, .T.);
#2029 = EDGE_CURVE('', #354, #356, #1490, .T.);
#2030 = EDGE_CURVE('', #350, #356, #1494, .T.);
#2031 = EDGE_CURVE('', #354, #358, #1498, .T.);
#2032 = EDGE_CURVE('', #358, #360, #1502, .T.);
#2033 = EDGE_CURVE('', #356, #360, #1506, .T.);
#2034 = EDGE_CURVE('', #358, #346, #1510, .T.);
#2035 = EDGE_CURVE('', #360, #352, #1514, .T.);
#2036 = EDGE_CURVE('', #362, #364, #1518, .T.);
#2037 = EDGE_CURVE('', #364, #366, #1522, .T.);
#2038 = EDGE_CURVE('', #368, #366, #1526, .T.);
#2039 = EDGE_CURVE('', #362, #368, #1530, .T.);
#2040 = EDGE_CURVE('', #364, #370, #1534, .T.);
#2041 = EDGE_CURVE('', #370, #372, #1538, .T.);
#2042 = EDGE_CURVE('', #366, #372, #1542, .T.);
#2043 = EDGE_CURVE('', #370, #374, #1546, .T.);
#2044 = EDGE_CURVE('', #374, #376, #1550, .T.);
#2045 = EDGE_CURVE('', #372, #376, #1554, .T.);
#2046 = EDGE_CURVE('', #374, #362, #1558, .T.);
#2047 = EDGE_CURVE('', #376, #368, #1562, .T.);
#2048 = EDGE_CURVE('', #378, #380, #1566, .T.);
#2049 = EDGE_CURVE('', #380, #382, #1570, .T.);
#2050 = EDGE_CURVE('', #384, #382, #1574, .T.);
#2051 = EDGE_CURVE('', #378, #384, #1578, .T.);
#2052 = EDGE_CURVE('', #380, #386, #1582, .T.);
#2053 = EDGE_CURVE('', #386, #388, #1586, .T.);
#2054 = EDGE_CURVE('', #382, #388, #1590, .T.);
#2055 = EDGE_CURVE('', #386, #390, #1594, .T.);
#2056 = EDGE_CURVE('', #390, #392, #1598, .T.);
#2057 = EDGE_CURVE('', #388, #392, #1602, .T.);
#2058 = EDGE_CURVE('', #390, #378, #1606, .T.);
#2059 = EDGE_CURVE('', #392, #384, #1610, .T.);
#2060 = EDGE_CURVE('', #394, #396, #1614, .T.);
#2061 = EDGE_CURVE('', #396, #398, #1618, .T.);
#2062 = EDGE_CURVE('', #400, #398, #1622, .T.);
#2063 = EDGE_CURVE('', #394, #400, #1626, .T.);
#2064 = EDGE_CURVE('', #396, #402, #1630, .T.);
#2065 = EDGE_CURVE('', #402, #404, #1634, .T.);
#2066 = EDGE_CURVE('', #398, #404, #1638, .T.);
#2067 = EDGE_CURVE('', #402, #406, #1642, .T.);
#2068 = EDGE_CURVE('', #406, #408, #1646, .T.);
#2069 = EDGE_CURVE('', #404, #408, #1650, .T.);
#2070 = EDGE_CURVE('', #406, #394, #1654, .T.);
#2071 = EDGE_CURVE('', #408, #400, #1658, .T.);
#2072 = EDGE_CURVE('', #410, #412, #1662, .T.);
#2073 = EDGE_CURVE('', #412, #414, #1666, .T.);
#2074 = EDGE_CURVE('', #416, #414, #1670, .T.);
#2075 = EDGE_CURVE('', #410, #416, #1674, .T.);
#2076 = EDGE_CURVE('', #412, #418, #1678, .T.);
#2077 = EDGE_CURVE('', #418, #420, #1682, .T.);
#2078 = EDGE_CURVE('', #414, #420, #1686, .T.);
#2079 = EDGE_CURVE('', #418, #422, #1690, .T.);
#2080 = EDGE_CURVE('', #422, #424, #1694, .T.);
#2081 = EDGE_CURVE('', #420, #424, #1698, .T.);
#2082 = EDGE_CURVE('', #422, #410, #1702, .T.);
#2083 = EDGE_CURVE('', #424, #416, #1706, .T.);
#2084 = EDGE_CURVE('', #426, #428, #1710, .T.);
#2085 = EDGE_CURVE('', #428, #430, #1714, .T.);
#2086 = EDGE_CURVE('', #432, #430, #1718, .T.);
#2087 = EDGE_CURVE('', #426, #432, #1722, .T.);
#2088 = EDGE_CURVE('', #428, #434, #1726, .T.);
#2089 = EDGE_CURVE('', #434, #436, #1730, .T.);
#2090 = EDGE_CURVE('', #430, #436, #1734, .T.);
#2091 = EDGE_CURVE('', #434, #438, #1738, .T.);
#2092 = EDGE_CURVE('', #438, #440, #1742, .T.);
#2093 = EDGE_CURVE('', #436, #440, #1746, .T.);
#2094 = EDGE_CURVE('', #438, #426, #1750, .T.);
#2095 = EDGE_CURVE('', #440, #432, #1754, .T.);
#2096 = EDGE_CURVE('', #442, #442, #1759, .T.);
#2097 = EDGE_CURVE('', #442, #444, #1763, .T.);
#2098 = EDGE_CURVE('', #444, #444, #1768, .T.);
#2099 = CARTESIAN_POINT('', (1.2192, 0.3048, 0.0381));
#2100 = DIRECTION('', (1., -0., 0.));
#2101 = AXIS2_PLACEMENT_3D('', #2099, #2100, $);
#2102 = PLANE('', #2101);
#2103 = CARTESIAN_POINT('', (1.143, 0.381, 0.0381));
#2104 = DIRECTION('', (0., 1., -0.));
#2105 = AXIS2_PLACEMENT_3D('', #2103, #2104, $);
#2106 = PLANE('', #2105);
#2107 = CARTESIAN_POINT('', (1.0668, 0.3048, 0.0381));
#2108 = DIRECTION('', (-1., -0., 0.));
#2109 = AXIS2_PLACEMENT_3D('', #2107, #2108, $);
#2110 = PLANE('', #2109);
#2111 = CARTESIAN_POINT('', (1.143, 0.2286, 0.0381));
#2112 = DIRECTION('', (0., -1., 0.));
#2113 = AXIS2_PLACEMENT_3D('', #2111, #2112, $);
#2114 = PLANE('', #2113);
#2115 = CARTESIAN_POINT('', (1.143, 0.3048, 0.));
#2116 = DIRECTION('', (0., -0., 1.));
#2117 = AXIS2_PLACEMENT_3D('', #2115, #2116, $);
#2118 = PLANE('', #2117);
#2119 = CARTESIAN_POINT('', (1.143, 0.3048, 0.0762));
#2120 = DIRECTION('', (0., -0., 1.));
#2121 = AXIS2_PLACEMENT_3D('', #2119, #2120, $);
#2122 = PLANE('', #2121);
#2123 = CARTESIAN_POINT('', (0.1524, 0.3048, 0.0381));
#2124 = DIRECTION('', (1., -0., 0.));
#2125 = AXIS2_PLACEMENT_3D('', #2123, #2124, $);
#2126 = PLANE('', #2125);
#2127 = CARTESIAN_POINT('', (0.0762, 0.381, 0.0381));
#2128 = DIRECTION('', (0., 1., -0.));
#2129 = AXIS2_PLACEMENT_3D('', #2127, #2128, $);
#2130 = PLANE('', #2129);
#2131 = CARTESIAN_POINT('', (0., 0.3048, 0.0381));
#2132 = DIRECTION('', (-1., -0., 0.));
#2133 = AXIS2_PLACEMENT_3D('', #2131, #2132, $);
#2134 = PLANE('', #2133);
#2135 = CARTESIAN_POINT('', (0.0762, 0.2286, 0.0381));
#2136 = DIRECTION('', (0., -1., 0.));
#2137 = AXIS2_PLACEMENT_3D('', #2135, #2136, $);
#2138 = PLANE('', #2137);
#2139 = CARTESIAN_POINT('', (0.0762, 0.3048, 0.));
#2140 = DIRECTION('', (0., -0., 1.));
#2141 = AXIS2_PLACEMENT_3D('', #2139, #2140, $);
#2142 = PLANE('', #2141);
#2143 = CARTESIAN_POINT('', (0.0762, 0.3048, 0.0762));
#2144 = DIRECTION('', (0., -0., 1.));
#2145 = AXIS2_PLACEMENT_3D('', #2143, #2144, $);
#2146 = PLANE('', #2145);
#2147 = CARTESIAN_POINT('', (1.2192, -0.3048, 0.0381));
#2148 = DIRECTION('', (1., -0., 0.));
#2149 = AXIS2_PLACEMENT_3D('', #2147, #2148, $);
#2150 = PLANE('', #2149);
#2151 = CARTESIAN_POINT('', (1.143, -0.2286, 0.0381));
#2152 = DIRECTION('', (0., 1., -0.));
#2153 = AXIS2_PLACEMENT_3D('', #2151, #2152, $);
#2154 = PLANE('', #2153);
#2155 = CARTESIAN_POINT('', (1.0668, -0.3048, 0.0381));
#2156 = DIRECTION('', (-1., -0., 0.));
#2157 = AXIS2_PLACEMENT_3D('', #2155, #2156, $);
#2158 = PLANE('', #2157);
#2159 = CARTESIAN_POINT('', (1.143, -0.381, 0.0381));
#2160 = DIRECTION('', (0., -1., 0.));
#2161 = AXIS2_PLACEMENT_3D('', #2159, #2160, $);
#2162 = PLANE('', #2161);
#2163 = CARTESIAN_POINT('', (1.143, -0.3048, 0.));
#2164 = DIRECTION('', (0., -0., 1.));
#2165 = AXIS2_PLACEMENT_3D('', #2163, #2164, $);
#2166 = PLANE('', #2165);
#2167 = CARTESIAN_POINT('', (1.143, -0.3048, 0.0762));
#2168 = DIRECTION('', (0., -0., 1.));
#2169 = AXIS2_PLACEMENT_3D('', #2167, #2168, $);
#2170 = PLANE('', #2169);
#2171 = CARTESIAN_POINT('', (1.20015, 0.3429, 0.4318));
#2172 = DIRECTION('', (0., 0.99612985, 0.08789381));
#2173 = AXIS2_PLACEMENT_3D('', #2171, #2172, $);
#2174 = PLANE('', #2173);
#2175 = CARTESIAN_POINT('', (1.20015, -0., 0.8636));
#2176 = DIRECTION('', (-0., -0., 1.));
#2177 = AXIS2_PLACEMENT_3D('', #2175, #2176, $);
#2178 = PLANE('', #2177);
#2179 = CARTESIAN_POINT('', (1.20015, -0.3429, 0.4318));
#2180 = DIRECTION('', (0., -0.99612985, 0.08789381));
#2181 = AXIS2_PLACEMENT_3D('', #2179, #2180, $);
#2182 = PLANE('', #2181);
#2183 = CARTESIAN_POINT('', (1.20015, 0., 0.));
#2184 = DIRECTION('', (0., -0., -1.));
#2185 = AXIS2_PLACEMENT_3D('', #2183, #2184, $);
#2186 = PLANE('', #2185);
#2187 = CARTESIAN_POINT('', (1.1811, 0., 0.4318));
#2188 = DIRECTION('', (1., -0., 0.));
#2189 = AXIS2_PLACEMENT_3D('', #2187, #2188, $);
#2190 = PLANE('', #2189);
#2191 = CARTESIAN_POINT('', (1.2192, 0., 0.4318));
#2192 = DIRECTION('', (1., -0., 0.));
#2193 = AXIS2_PLACEMENT_3D('', #2191, #2192, $);
#2194 = PLANE('', #2193);
#2195 = CARTESIAN_POINT('', (1.2192, 0., 0.95885));
#2196 = DIRECTION('', (1., -0., 0.));
#2197 = AXIS2_PLACEMENT_3D('', #2195, #2196, $);
#2198 = PLANE('', #2197);
#2199 = CARTESIAN_POINT('', (1.218438, 0.3048, 0.95885));
#2200 = DIRECTION('', (0., 1., -0.));
#2201 = AXIS2_PLACEMENT_3D('', #2199, #2200, $);
#2202 = PLANE('', #2201);
#2203 = CARTESIAN_POINT('', (1.217676, -0., 0.95885));
#2204 = DIRECTION('', (-1., -0., 0.));
#2205 = AXIS2_PLACEMENT_3D('', #2203, #2204, $);
#2206 = PLANE('', #2205);
#2207 = CARTESIAN_POINT('', (1.218438, -0.3048, 0.95885));
#2208 = DIRECTION('', (0., -1., 0.));
#2209 = AXIS2_PLACEMENT_3D('', #2207, #2208, $);
#2210 = PLANE('', #2209);
#2211 = CARTESIAN_POINT('', (1.218438, 0., 0.9398));
#2212 = DIRECTION('', (0., -0., 1.));
#2213 = AXIS2_PLACEMENT_3D('', #2211, #2212, $);
#2214 = PLANE('', #2213);
#2215 = CARTESIAN_POINT('', (1.218438, 0., 0.9779));
#2216 = DIRECTION('', (0., -0., 1.));
#2217 = AXIS2_PLACEMENT_3D('', #2215, #2216, $);
#2218 = PLANE('', #2217);
#2219 = CARTESIAN_POINT('', (0.3556, 0.2159, 0.88265));
#2220 = DIRECTION('', (1., -0., 0.));
#2221 = AXIS2_PLACEMENT_3D('', #2219, #2220, $);
#2222 = PLANE('', #2221);
#2223 = CARTESIAN_POINT('', (0.3048, 0.3048, 0.88265));
#2224 = DIRECTION('', (0., 1., -0.));
#2225 = AXIS2_PLACEMENT_3D('', #2223, #2224, $);
#2226 = PLANE('', #2225);
#2227 = CARTESIAN_POINT('', (0.254, 0.2159, 0.88265));
#2228 = DIRECTION('', (-1., -0., 0.));
#2229 = AXIS2_PLACEMENT_3D('', #2227, #2228, $);
#2230 = PLANE('', #2229);
#2231 = CARTESIAN_POINT('', (0.3048, 0.127, 0.88265));
#2232 = DIRECTION('', (0., -1., 0.));
#2233 = AXIS2_PLACEMENT_3D('', #2231, #2232, $);
#2234 = PLANE('', #2233);
#2235 = CARTESIAN_POINT('', (0.3048, 0.2159, 0.8636));
#2236 = DIRECTION('', (0., -0., 1.));
#2237 = AXIS2_PLACEMENT_3D('', #2235, #2236, $);
#2238 = PLANE('', #2237);
#2239 = CARTESIAN_POINT('', (0.3048, 0.2159, 0.9017));
#2240 = DIRECTION('', (0., -0., 1.));
#2241 = AXIS2_PLACEMENT_3D('', #2239, #2240, $);
#2242 = PLANE('', #2241);
#2243 = CARTESIAN_POINT('', (0.001524, 0., 0.95885));
#2244 = DIRECTION('', (1., -0., 0.));
#2245 = AXIS2_PLACEMENT_3D('', #2243, #2244, $);
#2246 = PLANE('', #2245);
#2247 = CARTESIAN_POINT('', (0.000762, 0.3048, 0.95885));
#2248 = DIRECTION('', (0., 1., -0.));
#2249 = AXIS2_PLACEMENT_3D('', #2247, #2248, $);
#2250 = PLANE('', #2249);
#2251 = CARTESIAN_POINT('', (0., -0., 0.95885));
#2252 = DIRECTION('', (-1., -0., 0.));
#2253 = AXIS2_PLACEMENT_3D('', #2251, #2252, $);
#2254 = PLANE('', #2253);
#2255 = CARTESIAN_POINT('', (0.000762, -0.3048, 0.95885));
#2256 = DIRECTION('', (0., -1., 0.));
#2257 = AXIS2_PLACEMENT_3D('', #2255, #2256, $);
#2258 = PLANE('', #2257);
#2259 = CARTESIAN_POINT('', (0.000762, 0., 0.9398));
#2260 = DIRECTION('', (0., -0., 1.));
#2261 = AXIS2_PLACEMENT_3D('', #2259, #2260, $);
#2262 = PLANE('', #2261);
#2263 = CARTESIAN_POINT('', (0.000762, 0., 0.9779));
#2264 = DIRECTION('', (0., -0., 1.));
#2265 = AXIS2_PLACEMENT_3D('', #2263, #2264, $);
#2266 = PLANE('', #2265);
#2267 = CARTESIAN_POINT('', (0.3556, 0.2159, 0.92075));
#2268 = DIRECTION('', (1., -0., 0.));
#2269 = AXIS2_PLACEMENT_3D('', #2267, #2268, $);
#2270 = PLANE('', #2269);
#2271 = CARTESIAN_POINT('', (0.3048, 0.3048, 0.92075));
#2272 = DIRECTION('', (0., 1., -0.));
#2273 = AXIS2_PLACEMENT_3D('', #2271, #2272, $);
#2274 = PLANE('', #2273);
#2275 = CARTESIAN_POINT('', (0.254, 0.2159, 0.92075));
#2276 = DIRECTION('', (-1., -0., 0.));
#2277 = AXIS2_PLACEMENT_3D('', #2275, #2276, $);
#2278 = PLANE('', #2277);
#2279 = CARTESIAN_POINT('', (0.3048, 0.127, 0.92075));
#2280 = DIRECTION('', (0., -1., 0.));
#2281 = AXIS2_PLACEMENT_3D('', #2279, #2280, $);
#2282 = PLANE('', #2281);
#2283 = CARTESIAN_POINT('', (0.3048, 0.2159, 0.9017));
#2284 = DIRECTION('', (0., -0., 1.));
#2285 = AXIS2_PLACEMENT_3D('', #2283, #2284, $);
#2286 = PLANE('', #2285);
#2287 = CARTESIAN_POINT('', (0.3048, 0.2159, 0.9398));
#2288 = DIRECTION('', (0., -0., 1.));
#2289 = AXIS2_PLACEMENT_3D('', #2287, #2288, $);
#2290 = PLANE('', #2289);
#2291 = CARTESIAN_POINT('', (0.3556, -0.2159, 0.88265));
#2292 = DIRECTION('', (1., -0., 0.));
#2293 = AXIS2_PLACEMENT_3D('', #2291, #2292, $);
#2294 = PLANE('', #2293);
#2295 = CARTESIAN_POINT('', (0.3048, -0.127, 0.88265));
#2296 = DIRECTION('', (0., 1., -0.));
#2297 = AXIS2_PLACEMENT_3D('', #2295, #2296, $);
#2298 = PLANE('', #2297);
#2299 = CARTESIAN_POINT('', (0.254, -0.2159, 0.88265));
#2300 = DIRECTION('', (-1., -0., 0.));
#2301 = AXIS2_PLACEMENT_3D('', #2299, #2300, $);
#2302 = PLANE('', #2301);
#2303 = CARTESIAN_POINT('', (0.3048, -0.3048, 0.88265));
#2304 = DIRECTION('', (0., -1., 0.));
#2305 = AXIS2_PLACEMENT_3D('', #2303, #2304, $);
#2306 = PLANE('', #2305);
#2307 = CARTESIAN_POINT('', (0.3048, -0.2159, 0.8636));
#2308 = DIRECTION('', (0., -0., 1.));
#2309 = AXIS2_PLACEMENT_3D('', #2307, #2308, $);
#2310 = PLANE('', #2309);
#2311 = CARTESIAN_POINT('', (0.3048, -0.2159, 0.9017));
#2312 = DIRECTION('', (0., -0., 1.));
#2313 = AXIS2_PLACEMENT_3D('', #2311, #2312, $);
#2314 = PLANE('', #2313);
#2315 = CARTESIAN_POINT('', (1.2192, -0.304038, 0.94615));
#2316 = DIRECTION('', (1., -0., 0.));
#2317 = AXIS2_PLACEMENT_3D('', #2315, #2316, $);
#2318 = PLANE('', #2317);
#2319 = CARTESIAN_POINT('', (0.6096, -0.303276, 0.94615));
#2320 = DIRECTION('', (0., 1., -0.));
#2321 = AXIS2_PLACEMENT_3D('', #2319, #2320, $);
#2322 = PLANE('', #2321);
#2323 = CARTESIAN_POINT('', (0., -0.304038, 0.94615));
#2324 = DIRECTION('', (-1., -0., 0.));
#2325 = AXIS2_PLACEMENT_3D('', #2323, #2324, $);
#2326 = PLANE('', #2325);
#2327 = CARTESIAN_POINT('', (0.6096, -0.3048, 0.94615));
#2328 = DIRECTION('', (0., -1., 0.));
#2329 = AXIS2_PLACEMENT_3D('', #2327, #2328, $);
#2330 = PLANE('', #2329);
#2331 = CARTESIAN_POINT('', (0.6096, -0.304038, 0.9398));
#2332 = DIRECTION('', (0., -0., 1.));
#2333 = AXIS2_PLACEMENT_3D('', #2331, #2332, $);
#2334 = PLANE('', #2333);
#2335 = CARTESIAN_POINT('', (0.6096, -0.304038, 0.9525));
#2336 = DIRECTION('', (0., -0., 1.));
#2337 = AXIS2_PLACEMENT_3D('', #2335, #2336, $);
#2338 = PLANE('', #2337);
#2339 = CARTESIAN_POINT('', (0.3556, -0.2159, 0.92075));
#2340 = DIRECTION('', (1., -0., 0.));
#2341 = AXIS2_PLACEMENT_3D('', #2339, #2340, $);
#2342 = PLANE('', #2341);
#2343 = CARTESIAN_POINT('', (0.3048, -0.127, 0.92075));
#2344 = DIRECTION('', (0., 1., -0.));
#2345 = AXIS2_PLACEMENT_3D('', #2343, #2344, $);
#2346 = PLANE('', #2345);
#2347 = CARTESIAN_POINT('', (0.254, -0.2159, 0.92075));
#2348 = DIRECTION('', (-1., -0., 0.));
#2349 = AXIS2_PLACEMENT_3D('', #2347, #2348, $);
#2350 = PLANE('', #2349);
#2351 = CARTESIAN_POINT('', (0.3048, -0.3048, 0.92075));
#2352 = DIRECTION('', (0., -1., 0.));
#2353 = AXIS2_PLACEMENT_3D('', #2351, #2352, $);
#2354 = PLANE('', #2353);
#2355 = CARTESIAN_POINT('', (0.3048, -0.2159, 0.9017));
#2356 = DIRECTION('', (0., -0., 1.));
#2357 = AXIS2_PLACEMENT_3D('', #2355, #2356, $);
#2358 = PLANE('', #2357);
#2359 = CARTESIAN_POINT('', (0.3048, -0.2159, 0.9398));
#2360 = DIRECTION('', (0., -0., 1.));
#2361 = AXIS2_PLACEMENT_3D('', #2359, #2360, $);
#2362 = PLANE('', #2361);
#2363 = CARTESIAN_POINT('', (1.2192, 0., 0.88265));
#2364 = DIRECTION('', (1., -0., 0.));
#2365 = AXIS2_PLACEMENT_3D('', #2363, #2364, $);
#2366 = PLANE('', #2365);
#2367 = CARTESIAN_POINT('', (0.7874, 0.3048, 0.88265));
#2368 = DIRECTION('', (0., 1., -0.));
#2369 = AXIS2_PLACEMENT_3D('', #2367, #2368, $);
#2370 = PLANE('', #2369);
#2371 = CARTESIAN_POINT('', (0.3556, -0., 0.88265));
#2372 = DIRECTION('', (-1., -0., 0.));
#2373 = AXIS2_PLACEMENT_3D('', #2371, #2372, $);
#2374 = PLANE('', #2373);
#2375 = CARTESIAN_POINT('', (0.7874, -0.3048, 0.88265));
#2376 = DIRECTION('', (0., -1., 0.));
#2377 = AXIS2_PLACEMENT_3D('', #2375, #2376, $);
#2378 = PLANE('', #2377);
#2379 = CARTESIAN_POINT('', (0.7874, 0., 0.8636));
#2380 = DIRECTION('', (0., -0., 1.));
#2381 = AXIS2_PLACEMENT_3D('', #2379, #2380, $);
#2382 = PLANE('', #2381);
#2383 = CARTESIAN_POINT('', (0.7874, 0., 0.9017));
#2384 = DIRECTION('', (0., -0., 1.));
#2385 = AXIS2_PLACEMENT_3D('', #2383, #2384, $);
#2386 = PLANE('', #2385);
#2387 = CARTESIAN_POINT('', (1.2192, 0.304038, 0.95885));
#2388 = DIRECTION('', (1., -0., 0.));
#2389 = AXIS2_PLACEMENT_3D('', #2387, #2388, $);
#2390 = PLANE('', #2389);
#2391 = CARTESIAN_POINT('', (0.6096, 0.3048, 0.95885));
#2392 = DIRECTION('', (0., 1., -0.));
#2393 = AXIS2_PLACEMENT_3D('', #2391, #2392, $);
#2394 = PLANE('', #2393);
#2395 = CARTESIAN_POINT('', (0., 0.304038, 0.95885));
#2396 = DIRECTION('', (-1., -0., 0.));
#2397 = AXIS2_PLACEMENT_3D('', #2395, #2396, $);
#2398 = PLANE('', #2397);
#2399 = CARTESIAN_POINT('', (0.6096, 0.303276, 0.95885));
#2400 = DIRECTION('', (0., -1., 0.));
#2401 = AXIS2_PLACEMENT_3D('', #2399, #2400, $);
#2402 = PLANE('', #2401);
#2403 = CARTESIAN_POINT('', (0.6096, 0.304038, 0.9398));
#2404 = DIRECTION('', (0., -0., 1.));
#2405 = AXIS2_PLACEMENT_3D('', #2403, #2404, $);
#2406 = PLANE('', #2405);
#2407 = CARTESIAN_POINT('', (0.6096, 0.304038, 0.9779));
#2408 = DIRECTION('', (0., -0., 1.));
#2409 = AXIS2_PLACEMENT_3D('', #2407, #2408, $);
#2410 = PLANE('', #2409);
#2411 = CARTESIAN_POINT('', (1.2192, 0., 0.92075));
#2412 = DIRECTION('', (1., -0., 0.));
#2413 = AXIS2_PLACEMENT_3D('', #2411, #2412, $);
#2414 = PLANE('', #2413);
#2415 = CARTESIAN_POINT('', (0.7874, 0.3048, 0.92075));
#2416 = DIRECTION('', (0., 1., -0.));
#2417 = AXIS2_PLACEMENT_3D('', #2415, #2416, $);
#2418 = PLANE('', #2417);
#2419 = CARTESIAN_POINT('', (0.3556, -0., 0.92075));
#2420 = DIRECTION('', (-1., -0., 0.));
#2421 = AXIS2_PLACEMENT_3D('', #2419, #2420, $);
#2422 = PLANE('', #2421);
#2423 = CARTESIAN_POINT('', (0.7874, -0.3048, 0.92075));
#2424 = DIRECTION('', (0., -1., 0.));
#2425 = AXIS2_PLACEMENT_3D('', #2423, #2424, $);
#2426 = PLANE('', #2425);
#2427 = CARTESIAN_POINT('', (0.7874, 0., 0.9017));
#2428 = DIRECTION('', (0., -0., 1.));
#2429 = AXIS2_PLACEMENT_3D('', #2427, #2428, $);
#2430 = PLANE('', #2429);
#2431 = CARTESIAN_POINT('', (0.7874, 0., 0.9398));
#2432 = DIRECTION('', (0., -0., 1.));
#2433 = AXIS2_PLACEMENT_3D('', #2431, #2432, $);
#2434 = PLANE('', #2433);
#2435 = CARTESIAN_POINT('', (0.254, 0., 0.88265));
#2436 = DIRECTION('', (1., -0., 0.));
#2437 = AXIS2_PLACEMENT_3D('', #2435, #2436, $);
#2438 = PLANE('', #2437);
#2439 = CARTESIAN_POINT('', (0.127, 0.3048, 0.88265));
#2440 = DIRECTION('', (0., 1., -0.));
#2441 = AXIS2_PLACEMENT_3D('', #2439, #2440, $);
#2442 = PLANE('', #2441);
#2443 = CARTESIAN_POINT('', (-0., -0., 0.88265));
#2444 = DIRECTION('', (-1., -0., 0.));
#2445 = AXIS2_PLACEMENT_3D('', #2443, #2444, $);
#2446 = PLANE('', #2445);
#2447 = CARTESIAN_POINT('', (0.127, -0.3048, 0.88265));
#2448 = DIRECTION('', (0., -1., 0.));
#2449 = AXIS2_PLACEMENT_3D('', #2447, #2448, $);
#2450 = PLANE('', #2449);
#2451 = CARTESIAN_POINT('', (0.127, 0., 0.8636));
#2452 = DIRECTION('', (0., -0., 1.));
#2453 = AXIS2_PLACEMENT_3D('', #2451, #2452, $);
#2454 = PLANE('', #2453);
#2455 = CARTESIAN_POINT('', (0.127, 0., 0.9017));
#2456 = DIRECTION('', (0., -0., 1.));
#2457 = AXIS2_PLACEMENT_3D('', #2455, #2456, $);
#2458 = PLANE('', #2457);
#2459 = CARTESIAN_POINT('', (0.6096, -0., 1.1176));
#2460 = DIRECTION('', (1., -0., -0.));
#2461 = DIRECTION('', (0., 1., 0.));
#2462 = AXIS2_PLACEMENT_3D('', #2459, #2460, #2461);
#2463 = CYLINDRICAL_SURFACE('', #2462, 0.0015875);
#2464 = CARTESIAN_POINT('', (0.0254, 0., 1.1176));
#2465 = DIRECTION('', (1., -0., 0.));
#2466 = AXIS2_PLACEMENT_3D('', #2464, #2465, $);
#2467 = PLANE('', #2466);
#2468 = CARTESIAN_POINT('', (1.1938, 0., 1.1176));
#2469 = DIRECTION('', (1., -0., 0.));
#2470 = AXIS2_PLACEMENT_3D('', #2468, #2469, $);
#2471 = PLANE('', #2470);
#2472 = CARTESIAN_POINT('', (1.1811, 0., 0.0762));
#2473 = DIRECTION('', (1., -0., 0.));
#2474 = AXIS2_PLACEMENT_3D('', #2472, #2473, $);
#2475 = PLANE('', #2474);
#2476 = CARTESIAN_POINT('', (1.0541, 0.1016, 0.0762));
#2477 = DIRECTION('', (0., 1., -0.));
#2478 = AXIS2_PLACEMENT_3D('', #2476, #2477, $);
#2479 = PLANE('', #2478);
#2480 = CARTESIAN_POINT('', (0.9271, -0., 0.0762));
#2481 = DIRECTION('', (-1., -0., 0.));
#2482 = AXIS2_PLACEMENT_3D('', #2480, #2481, $);
#2483 = PLANE('', #2482);
#2484 = CARTESIAN_POINT('', (1.0541, -0.1016, 0.0762));
#2485 = DIRECTION('', (0., -1., 0.));
#2486 = AXIS2_PLACEMENT_3D('', #2484, #2485, $);
#2487 = PLANE('', #2486);
#2488 = CARTESIAN_POINT('', (1.0541, 0., 0.0127));
#2489 = DIRECTION('', (0., -0., 1.));
#2490 = AXIS2_PLACEMENT_3D('', #2488, #2489, $);
#2491 = PLANE('', #2490);
#2492 = CARTESIAN_POINT('', (1.0541, 0., 0.1397));
#2493 = DIRECTION('', (0., -0., 1.));
#2494 = AXIS2_PLACEMENT_3D('', #2492, #2493, $);
#2495 = PLANE('', #2494);
#2496 = CARTESIAN_POINT('', (1.1811, 0.295275, 0.5334));
#2497 = DIRECTION('', (1., -0., 0.));
#2498 = AXIS2_PLACEMENT_3D('', #2496, #2497, $);
#2499 = PLANE('', #2498);
#2500 = CARTESIAN_POINT('', (0.6096, 0.3048, 0.5334));
#2501 = DIRECTION('', (0., 1., -0.));
#2502 = AXIS2_PLACEMENT_3D('', #2500, #2501, $);
#2503 = PLANE('', #2502);
#2504 = CARTESIAN_POINT('', (0.0381, 0.295275, 0.5334));
#2505 = DIRECTION('', (-1., -0., 0.));
#2506 = AXIS2_PLACEMENT_3D('', #2504, #2505, $);
#2507 = PLANE('', #2506);
#2508 = CARTESIAN_POINT('', (0.6096, 0.28575, 0.5334));
#2509 = DIRECTION('', (0., -1., 0.));
#2510 = AXIS2_PLACEMENT_3D('', #2508, #2509, $);
#2511 = PLANE('', #2510);
#2512 = CARTESIAN_POINT('', (0.6096, 0.295275, 0.2032));
#2513 = DIRECTION('', (0., -0., 1.));
#2514 = AXIS2_PLACEMENT_3D('', #2512, #2513, $);
#2515 = PLANE('', #2514);
#2516 = CARTESIAN_POINT('', (0.6096, 0.295275, 0.8636));
#2517 = DIRECTION('', (0., -0., 1.));
#2518 = AXIS2_PLACEMENT_3D('', #2516, #2517, $);
#2519 = PLANE('', #2518);
#2520 = CARTESIAN_POINT('', (0.6096, 0., 0.22225));
#2521 = DIRECTION('', (1., -0., 0.));
#2522 = AXIS2_PLACEMENT_3D('', #2520, #2521, $);
#2523 = PLANE('', #2522);
#2524 = CARTESIAN_POINT('', (0.3048, 0.254, 0.22225));
#2525 = DIRECTION('', (0., 1., -0.));
#2526 = AXIS2_PLACEMENT_3D('', #2524, #2525, $);
#2527 = PLANE('', #2526);
#2528 = CARTESIAN_POINT('', (0., -0., 0.22225));
#2529 = DIRECTION('', (-1., -0., 0.));
#2530 = AXIS2_PLACEMENT_3D('', #2528, #2529, $);
#2531 = PLANE('', #2530);
#2532 = CARTESIAN_POINT('', (0.3048, -0.254, 0.22225));
#2533 = DIRECTION('', (0., -1., 0.));
#2534 = AXIS2_PLACEMENT_3D('', #2532, #2533, $);
#2535 = PLANE('', #2534);
#2536 = CARTESIAN_POINT('', (0.3048, 0., 0.2032));
#2537 = DIRECTION('', (0., -0., 1.));
#2538 = AXIS2_PLACEMENT_3D('', #2536, #2537, $);
#2539 = PLANE('', #2538);
#2540 = CARTESIAN_POINT('', (0.3048, 0., 0.2413));
#2541 = DIRECTION('', (0., -0., 1.));
#2542 = AXIS2_PLACEMENT_3D('', #2540, #2541, $);
#2543 = PLANE('', #2542);
#2544 = CARTESIAN_POINT('', (0.4953, 0., 0.3937));
#2545 = DIRECTION('', (1., -0., 0.));
#2546 = AXIS2_PLACEMENT_3D('', #2544, #2545, $);
#2547 = PLANE('', #2546);
#2548 = CARTESIAN_POINT('', (0.3048, 0.1524, 0.3937));
#2549 = DIRECTION('', (0., 1., -0.));
#2550 = AXIS2_PLACEMENT_3D('', #2548, #2549, $);
#2551 = PLANE('', #2550);
#2552 = CARTESIAN_POINT('', (0.1143, -0., 0.3937));
#2553 = DIRECTION('', (-1., -0., 0.));
#2554 = AXIS2_PLACEMENT_3D('', #2552, #2553, $);
#2555 = PLANE('', #2554);
#2556 = CARTESIAN_POINT('', (0.3048, -0.1524, 0.3937));
#2557 = DIRECTION('', (0., -1., 0.));
#2558 = AXIS2_PLACEMENT_3D('', #2556, #2557, $);
#2559 = PLANE('', #2558);
#2560 = CARTESIAN_POINT('', (0.3048, 0., 0.2413));
#2561 = DIRECTION('', (0., -0., 1.));
#2562 = AXIS2_PLACEMENT_3D('', #2560, #2561, $);
#2563 = PLANE('', #2562);
#2564 = CARTESIAN_POINT('', (0.3048, 0., 0.5461));
#2565 = DIRECTION('', (0., -0., 1.));
#2566 = AXIS2_PLACEMENT_3D('', #2564, #2565, $);
#2567 = PLANE('', #2566);
#2568 = CARTESIAN_POINT('', (1.1811, 0., 0.193675));
#2569 = DIRECTION('', (1., -0., 0.));
#2570 = AXIS2_PLACEMENT_3D('', #2568, #2569, $);
#2571 = PLANE('', #2570);
#2572 = CARTESIAN_POINT('', (0.6096, 0.3048, 0.193675));
#2573 = DIRECTION('', (0., 1., -0.));
#2574 = AXIS2_PLACEMENT_3D('', #2572, #2573, $);
#2575 = PLANE('', #2574);
#2576 = CARTESIAN_POINT('', (0.0381, -0., 0.193675));
#2577 = DIRECTION('', (-1., -0., 0.));
#2578 = AXIS2_PLACEMENT_3D('', #2576, #2577, $);
#2579 = PLANE('', #2578);
#2580 = CARTESIAN_POINT('', (0.6096, -0.3048, 0.193675));
#2581 = DIRECTION('', (0., -1., 0.));
#2582 = AXIS2_PLACEMENT_3D('', #2580, #2581, $);
#2583 = PLANE('', #2582);
#2584 = CARTESIAN_POINT('', (0.6096, 0., 0.18415));
#2585 = DIRECTION('', (0., -0., 1.));
#2586 = AXIS2_PLACEMENT_3D('', #2584, #2585, $);
#2587 = PLANE('', #2586);
#2588 = CARTESIAN_POINT('', (0.6096, 0., 0.2032));
#2589 = DIRECTION('', (0., -0., 1.));
#2590 = AXIS2_PLACEMENT_3D('', #2588, #2589, $);
#2591 = PLANE('', #2590);
#2592 = CARTESIAN_POINT('', (0.1524, -0.3048, 0.0381));
#2593 = DIRECTION('', (1., -0., 0.));
#2594 = AXIS2_PLACEMENT_3D('', #2592, #2593, $);
#2595 = PLANE('', #2594);
#2596 = CARTESIAN_POINT('', (0.0762, -0.2286, 0.0381));
#2597 = DIRECTION('', (0., 1., -0.));
#2598 = AXIS2_PLACEMENT_3D('', #2596, #2597, $);
#2599 = PLANE('', #2598);
#2600 = CARTESIAN_POINT('', (0., -0.3048, 0.0381));
#2601 = DIRECTION('', (-1., -0., 0.));
#2602 = AXIS2_PLACEMENT_3D('', #2600, #2601, $);
#2603 = PLANE('', #2602);
#2604 = CARTESIAN_POINT('', (0.0762, -0.381, 0.0381));
#2605 = DIRECTION('', (0., -1., 0.));
#2606 = AXIS2_PLACEMENT_3D('', #2604, #2605, $);
#2607 = PLANE('', #2606);
#2608 = CARTESIAN_POINT('', (0.0762, -0.3048, 0.));
#2609 = DIRECTION('', (0., -0., 1.));
#2610 = AXIS2_PLACEMENT_3D('', #2608, #2609, $);
#2611 = PLANE('', #2610);
#2612 = CARTESIAN_POINT('', (0.0762, -0.3048, 0.0762));
#2613 = DIRECTION('', (0., -0., 1.));
#2614 = AXIS2_PLACEMENT_3D('', #2612, #2613, $);
#2615 = PLANE('', #2614);
#2616 = CARTESIAN_POINT('', (1.143, 0., 1.023874));
#2617 = DIRECTION('', (1., -0., 0.));
#2618 = AXIS2_PLACEMENT_3D('', #2616, #2617, $);
#2619 = PLANE('', #2618);
#2620 = CARTESIAN_POINT('', (0.6096, 0.2286, 1.023874));
#2621 = DIRECTION('', (0., 1., -0.));
#2622 = AXIS2_PLACEMENT_3D('', #2620, #2621, $);
#2623 = PLANE('', #2622);
#2624 = CARTESIAN_POINT('', (0.0762, -0., 1.023874));
#2625 = DIRECTION('', (-1., -0., 0.));
#2626 = AXIS2_PLACEMENT_3D('', #2624, #2625, $);
#2627 = PLANE('', #2626);
#2628 = CARTESIAN_POINT('', (0.6096, -0.2286, 1.023874));
#2629 = DIRECTION('', (0., -1., 0.));
#2630 = AXIS2_PLACEMENT_3D('', #2628, #2629, $);
#2631 = PLANE('', #2630);
#2632 = CARTESIAN_POINT('', (0.6096, 0., 0.941324));
#2633 = DIRECTION('', (0., -0., 1.));
#2634 = AXIS2_PLACEMENT_3D('', #2632, #2633, $);
#2635 = PLANE('', #2634);
#2636 = CARTESIAN_POINT('', (0.6096, 0., 1.106424));
#2637 = DIRECTION('', (0., -0., 1.));
#2638 = AXIS2_PLACEMENT_3D('', #2636, #2637, $);
#2639 = PLANE('', #2638);
#2640 = CARTESIAN_POINT('', (0.3556, 0., 0.610362));
#2641 = DIRECTION('', (1., -0., 0.));
#2642 = AXIS2_PLACEMENT_3D('', #2640, #2641, $);
#2643 = PLANE('', #2642);
#2644 = CARTESIAN_POINT('', (0.3048, 0.127, 0.610362));
#2645 = DIRECTION('', (0., 1., -0.));
#2646 = AXIS2_PLACEMENT_3D('', #2644, #2645, $);
#2647 = PLANE('', #2646);
#2648 = CARTESIAN_POINT('', (0.254, -0., 0.610362));
#2649 = DIRECTION('', (-1., -0., 0.));
#2650 = AXIS2_PLACEMENT_3D('', #2648, #2649, $);
#2651 = PLANE('', #2650);
#2652 = CARTESIAN_POINT('', (0.3048, -0.127, 0.610362));
#2653 = DIRECTION('', (0., -1., 0.));
#2654 = AXIS2_PLACEMENT_3D('', #2652, #2653, $);
#2655 = PLANE('', #2654);
#2656 = CARTESIAN_POINT('', (0.3048, 0., 0.2413));
#2657 = DIRECTION('', (0., -0., 1.));
#2658 = AXIS2_PLACEMENT_3D('', #2656, #2657, $);
#2659 = PLANE('', #2658);
#2660 = CARTESIAN_POINT('', (0.3048, 0., 0.979424));
#2661 = DIRECTION('', (0., -0., 1.));
#2662 = AXIS2_PLACEMENT_3D('', #2660, #2661, $);
#2663 = PLANE('', #2662);
#2664 = CARTESIAN_POINT('', (0.01905, 0.3429, 0.4318));
#2665 = DIRECTION('', (-0., 0.99612985, 0.08789381));
#2666 = AXIS2_PLACEMENT_3D('', #2664, #2665, $);
#2667 = PLANE('', #2666);
#2668 = CARTESIAN_POINT('', (0.01905, -0., 0.8636));
#2669 = DIRECTION('', (-0., -0., 1.));
#2670 = AXIS2_PLACEMENT_3D('', #2668, #2669, $);
#2671 = PLANE('', #2670);
#2672 = CARTESIAN_POINT('', (0.01905, -0.3429, 0.4318));
#2673 = DIRECTION('', (0., -0.99612985, 0.08789381));
#2674 = AXIS2_PLACEMENT_3D('', #2672, #2673, $);
#2675 = PLANE('', #2674);
#2676 = CARTESIAN_POINT('', (0.01905, 0., 0.));
#2677 = DIRECTION('', (0., -0., -1.));
#2678 = AXIS2_PLACEMENT_3D('', #2676, #2677, $);
#2679 = PLANE('', #2678);
#2680 = CARTESIAN_POINT('', (0., 0., 0.4318));
#2681 = DIRECTION('', (1., -0., 0.));
#2682 = AXIS2_PLACEMENT_3D('', #2680, #2681, $);
#2683 = PLANE('', #2682);
#2684 = CARTESIAN_POINT('', (0.0381, 0., 0.4318));
#2685 = DIRECTION('', (1., -0., 0.));
#2686 = AXIS2_PLACEMENT_3D('', #2684, #2685, $);
#2687 = PLANE('', #2686);
#2688 = CARTESIAN_POINT('', (1.2192, 0., 0.940562));
#2689 = DIRECTION('', (1., -0., 0.));
#2690 = AXIS2_PLACEMENT_3D('', #2688, #2689, $);
#2691 = PLANE('', #2690);
#2692 = CARTESIAN_POINT('', (0.6096, 0.3048, 0.940562));
#2693 = DIRECTION('', (0., 1., -0.));
#2694 = AXIS2_PLACEMENT_3D('', #2692, #2693, $);
#2695 = PLANE('', #2694);
#2696 = CARTESIAN_POINT('', (0., -0., 0.940562));
#2697 = DIRECTION('', (-1., -0., 0.));
#2698 = AXIS2_PLACEMENT_3D('', #2696, #2697, $);
#2699 = PLANE('', #2698);
#2700 = CARTESIAN_POINT('', (0.6096, -0.3048, 0.940562));
#2701 = DIRECTION('', (0., -1., 0.));
#2702 = AXIS2_PLACEMENT_3D('', #2700, #2701, $);
#2703 = PLANE('', #2702);
#2704 = CARTESIAN_POINT('', (0.6096, 0., 0.9398));
#2705 = DIRECTION('', (0., -0., 1.));
#2706 = AXIS2_PLACEMENT_3D('', #2704, #2705, $);
#2707 = PLANE('', #2706);
#2708 = CARTESIAN_POINT('', (0.6096, 0., 0.941324));
#2709 = DIRECTION('', (0., -0., 1.));
#2710 = AXIS2_PLACEMENT_3D('', #2708, #2709, $);
#2711 = PLANE('', #2710);
#2712 = CARTESIAN_POINT('', (0.254, 0., 0.92075));
#2713 = DIRECTION('', (1., -0., 0.));
#2714 = AXIS2_PLACEMENT_3D('', #2712, #2713, $);
#2715 = PLANE('', #2714);
#2716 = CARTESIAN_POINT('', (0.127, 0.3048, 0.92075));
#2717 = DIRECTION('', (0., 1., -0.));
#2718 = AXIS2_PLACEMENT_3D('', #2716, #2717, $);
#2719 = PLANE('', #2718);
#2720 = CARTESIAN_POINT('', (-0., -0., 0.92075));
#2721 = DIRECTION('', (-1., -0., 0.));
#2722 = AXIS2_PLACEMENT_3D('', #2720, #2721, $);
#2723 = PLANE('', #2722);
#2724 = CARTESIAN_POINT('', (0.127, -0.3048, 0.92075));
#2725 = DIRECTION('', (0., -1., 0.));
#2726 = AXIS2_PLACEMENT_3D('', #2724, #2725, $);
#2727 = PLANE('', #2726);
#2728 = CARTESIAN_POINT('', (0.127, 0., 0.9017));
#2729 = DIRECTION('', (0., -0., 1.));
#2730 = AXIS2_PLACEMENT_3D('', #2728, #2729, $);
#2731 = PLANE('', #2730);
#2732 = CARTESIAN_POINT('', (0.127, 0., 0.9398));
#2733 = DIRECTION('', (0., -0., 1.));
#2734 = AXIS2_PLACEMENT_3D('', #2732, #2733, $);
#2735 = PLANE('', #2734);
#2736 = CARTESIAN_POINT('', (0.0127, 0., 0.));
#2737 = DIRECTION('', (1., -0., 0.));
#2738 = AXIS2_PLACEMENT_3D('', #2736, #2737, $);
#2739 = PLANE('', #2738);
#2740 = CARTESIAN_POINT('', (0., 0.0127, 0.));
#2741 = DIRECTION('', (0., 1., -0.));
#2742 = AXIS2_PLACEMENT_3D('', #2740, #2741, $);
#2743 = PLANE('', #2742);
#2744 = CARTESIAN_POINT('', (-0.0127, -0., 0.));
#2745 = DIRECTION('', (-1., -0., 0.));
#2746 = AXIS2_PLACEMENT_3D('', #2744, #2745, $);
#2747 = PLANE('', #2746);
#2748 = CARTESIAN_POINT('', (0., -0.0127, 0.));
#2749 = DIRECTION('', (0., -1., 0.));
#2750 = AXIS2_PLACEMENT_3D('', #2748, #2749, $);
#2751 = PLANE('', #2750);
#2752 = CARTESIAN_POINT('', (0., 0., -0.0127));
#2753 = DIRECTION('', (0., -0., 1.));
#2754 = AXIS2_PLACEMENT_3D('', #2752, #2753, $);
#2755 = PLANE('', #2754);
#2756 = CARTESIAN_POINT('', (0., 0., 0.0127));
#2757 = DIRECTION('', (0., -0., 1.));
#2758 = AXIS2_PLACEMENT_3D('', #2756, #2757, $);
#2759 = PLANE('', #2758);
#2760 = CARTESIAN_POINT('', (0., 0., 0.));
#2761 = DIRECTION('', (1., -0., 0.));
#2762 = DIRECTION('', (0., 1., -0.));
#2763 = AXIS2_PLACEMENT_3D('', #2760, #2761, #2762);
#2764 = CYLINDRICAL_SURFACE('', #2763, 0.0127);
#2765 = CARTESIAN_POINT('', (-0.0127, 0., 0.));
#2766 = DIRECTION('', (1., -0., 0.));
#2767 = AXIS2_PLACEMENT_3D('', #2765, #2766, $);
#2768 = PLANE('', #2767);
#2769 = CARTESIAN_POINT('', (0.0127, 0., 0.));
#2770 = DIRECTION('', (1., -0., 0.));
#2771 = AXIS2_PLACEMENT_3D('', #2769, #2770, $);
#2772 = PLANE('', #2771);
#2773 = ORIENTED_EDGE('', *, *, #1769, .T.);
#2774 = ORIENTED_EDGE('', *, *, #1770, .T.);
#2775 = ORIENTED_EDGE('', *, *, #1771, .F.);
#2776 = ORIENTED_EDGE('', *, *, #1772, .F.);
#2777 = EDGE_LOOP('', (#2773, #2774, #2775, #2776));
#2778 = FACE_BOUND('', #2777, .T.);
#2779 = ADVANCED_FACE('', (#2778), #2102, .T.);
#2780 = ORIENTED_EDGE('', *, *, #1773, .T.);
#2781 = ORIENTED_EDGE('', *, *, #1774, .T.);
#2782 = ORIENTED_EDGE('', *, *, #1775, .F.);
#2783 = ORIENTED_EDGE('', *, *, #1770, .F.);
#2784 = EDGE_LOOP('', (#2780, #2781, #2782, #2783));
#2785 = FACE_BOUND('', #2784, .T.);
#2786 = ADVANCED_FACE('', (#2785), #2106, .T.);
#2787 = ORIENTED_EDGE('', *, *, #1776, .T.);
#2788 = ORIENTED_EDGE('', *, *, #1777, .T.);
#2789 = ORIENTED_EDGE('', *, *, #1778, .F.);
#2790 = ORIENTED_EDGE('', *, *, #1774, .F.);
#2791 = EDGE_LOOP('', (#2787, #2788, #2789, #2790));
#2792 = FACE_BOUND('', #2791, .T.);
#2793 = ADVANCED_FACE('', (#2792), #2110, .T.);
#2794 = ORIENTED_EDGE('', *, *, #1779, .T.);
#2795 = ORIENTED_EDGE('', *, *, #1772, .T.);
#2796 = ORIENTED_EDGE('', *, *, #1780, .F.);
#2797 = ORIENTED_EDGE('', *, *, #1777, .F.);
#2798 = EDGE_LOOP('', (#2794, #2795, #2796, #2797));
#2799 = FACE_BOUND('', #2798, .T.);
#2800 = ADVANCED_FACE('', (#2799), #2114, .T.);
#2801 = ORIENTED_EDGE('', *, *, #1779, .F.);
#2802 = ORIENTED_EDGE('', *, *, #1776, .F.);
#2803 = ORIENTED_EDGE('', *, *, #1773, .F.);
#2804 = ORIENTED_EDGE('', *, *, #1769, .F.);
#2805 = EDGE_LOOP('', (#2801, #2802, #2803, #2804));
#2806 = FACE_BOUND('', #2805, .T.);
#2807 = ADVANCED_FACE('', (#2806), #2118, .F.);
#2808 = ORIENTED_EDGE('', *, *, #1771, .T.);
#2809 = ORIENTED_EDGE('', *, *, #1775, .T.);
#2810 = ORIENTED_EDGE('', *, *, #1778, .T.);
#2811 = ORIENTED_EDGE('', *, *, #1780, .T.);
#2812 = EDGE_LOOP('', (#2808, #2809, #2810, #2811));
#2813 = FACE_BOUND('', #2812, .T.);
#2814 = ADVANCED_FACE('', (#2813), #2122, .T.);
#2815 = ORIENTED_EDGE('', *, *, #1781, .T.);
#2816 = ORIENTED_EDGE('', *, *, #1782, .T.);
#2817 = ORIENTED_EDGE('', *, *, #1783, .F.);
#2818 = ORIENTED_EDGE('', *, *, #1784, .F.);
#2819 = EDGE_LOOP('', (#2815, #2816, #2817, #2818));
#2820 = FACE_BOUND('', #2819, .T.);
#2821 = ADVANCED_FACE('', (#2820), #2126, .T.);
#2822 = ORIENTED_EDGE('', *, *, #1785, .T.);
#2823 = ORIENTED_EDGE('', *, *, #1786, .T.);
#2824 = ORIENTED_EDGE('', *, *, #1787, .F.);
#2825 = ORIENTED_EDGE('', *, *, #1782, .F.);
#2826 = EDGE_LOOP('', (#2822, #2823, #2824, #2825));
#2827 = FACE_BOUND('', #2826, .T.);
#2828 = ADVANCED_FACE('', (#2827), #2130, .T.);
#2829 = ORIENTED_EDGE('', *, *, #1788, .T.);
#2830 = ORIENTED_EDGE('', *, *, #1789, .T.);
#2831 = ORIENTED_EDGE('', *, *, #1790, .F.);
#2832 = ORIENTED_EDGE('', *, *, #1786, .F.);
#2833 = EDGE_LOOP('', (#2829, #2830, #2831, #2832));
#2834 = FACE_BOUND('', #2833, .T.);
#2835 = ADVANCED_FACE('', (#2834), #2134, .T.);
#2836 = ORIENTED_EDGE('', *, *, #1791, .T.);
#2837 = ORIENTED_EDGE('', *, *, #1784, .T.);
#2838 = ORIENTED_EDGE('', *, *, #1792, .F.);
#2839 = ORIENTED_EDGE('', *, *, #1789, .F.);
#2840 = EDGE_LOOP('', (#2836, #2837, #2838, #2839));
#2841 = FACE_BOUND('', #2840, .T.);
#2842 = ADVANCED_FACE('', (#2841), #2138, .T.);
#2843 = ORIENTED_EDGE('', *, *, #1791, .F.);
#2844 = ORIENTED_EDGE('', *, *, #1788, .F.);
#2845 = ORIENTED_EDGE('', *, *, #1785, .F.);
#2846 = ORIENTED_EDGE('', *, *, #1781, .F.);
#2847 = EDGE_LOOP('', (#2843, #2844, #2845, #2846));
#2848 = FACE_BOUND('', #2847, .T.);
#2849 = ADVANCED_FACE('', (#2848), #2142, .F.);
#2850 = ORIENTED_EDGE('', *, *, #1783, .T.);
#2851 = ORIENTED_EDGE('', *, *, #1787, .T.);
#2852 = ORIENTED_EDGE('', *, *, #1790, .T.);
#2853 = ORIENTED_EDGE('', *, *, #1792, .T.);
#2854 = EDGE_LOOP('', (#2850, #2851, #2852, #2853));
#2855 = FACE_BOUND('', #2854, .T.);
#2856 = ADVANCED_FACE('', (#2855), #2146, .T.);
#2857 = ORIENTED_EDGE('', *, *, #1793, .T.);
#2858 = ORIENTED_EDGE('', *, *, #1794, .T.);
#2859 = ORIENTED_EDGE('', *, *, #1795, .F.);
#2860 = ORIENTED_EDGE('', *, *, #1796, .F.);
#2861 = EDGE_LOOP('', (#2857, #2858, #2859, #2860));
#2862 = FACE_BOUND('', #2861, .T.);
#2863 = ADVANCED_FACE('', (#2862), #2150, .T.);
#2864 = ORIENTED_EDGE('', *, *, #1797, .T.);
#2865 = ORIENTED_EDGE('', *, *, #1798, .T.);
#2866 = ORIENTED_EDGE('', *, *, #1799, .F.);
#2867 = ORIENTED_EDGE('', *, *, #1794, .F.);
#2868 = EDGE_LOOP('', (#2864, #2865, #2866, #2867));
#2869 = FACE_BOUND('', #2868, .T.);
#2870 = ADVANCED_FACE('', (#2869), #2154, .T.);
#2871 = ORIENTED_EDGE('', *, *, #1800, .T.);
#2872 = ORIENTED_EDGE('', *, *, #1801, .T.);
#2873 = ORIENTED_EDGE('', *, *, #1802, .F.);
#2874 = ORIENTED_EDGE('', *, *, #1798, .F.);
#2875 = EDGE_LOOP('', (#2871, #2872, #2873, #2874));
#2876 = FACE_BOUND('', #2875, .T.);
#2877 = ADVANCED_FACE('', (#2876), #2158, .T.);
#2878 = ORIENTED_EDGE('', *, *, #1803, .T.);
#2879 = ORIENTED_EDGE('', *, *, #1796, .T.);
#2880 = ORIENTED_EDGE('', *, *, #1804, .F.);
#2881 = ORIENTED_EDGE('', *, *, #1801, .F.);
#2882 = EDGE_LOOP('', (#2878, #2879, #2880, #2881));
#2883 = FACE_BOUND('', #2882, .T.);
#2884 = ADVANCED_FACE('', (#2883), #2162, .T.);
#2885 = ORIENTED_EDGE('', *, *, #1803, .F.);
#2886 = ORIENTED_EDGE('', *, *, #1800, .F.);
#2887 = ORIENTED_EDGE('', *, *, #1797, .F.);
#2888 = ORIENTED_EDGE('', *, *, #1793, .F.);
#2889 = EDGE_LOOP('', (#2885, #2886, #2887, #2888));
#2890 = FACE_BOUND('', #2889, .T.);
#2891 = ADVANCED_FACE('', (#2890), #2166, .F.);
#2892 = ORIENTED_EDGE('', *, *, #1795, .T.);
#2893 = ORIENTED_EDGE('', *, *, #1799, .T.);
#2894 = ORIENTED_EDGE('', *, *, #1802, .T.);
#2895 = ORIENTED_EDGE('', *, *, #1804, .T.);
#2896 = EDGE_LOOP('', (#2892, #2893, #2894, #2895));
#2897 = FACE_BOUND('', #2896, .T.);
#2898 = ADVANCED_FACE('', (#2897), #2170, .T.);
#2899 = ORIENTED_EDGE('', *, *, #1805, .T.);
#2900 = ORIENTED_EDGE('', *, *, #1806, .T.);
#2901 = ORIENTED_EDGE('', *, *, #1807, .F.);
#2902 = ORIENTED_EDGE('', *, *, #1808, .F.);
#2903 = EDGE_LOOP('', (#2899, #2900, #2901, #2902));
#2904 = FACE_BOUND('', #2903, .T.);
#2905 = ADVANCED_FACE('', (#2904), #2174, .T.);
#2906 = ORIENTED_EDGE('', *, *, #1809, .T.);
#2907 = ORIENTED_EDGE('', *, *, #1810, .T.);
#2908 = ORIENTED_EDGE('', *, *, #1811, .F.);
#2909 = ORIENTED_EDGE('', *, *, #1806, .F.);
#2910 = EDGE_LOOP('', (#2906, #2907, #2908, #2909));
#2911 = FACE_BOUND('', #2910, .T.);
#2912 = ADVANCED_FACE('', (#2911), #2178, .T.);
#2913 = ORIENTED_EDGE('', *, *, #1812, .T.);
#2914 = ORIENTED_EDGE('', *, *, #1813, .T.);
#2915 = ORIENTED_EDGE('', *, *, #1814, .F.);
#2916 = ORIENTED_EDGE('', *, *, #1810, .F.);
#2917 = EDGE_LOOP('', (#2913, #2914, #2915, #2916));
#2918 = FACE_BOUND('', #2917, .T.);
#2919 = ADVANCED_FACE('', (#2918), #2182, .T.);
#2920 = ORIENTED_EDGE('', *, *, #1815, .T.);
#2921 = ORIENTED_EDGE('', *, *, #1808, .T.);
#2922 = ORIENTED_EDGE('', *, *, #1816, .F.);
#2923 = ORIENTED_EDGE('', *, *, #1813, .F.);
#2924 = EDGE_LOOP('', (#2920, #2921, #2922, #2923));
#2925 = FACE_BOUND('', #2924, .T.);
#2926 = ADVANCED_FACE('', (#2925), #2186, .T.);
#2927 = ORIENTED_EDGE('', *, *, #1815, .F.);
#2928 = ORIENTED_EDGE('', *, *, #1812, .F.);
#2929 = ORIENTED_EDGE('', *, *, #1809, .F.);
#2930 = ORIENTED_EDGE('', *, *, #1805, .F.);
#2931 = EDGE_LOOP('', (#2927, #2928, #2929, #2930));
#2932 = FACE_BOUND('', #2931, .T.);
#2933 = ADVANCED_FACE('', (#2932), #2190, .F.);
#2934 = ORIENTED_EDGE('', *, *, #1807, .T.);
#2935 = ORIENTED_EDGE('', *, *, #1811, .T.);
#2936 = ORIENTED_EDGE('', *, *, #1814, .T.);
#2937 = ORIENTED_EDGE('', *, *, #1816, .T.);
#2938 = EDGE_LOOP('', (#2934, #2935, #2936, #2937));
#2939 = FACE_BOUND('', #2938, .T.);
#2940 = ADVANCED_FACE('', (#2939), #2194, .T.);
#2941 = ORIENTED_EDGE('', *, *, #1817, .T.);
#2942 = ORIENTED_EDGE('', *, *, #1818, .T.);
#2943 = ORIENTED_EDGE('', *, *, #1819, .F.);
#2944 = ORIENTED_EDGE('', *, *, #1820, .F.);
#2945 = EDGE_LOOP('', (#2941, #2942, #2943, #2944));
#2946 = FACE_BOUND('', #2945, .T.);
#2947 = ADVANCED_FACE('', (#2946), #2198, .T.);
#2948 = ORIENTED_EDGE('', *, *, #1821, .T.);
#2949 = ORIENTED_EDGE('', *, *, #1822, .T.);
#2950 = ORIENTED_EDGE('', *, *, #1823, .F.);
#2951 = ORIENTED_EDGE('', *, *, #1818, .F.);
#2952 = EDGE_LOOP('', (#2948, #2949, #2950, #2951));
#2953 = FACE_BOUND('', #2952, .T.);
#2954 = ADVANCED_FACE('', (#2953), #2202, .T.);
#2955 = ORIENTED_EDGE('', *, *, #1824, .T.);
#2956 = ORIENTED_EDGE('', *, *, #1825, .T.);
#2957 = ORIENTED_EDGE('', *, *, #1826, .F.);
#2958 = ORIENTED_EDGE('', *, *, #1822, .F.);
#2959 = EDGE_LOOP('', (#2955, #2956, #2957, #2958));
#2960 = FACE_BOUND('', #2959, .T.);
#2961 = ADVANCED_FACE('', (#2960), #2206, .T.);
#2962 = ORIENTED_EDGE('', *, *, #1827, .T.);
#2963 = ORIENTED_EDGE('', *, *, #1820, .T.);
#2964 = ORIENTED_EDGE('', *, *, #1828, .F.);
#2965 = ORIENTED_EDGE('', *, *, #1825, .F.);
#2966 = EDGE_LOOP('', (#2962, #2963, #2964, #2965));
#2967 = FACE_BOUND('', #2966, .T.);
#2968 = ADVANCED_FACE('', (#2967), #2210, .T.);
#2969 = ORIENTED_EDGE('', *, *, #1827, .F.);
#2970 = ORIENTED_EDGE('', *, *, #1824, .F.);
#2971 = ORIENTED_EDGE('', *, *, #1821, .F.);
#2972 = ORIENTED_EDGE('', *, *, #1817, .F.);
#2973 = EDGE_LOOP('', (#2969, #2970, #2971, #2972));
#2974 = FACE_BOUND('', #2973, .T.);
#2975 = ADVANCED_FACE('', (#2974), #2214, .F.);
#2976 = ORIENTED_EDGE('', *, *, #1819, .T.);
#2977 = ORIENTED_EDGE('', *, *, #1823, .T.);
#2978 = ORIENTED_EDGE('', *, *, #1826, .T.);
#2979 = ORIENTED_EDGE('', *, *, #1828, .T.);
#2980 = EDGE_LOOP('', (#2976, #2977, #2978, #2979));
#2981 = FACE_BOUND('', #2980, .T.);
#2982 = ADVANCED_FACE('', (#2981), #2218, .T.);
#2983 = ORIENTED_EDGE('', *, *, #1829, .T.);
#2984 = ORIENTED_EDGE('', *, *, #1830, .T.);
#2985 = ORIENTED_EDGE('', *, *, #1831, .F.);
#2986 = ORIENTED_EDGE('', *, *, #1832, .F.);
#2987 = EDGE_LOOP('', (#2983, #2984, #2985, #2986));
#2988 = FACE_BOUND('', #2987, .T.);
#2989 = ADVANCED_FACE('', (#2988), #2222, .T.);
#2990 = ORIENTED_EDGE('', *, *, #1833, .T.);
#2991 = ORIENTED_EDGE('', *, *, #1834, .T.);
#2992 = ORIENTED_EDGE('', *, *, #1835, .F.);
#2993 = ORIENTED_EDGE('', *, *, #1830, .F.);
#2994 = EDGE_LOOP('', (#2990, #2991, #2992, #2993));
#2995 = FACE_BOUND('', #2994, .T.);
#2996 = ADVANCED_FACE('', (#2995), #2226, .T.);
#2997 = ORIENTED_EDGE('', *, *, #1836, .T.);
#2998 = ORIENTED_EDGE('', *, *, #1837, .T.);
#2999 = ORIENTED_EDGE('', *, *, #1838, .F.);
#3000 = ORIENTED_EDGE('', *, *, #1834, .F.);
#3001 = EDGE_LOOP('', (#2997, #2998, #2999, #3000));
#3002 = FACE_BOUND('', #3001, .T.);
#3003 = ADVANCED_FACE('', (#3002), #2230, .T.);
#3004 = ORIENTED_EDGE('', *, *, #1839, .T.);
#3005 = ORIENTED_EDGE('', *, *, #1832, .T.);
#3006 = ORIENTED_EDGE('', *, *, #1840, .F.);
#3007 = ORIENTED_EDGE('', *, *, #1837, .F.);
#3008 = EDGE_LOOP('', (#3004, #3005, #3006, #3007));
#3009 = FACE_BOUND('', #3008, .T.);
#3010 = ADVANCED_FACE('', (#3009), #2234, .T.);
#3011 = ORIENTED_EDGE('', *, *, #1839, .F.);
#3012 = ORIENTED_EDGE('', *, *, #1836, .F.);
#3013 = ORIENTED_EDGE('', *, *, #1833, .F.);
#3014 = ORIENTED_EDGE('', *, *, #1829, .F.);
#3015 = EDGE_LOOP('', (#3011, #3012, #3013, #3014));
#3016 = FACE_BOUND('', #3015, .T.);
#3017 = ADVANCED_FACE('', (#3016), #2238, .F.);
#3018 = ORIENTED_EDGE('', *, *, #1831, .T.);
#3019 = ORIENTED_EDGE('', *, *, #1835, .T.);
#3020 = ORIENTED_EDGE('', *, *, #1838, .T.);
#3021 = ORIENTED_EDGE('', *, *, #1840, .T.);
#3022 = EDGE_LOOP('', (#3018, #3019, #3020, #3021));
#3023 = FACE_BOUND('', #3022, .T.);
#3024 = ADVANCED_FACE('', (#3023), #2242, .T.);
#3025 = ORIENTED_EDGE('', *, *, #1841, .T.);
#3026 = ORIENTED_EDGE('', *, *, #1842, .T.);
#3027 = ORIENTED_EDGE('', *, *, #1843, .F.);
#3028 = ORIENTED_EDGE('', *, *, #1844, .F.);
#3029 = EDGE_LOOP('', (#3025, #3026, #3027, #3028));
#3030 = FACE_BOUND('', #3029, .T.);
#3031 = ADVANCED_FACE('', (#3030), #2246, .T.);
#3032 = ORIENTED_EDGE('', *, *, #1845, .T.);
#3033 = ORIENTED_EDGE('', *, *, #1846, .T.);
#3034 = ORIENTED_EDGE('', *, *, #1847, .F.);
#3035 = ORIENTED_EDGE('', *, *, #1842, .F.);
#3036 = EDGE_LOOP('', (#3032, #3033, #3034, #3035));
#3037 = FACE_BOUND('', #3036, .T.);
#3038 = ADVANCED_FACE('', (#3037), #2250, .T.);
#3039 = ORIENTED_EDGE('', *, *, #1848, .T.);
#3040 = ORIENTED_EDGE('', *, *, #1849, .T.);
#3041 = ORIENTED_EDGE('', *, *, #1850, .F.);
#3042 = ORIENTED_EDGE('', *, *, #1846, .F.);
#3043 = EDGE_LOOP('', (#3039, #3040, #3041, #3042));
#3044 = FACE_BOUND('', #3043, .T.);
#3045 = ADVANCED_FACE('', (#3044), #2254, .T.);
#3046 = ORIENTED_EDGE('', *, *, #1851, .T.);
#3047 = ORIENTED_EDGE('', *, *, #1844, .T.);
#3048 = ORIENTED_EDGE('', *, *, #1852, .F.);
#3049 = ORIENTED_EDGE('', *, *, #1849, .F.);
#3050 = EDGE_LOOP('', (#3046, #3047, #3048, #3049));
#3051 = FACE_BOUND('', #3050, .T.);
#3052 = ADVANCED_FACE('', (#3051), #2258, .T.);
#3053 = ORIENTED_EDGE('', *, *, #1851, .F.);
#3054 = ORIENTED_EDGE('', *, *, #1848, .F.);
#3055 = ORIENTED_EDGE('', *, *, #1845, .F.);
#3056 = ORIENTED_EDGE('', *, *, #1841, .F.);
#3057 = EDGE_LOOP('', (#3053, #3054, #3055, #3056));
#3058 = FACE_BOUND('', #3057, .T.);
#3059 = ADVANCED_FACE('', (#3058), #2262, .F.);
#3060 = ORIENTED_EDGE('', *, *, #1843, .T.);
#3061 = ORIENTED_EDGE('', *, *, #1847, .T.);
#3062 = ORIENTED_EDGE('', *, *, #1850, .T.);
#3063 = ORIENTED_EDGE('', *, *, #1852, .T.);
#3064 = EDGE_LOOP('', (#3060, #3061, #3062, #3063));
#3065 = FACE_BOUND('', #3064, .T.);
#3066 = ADVANCED_FACE('', (#3065), #2266, .T.);
#3067 = ORIENTED_EDGE('', *, *, #1853, .T.);
#3068 = ORIENTED_EDGE('', *, *, #1854, .T.);
#3069 = ORIENTED_EDGE('', *, *, #1855, .F.);
#3070 = ORIENTED_EDGE('', *, *, #1856, .F.);
#3071 = EDGE_LOOP('', (#3067, #3068, #3069, #3070));
#3072 = FACE_BOUND('', #3071, .T.);
#3073 = ADVANCED_FACE('', (#3072), #2270, .T.);
#3074 = ORIENTED_EDGE('', *, *, #1857, .T.);
#3075 = ORIENTED_EDGE('', *, *, #1858, .T.);
#3076 = ORIENTED_EDGE('', *, *, #1859, .F.);
#3077 = ORIENTED_EDGE('', *, *, #1854, .F.);
#3078 = EDGE_LOOP('', (#3074, #3075, #3076, #3077));
#3079 = FACE_BOUND('', #3078, .T.);
#3080 = ADVANCED_FACE('', (#3079), #2274, .T.);
#3081 = ORIENTED_EDGE('', *, *, #1860, .T.);
#3082 = ORIENTED_EDGE('', *, *, #1861, .T.);
#3083 = ORIENTED_EDGE('', *, *, #1862, .F.);
#3084 = ORIENTED_EDGE('', *, *, #1858, .F.);
#3085 = EDGE_LOOP('', (#3081, #3082, #3083, #3084));
#3086 = FACE_BOUND('', #3085, .T.);
#3087 = ADVANCED_FACE('', (#3086), #2278, .T.);
#3088 = ORIENTED_EDGE('', *, *, #1863, .T.);
#3089 = ORIENTED_EDGE('', *, *, #1856, .T.);
#3090 = ORIENTED_EDGE('', *, *, #1864, .F.);
#3091 = ORIENTED_EDGE('', *, *, #1861, .F.);
#3092 = EDGE_LOOP('', (#3088, #3089, #3090, #3091));
#3093 = FACE_BOUND('', #3092, .T.);
#3094 = ADVANCED_FACE('', (#3093), #2282, .T.);
#3095 = ORIENTED_EDGE('', *, *, #1863, .F.);
#3096 = ORIENTED_EDGE('', *, *, #1860, .F.);
#3097 = ORIENTED_EDGE('', *, *, #1857, .F.);
#3098 = ORIENTED_EDGE('', *, *, #1853, .F.);
#3099 = EDGE_LOOP('', (#3095, #3096, #3097, #3098));
#3100 = FACE_BOUND('', #3099, .T.);
#3101 = ADVANCED_FACE('', (#3100), #2286, .F.);
#3102 = ORIENTED_EDGE('', *, *, #1855, .T.);
#3103 = ORIENTED_EDGE('', *, *, #1859, .T.);
#3104 = ORIENTED_EDGE('', *, *, #1862, .T.);
#3105 = ORIENTED_EDGE('', *, *, #1864, .T.);
#3106 = EDGE_LOOP('', (#3102, #3103, #3104, #3105));
#3107 = FACE_BOUND('', #3106, .T.);
#3108 = ADVANCED_FACE('', (#3107), #2290, .T.);
#3109 = ORIENTED_EDGE('', *, *, #1865, .T.);
#3110 = ORIENTED_EDGE('', *, *, #1866, .T.);
#3111 = ORIENTED_EDGE('', *, *, #1867, .F.);
#3112 = ORIENTED_EDGE('', *, *, #1868, .F.);
#3113 = EDGE_LOOP('', (#3109, #3110, #3111, #3112));
#3114 = FACE_BOUND('', #3113, .T.);
#3115 = ADVANCED_FACE('', (#3114), #2294, .T.);
#3116 = ORIENTED_EDGE('', *, *, #1869, .T.);
#3117 = ORIENTED_EDGE('', *, *, #1870, .T.);
#3118 = ORIENTED_EDGE('', *, *, #1871, .F.);
#3119 = ORIENTED_EDGE('', *, *, #1866, .F.);
#3120 = EDGE_LOOP('', (#3116, #3117, #3118, #3119));
#3121 = FACE_BOUND('', #3120, .T.);
#3122 = ADVANCED_FACE('', (#3121), #2298, .T.);
#3123 = ORIENTED_EDGE('', *, *, #1872, .T.);
#3124 = ORIENTED_EDGE('', *, *, #1873, .T.);
#3125 = ORIENTED_EDGE('', *, *, #1874, .F.);
#3126 = ORIENTED_EDGE('', *, *, #1870, .F.);
#3127 = EDGE_LOOP('', (#3123, #3124, #3125, #3126));
#3128 = FACE_BOUND('', #3127, .T.);
#3129 = ADVANCED_FACE('', (#3128), #2302, .T.);
#3130 = ORIENTED_EDGE('', *, *, #1875, .T.);
#3131 = ORIENTED_EDGE('', *, *, #1868, .T.);
#3132 = ORIENTED_EDGE('', *, *, #1876, .F.);
#3133 = ORIENTED_EDGE('', *, *, #1873, .F.);
#3134 = EDGE_LOOP('', (#3130, #3131, #3132, #3133));
#3135 = FACE_BOUND('', #3134, .T.);
#3136 = ADVANCED_FACE('', (#3135), #2306, .T.);
#3137 = ORIENTED_EDGE('', *, *, #1875, .F.);
#3138 = ORIENTED_EDGE('', *, *, #1872, .F.);
#3139 = ORIENTED_EDGE('', *, *, #1869, .F.);
#3140 = ORIENTED_EDGE('', *, *, #1865, .F.);
#3141 = EDGE_LOOP('', (#3137, #3138, #3139, #3140));
#3142 = FACE_BOUND('', #3141, .T.);
#3143 = ADVANCED_FACE('', (#3142), #2310, .F.);
#3144 = ORIENTED_EDGE('', *, *, #1867, .T.);
#3145 = ORIENTED_EDGE('', *, *, #1871, .T.);
#3146 = ORIENTED_EDGE('', *, *, #1874, .T.);
#3147 = ORIENTED_EDGE('', *, *, #1876, .T.);
#3148 = EDGE_LOOP('', (#3144, #3145, #3146, #3147));
#3149 = FACE_BOUND('', #3148, .T.);
#3150 = ADVANCED_FACE('', (#3149), #2314, .T.);
#3151 = ORIENTED_EDGE('', *, *, #1877, .T.);
#3152 = ORIENTED_EDGE('', *, *, #1878, .T.);
#3153 = ORIENTED_EDGE('', *, *, #1879, .F.);
#3154 = ORIENTED_EDGE('', *, *, #1880, .F.);
#3155 = EDGE_LOOP('', (#3151, #3152, #3153, #3154));
#3156 = FACE_BOUND('', #3155, .T.);
#3157 = ADVANCED_FACE('', (#3156), #2318, .T.);
#3158 = ORIENTED_EDGE('', *, *, #1881, .T.);
#3159 = ORIENTED_EDGE('', *, *, #1882, .T.);
#3160 = ORIENTED_EDGE('', *, *, #1883, .F.);
#3161 = ORIENTED_EDGE('', *, *, #1878, .F.);
#3162 = EDGE_LOOP('', (#3158, #3159, #3160, #3161));
#3163 = FACE_BOUND('', #3162, .T.);
#3164 = ADVANCED_FACE('', (#3163), #2322, .T.);
#3165 = ORIENTED_EDGE('', *, *, #1884, .T.);
#3166 = ORIENTED_EDGE('', *, *, #1885, .T.);
#3167 = ORIENTED_EDGE('', *, *, #1886, .F.);
#3168 = ORIENTED_EDGE('', *, *, #1882, .F.);
#3169 = EDGE_LOOP('', (#3165, #3166, #3167, #3168));
#3170 = FACE_BOUND('', #3169, .T.);
#3171 = ADVANCED_FACE('', (#3170), #2326, .T.);
#3172 = ORIENTED_EDGE('', *, *, #1887, .T.);
#3173 = ORIENTED_EDGE('', *, *, #1880, .T.);
#3174 = ORIENTED_EDGE('', *, *, #1888, .F.);
#3175 = ORIENTED_EDGE('', *, *, #1885, .F.);
#3176 = EDGE_LOOP('', (#3172, #3173, #3174, #3175));
#3177 = FACE_BOUND('', #3176, .T.);
#3178 = ADVANCED_FACE('', (#3177), #2330, .T.);
#3179 = ORIENTED_EDGE('', *, *, #1887, .F.);
#3180 = ORIENTED_EDGE('', *, *, #1884, .F.);
#3181 = ORIENTED_EDGE('', *, *, #1881, .F.);
#3182 = ORIENTED_EDGE('', *, *, #1877, .F.);
#3183 = EDGE_LOOP('', (#3179, #3180, #3181, #3182));
#3184 = FACE_BOUND('', #3183, .T.);
#3185 = ADVANCED_FACE('', (#3184), #2334, .F.);
#3186 = ORIENTED_EDGE('', *, *, #1879, .T.);
#3187 = ORIENTED_EDGE('', *, *, #1883, .T.);
#3188 = ORIENTED_EDGE('', *, *, #1886, .T.);
#3189 = ORIENTED_EDGE('', *, *, #1888, .T.);
#3190 = EDGE_LOOP('', (#3186, #3187, #3188, #3189));
#3191 = FACE_BOUND('', #3190, .T.);
#3192 = ADVANCED_FACE('', (#3191), #2338, .T.);
#3193 = ORIENTED_EDGE('', *, *, #1889, .T.);
#3194 = ORIENTED_EDGE('', *, *, #1890, .T.);
#3195 = ORIENTED_EDGE('', *, *, #1891, .F.);
#3196 = ORIENTED_EDGE('', *, *, #1892, .F.);
#3197 = EDGE_LOOP('', (#3193, #3194, #3195, #3196));
#3198 = FACE_BOUND('', #3197, .T.);
#3199 = ADVANCED_FACE('', (#3198), #2342, .T.);
#3200 = ORIENTED_EDGE('', *, *, #1893, .T.);
#3201 = ORIENTED_EDGE('', *, *, #1894, .T.);
#3202 = ORIENTED_EDGE('', *, *, #1895, .F.);
#3203 = ORIENTED_EDGE('', *, *, #1890, .F.);
#3204 = EDGE_LOOP('', (#3200, #3201, #3202, #3203));
#3205 = FACE_BOUND('', #3204, .T.);
#3206 = ADVANCED_FACE('', (#3205), #2346, .T.);
#3207 = ORIENTED_EDGE('', *, *, #1896, .T.);
#3208 = ORIENTED_EDGE('', *, *, #1897, .T.);
#3209 = ORIENTED_EDGE('', *, *, #1898, .F.);
#3210 = ORIENTED_EDGE('', *, *, #1894, .F.);
#3211 = EDGE_LOOP('', (#3207, #3208, #3209, #3210));
#3212 = FACE_BOUND('', #3211, .T.);
#3213 = ADVANCED_FACE('', (#3212), #2350, .T.);
#3214 = ORIENTED_EDGE('', *, *, #1899, .T.);
#3215 = ORIENTED_EDGE('', *, *, #1892, .T.);
#3216 = ORIENTED_EDGE('', *, *, #1900, .F.);
#3217 = ORIENTED_EDGE('', *, *, #1897, .F.);
#3218 = EDGE_LOOP('', (#3214, #3215, #3216, #3217));
#3219 = FACE_BOUND('', #3218, .T.);
#3220 = ADVANCED_FACE('', (#3219), #2354, .T.);
#3221 = ORIENTED_EDGE('', *, *, #1899, .F.);
#3222 = ORIENTED_EDGE('', *, *, #1896, .F.);
#3223 = ORIENTED_EDGE('', *, *, #1893, .F.);
#3224 = ORIENTED_EDGE('', *, *, #1889, .F.);
#3225 = EDGE_LOOP('', (#3221, #3222, #3223, #3224));
#3226 = FACE_BOUND('', #3225, .T.);
#3227 = ADVANCED_FACE('', (#3226), #2358, .F.);
#3228 = ORIENTED_EDGE('', *, *, #1891, .T.);
#3229 = ORIENTED_EDGE('', *, *, #1895, .T.);
#3230 = ORIENTED_EDGE('', *, *, #1898, .T.);
#3231 = ORIENTED_EDGE('', *, *, #1900, .T.);
#3232 = EDGE_LOOP('', (#3228, #3229, #3230, #3231));
#3233 = FACE_BOUND('', #3232, .T.);
#3234 = ADVANCED_FACE('', (#3233), #2362, .T.);
#3235 = ORIENTED_EDGE('', *, *, #1901, .T.);
#3236 = ORIENTED_EDGE('', *, *, #1902, .T.);
#3237 = ORIENTED_EDGE('', *, *, #1903, .F.);
#3238 = ORIENTED_EDGE('', *, *, #1904, .F.);
#3239 = EDGE_LOOP('', (#3235, #3236, #3237, #3238));
#3240 = FACE_BOUND('', #3239, .T.);
#3241 = ADVANCED_FACE('', (#3240), #2366, .T.);
#3242 = ORIENTED_EDGE('', *, *, #1905, .T.);
#3243 = ORIENTED_EDGE('', *, *, #1906, .T.);
#3244 = ORIENTED_EDGE('', *, *, #1907, .F.);
#3245 = ORIENTED_EDGE('', *, *, #1902, .F.);
#3246 = EDGE_LOOP('', (#3242, #3243, #3244, #3245));
#3247 = FACE_BOUND('', #3246, .T.);
#3248 = ADVANCED_FACE('', (#3247), #2370, .T.);
#3249 = ORIENTED_EDGE('', *, *, #1908, .T.);
#3250 = ORIENTED_EDGE('', *, *, #1909, .T.);
#3251 = ORIENTED_EDGE('', *, *, #1910, .F.);
#3252 = ORIENTED_EDGE('', *, *, #1906, .F.);
#3253 = EDGE_LOOP('', (#3249, #3250, #3251, #3252));
#3254 = FACE_BOUND('', #3253, .T.);
#3255 = ADVANCED_FACE('', (#3254), #2374, .T.);
#3256 = ORIENTED_EDGE('', *, *, #1911, .T.);
#3257 = ORIENTED_EDGE('', *, *, #1904, .T.);
#3258 = ORIENTED_EDGE('', *, *, #1912, .F.);
#3259 = ORIENTED_EDGE('', *, *, #1909, .F.);
#3260 = EDGE_LOOP('', (#3256, #3257, #3258, #3259));
#3261 = FACE_BOUND('', #3260, .T.);
#3262 = ADVANCED_FACE('', (#3261), #2378, .T.);
#3263 = ORIENTED_EDGE('', *, *, #1911, .F.);
#3264 = ORIENTED_EDGE('', *, *, #1908, .F.);
#3265 = ORIENTED_EDGE('', *, *, #1905, .F.);
#3266 = ORIENTED_EDGE('', *, *, #1901, .F.);
#3267 = EDGE_LOOP('', (#3263, #3264, #3265, #3266));
#3268 = FACE_BOUND('', #3267, .T.);
#3269 = ADVANCED_FACE('', (#3268), #2382, .F.);
#3270 = ORIENTED_EDGE('', *, *, #1903, .T.);
#3271 = ORIENTED_EDGE('', *, *, #1907, .T.);
#3272 = ORIENTED_EDGE('', *, *, #1910, .T.);
#3273 = ORIENTED_EDGE('', *, *, #1912, .T.);
#3274 = EDGE_LOOP('', (#3270, #3271, #3272, #3273));
#3275 = FACE_BOUND('', #3274, .T.);
#3276 = ADVANCED_FACE('', (#3275), #2386, .T.);
#3277 = ORIENTED_EDGE('', *, *, #1913, .T.);
#3278 = ORIENTED_EDGE('', *, *, #1914, .T.);
#3279 = ORIENTED_EDGE('', *, *, #1915, .F.);
#3280 = ORIENTED_EDGE('', *, *, #1916, .F.);
#3281 = EDGE_LOOP('', (#3277, #3278, #3279, #3280));
#3282 = FACE_BOUND('', #3281, .T.);
#3283 = ADVANCED_FACE('', (#3282), #2390, .T.);
#3284 = ORIENTED_EDGE('', *, *, #1917, .T.);
#3285 = ORIENTED_EDGE('', *, *, #1918, .T.);
#3286 = ORIENTED_EDGE('', *, *, #1919, .F.);
#3287 = ORIENTED_EDGE('', *, *, #1914, .F.);
#3288 = EDGE_LOOP('', (#3284, #3285, #3286, #3287));
#3289 = FACE_BOUND('', #3288, .T.);
#3290 = ADVANCED_FACE('', (#3289), #2394, .T.);
#3291 = ORIENTED_EDGE('', *, *, #1920, .T.);
#3292 = ORIENTED_EDGE('', *, *, #1921, .T.);
#3293 = ORIENTED_EDGE('', *, *, #1922, .F.);
#3294 = ORIENTED_EDGE('', *, *, #1918, .F.);
#3295 = EDGE_LOOP('', (#3291, #3292, #3293, #3294));
#3296 = FACE_BOUND('', #3295, .T.);
#3297 = ADVANCED_FACE('', (#3296), #2398, .T.);
#3298 = ORIENTED_EDGE('', *, *, #1923, .T.);
#3299 = ORIENTED_EDGE('', *, *, #1916, .T.);
#3300 = ORIENTED_EDGE('', *, *, #1924, .F.);
#3301 = ORIENTED_EDGE('', *, *, #1921, .F.);
#3302 = EDGE_LOOP('', (#3298, #3299, #3300, #3301));
#3303 = FACE_BOUND('', #3302, .T.);
#3304 = ADVANCED_FACE('', (#3303), #2402, .T.);
#3305 = ORIENTED_EDGE('', *, *, #1923, .F.);
#3306 = ORIENTED_EDGE('', *, *, #1920, .F.);
#3307 = ORIENTED_EDGE('', *, *, #1917, .F.);
#3308 = ORIENTED_EDGE('', *, *, #1913, .F.);
#3309 = EDGE_LOOP('', (#3305, #3306, #3307, #3308));
#3310 = FACE_BOUND('', #3309, .T.);
#3311 = ADVANCED_FACE('', (#3310), #2406, .F.);
#3312 = ORIENTED_EDGE('', *, *, #1915, .T.);
#3313 = ORIENTED_EDGE('', *, *, #1919, .T.);
#3314 = ORIENTED_EDGE('', *, *, #1922, .T.);
#3315 = ORIENTED_EDGE('', *, *, #1924, .T.);
#3316 = EDGE_LOOP('', (#3312, #3313, #3314, #3315));
#3317 = FACE_BOUND('', #3316, .T.);
#3318 = ADVANCED_FACE('', (#3317), #2410, .T.);
#3319 = ORIENTED_EDGE('', *, *, #1925, .T.);
#3320 = ORIENTED_EDGE('', *, *, #1926, .T.);
#3321 = ORIENTED_EDGE('', *, *, #1927, .F.);
#3322 = ORIENTED_EDGE('', *, *, #1928, .F.);
#3323 = EDGE_LOOP('', (#3319, #3320, #3321, #3322));
#3324 = FACE_BOUND('', #3323, .T.);
#3325 = ADVANCED_FACE('', (#3324), #2414, .T.);
#3326 = ORIENTED_EDGE('', *, *, #1929, .T.);
#3327 = ORIENTED_EDGE('', *, *, #1930, .T.);
#3328 = ORIENTED_EDGE('', *, *, #1931, .F.);
#3329 = ORIENTED_EDGE('', *, *, #1926, .F.);
#3330 = EDGE_LOOP('', (#3326, #3327, #3328, #3329));
#3331 = FACE_BOUND('', #3330, .T.);
#3332 = ADVANCED_FACE('', (#3331), #2418, .T.);
#3333 = ORIENTED_EDGE('', *, *, #1932, .T.);
#3334 = ORIENTED_EDGE('', *, *, #1933, .T.);
#3335 = ORIENTED_EDGE('', *, *, #1934, .F.);
#3336 = ORIENTED_EDGE('', *, *, #1930, .F.);
#3337 = EDGE_LOOP('', (#3333, #3334, #3335, #3336));
#3338 = FACE_BOUND('', #3337, .T.);
#3339 = ADVANCED_FACE('', (#3338), #2422, .T.);
#3340 = ORIENTED_EDGE('', *, *, #1935, .T.);
#3341 = ORIENTED_EDGE('', *, *, #1928, .T.);
#3342 = ORIENTED_EDGE('', *, *, #1936, .F.);
#3343 = ORIENTED_EDGE('', *, *, #1933, .F.);
#3344 = EDGE_LOOP('', (#3340, #3341, #3342, #3343));
#3345 = FACE_BOUND('', #3344, .T.);
#3346 = ADVANCED_FACE('', (#3345), #2426, .T.);
#3347 = ORIENTED_EDGE('', *, *, #1935, .F.);
#3348 = ORIENTED_EDGE('', *, *, #1932, .F.);
#3349 = ORIENTED_EDGE('', *, *, #1929, .F.);
#3350 = ORIENTED_EDGE('', *, *, #1925, .F.);
#3351 = EDGE_LOOP('', (#3347, #3348, #3349, #3350));
#3352 = FACE_BOUND('', #3351, .T.);
#3353 = ADVANCED_FACE('', (#3352), #2430, .F.);
#3354 = ORIENTED_EDGE('', *, *, #1927, .T.);
#3355 = ORIENTED_EDGE('', *, *, #1931, .T.);
#3356 = ORIENTED_EDGE('', *, *, #1934, .T.);
#3357 = ORIENTED_EDGE('', *, *, #1936, .T.);
#3358 = EDGE_LOOP('', (#3354, #3355, #3356, #3357));
#3359 = FACE_BOUND('', #3358, .T.);
#3360 = ADVANCED_FACE('', (#3359), #2434, .T.);
#3361 = ORIENTED_EDGE('', *, *, #1937, .T.);
#3362 = ORIENTED_EDGE('', *, *, #1938, .T.);
#3363 = ORIENTED_EDGE('', *, *, #1939, .F.);
#3364 = ORIENTED_EDGE('', *, *, #1940, .F.);
#3365 = EDGE_LOOP('', (#3361, #3362, #3363, #3364));
#3366 = FACE_BOUND('', #3365, .T.);
#3367 = ADVANCED_FACE('', (#3366), #2438, .T.);
#3368 = ORIENTED_EDGE('', *, *, #1941, .T.);
#3369 = ORIENTED_EDGE('', *, *, #1942, .T.);
#3370 = ORIENTED_EDGE('', *, *, #1943, .F.);
#3371 = ORIENTED_EDGE('', *, *, #1938, .F.);
#3372 = EDGE_LOOP('', (#3368, #3369, #3370, #3371));
#3373 = FACE_BOUND('', #3372, .T.);
#3374 = ADVANCED_FACE('', (#3373), #2442, .T.);
#3375 = ORIENTED_EDGE('', *, *, #1944, .T.);
#3376 = ORIENTED_EDGE('', *, *, #1945, .T.);
#3377 = ORIENTED_EDGE('', *, *, #1946, .F.);
#3378 = ORIENTED_EDGE('', *, *, #1942, .F.);
#3379 = EDGE_LOOP('', (#3375, #3376, #3377, #3378));
#3380 = FACE_BOUND('', #3379, .T.);
#3381 = ADVANCED_FACE('', (#3380), #2446, .T.);
#3382 = ORIENTED_EDGE('', *, *, #1947, .T.);
#3383 = ORIENTED_EDGE('', *, *, #1940, .T.);
#3384 = ORIENTED_EDGE('', *, *, #1948, .F.);
#3385 = ORIENTED_EDGE('', *, *, #1945, .F.);
#3386 = EDGE_LOOP('', (#3382, #3383, #3384, #3385));
#3387 = FACE_BOUND('', #3386, .T.);
#3388 = ADVANCED_FACE('', (#3387), #2450, .T.);
#3389 = ORIENTED_EDGE('', *, *, #1947, .F.);
#3390 = ORIENTED_EDGE('', *, *, #1944, .F.);
#3391 = ORIENTED_EDGE('', *, *, #1941, .F.);
#3392 = ORIENTED_EDGE('', *, *, #1937, .F.);
#3393 = EDGE_LOOP('', (#3389, #3390, #3391, #3392));
#3394 = FACE_BOUND('', #3393, .T.);
#3395 = ADVANCED_FACE('', (#3394), #2454, .F.);
#3396 = ORIENTED_EDGE('', *, *, #1939, .T.);
#3397 = ORIENTED_EDGE('', *, *, #1943, .T.);
#3398 = ORIENTED_EDGE('', *, *, #1946, .T.);
#3399 = ORIENTED_EDGE('', *, *, #1948, .T.);
#3400 = EDGE_LOOP('', (#3396, #3397, #3398, #3399));
#3401 = FACE_BOUND('', #3400, .T.);
#3402 = ADVANCED_FACE('', (#3401), #2458, .T.);
#3403 = ORIENTED_EDGE('', *, *, #1949, .T.);
#3404 = ORIENTED_EDGE('', *, *, #1951, .F.);
#3405 = EDGE_LOOP('', (#3403));
#3406 = FACE_BOUND('', #3405, .T.);
#3407 = EDGE_LOOP('', (#3404));
#3408 = FACE_BOUND('', #3407, .T.);
#3409 = ADVANCED_FACE('', (#3406, #3408), #2463, .T.);
#3410 = ORIENTED_EDGE('', *, *, #1949, .F.);
#3411 = EDGE_LOOP('', (#3410));
#3412 = FACE_BOUND('', #3411, .T.);
#3413 = ADVANCED_FACE('', (#3412), #2467, .F.);
#3414 = ORIENTED_EDGE('', *, *, #1951, .T.);
#3415 = EDGE_LOOP('', (#3414));
#3416 = FACE_BOUND('', #3415, .T.);
#3417 = ADVANCED_FACE('', (#3416), #2471, .T.);
#3418 = ORIENTED_EDGE('', *, *, #1952, .T.);
#3419 = ORIENTED_EDGE('', *, *, #1953, .T.);
#3420 = ORIENTED_EDGE('', *, *, #1954, .F.);
#3421 = ORIENTED_EDGE('', *, *, #1955, .F.);
#3422 = EDGE_LOOP('', (#3418, #3419, #3420, #3421));
#3423 = FACE_BOUND('', #3422, .T.);
#3424 = ADVANCED_FACE('', (#3423), #2475, .T.);
#3425 = ORIENTED_EDGE('', *, *, #1956, .T.);
#3426 = ORIENTED_EDGE('', *, *, #1957, .T.);
#3427 = ORIENTED_EDGE('', *, *, #1958, .F.);
#3428 = ORIENTED_EDGE('', *, *, #1953, .F.);
#3429 = EDGE_LOOP('', (#3425, #3426, #3427, #3428));
#3430 = FACE_BOUND('', #3429, .T.);
#3431 = ADVANCED_FACE('', (#3430), #2479, .T.);
#3432 = ORIENTED_EDGE('', *, *, #1959, .T.);
#3433 = ORIENTED_EDGE('', *, *, #1960, .T.);
#3434 = ORIENTED_EDGE('', *, *, #1961, .F.);
#3435 = ORIENTED_EDGE('', *, *, #1957, .F.);
#3436 = EDGE_LOOP('', (#3432, #3433, #3434, #3435));
#3437 = FACE_BOUND('', #3436, .T.);
#3438 = ADVANCED_FACE('', (#3437), #2483, .T.);
#3439 = ORIENTED_EDGE('', *, *, #1962, .T.);
#3440 = ORIENTED_EDGE('', *, *, #1955, .T.);
#3441 = ORIENTED_EDGE('', *, *, #1963, .F.);
#3442 = ORIENTED_EDGE('', *, *, #1960, .F.);
#3443 = EDGE_LOOP('', (#3439, #3440, #3441, #3442));
#3444 = FACE_BOUND('', #3443, .T.);
#3445 = ADVANCED_FACE('', (#3444), #2487, .T.);
#3446 = ORIENTED_EDGE('', *, *, #1962, .F.);
#3447 = ORIENTED_EDGE('', *, *, #1959, .F.);
#3448 = ORIENTED_EDGE('', *, *, #1956, .F.);
#3449 = ORIENTED_EDGE('', *, *, #1952, .F.);
#3450 = EDGE_LOOP('', (#3446, #3447, #3448, #3449));
#3451 = FACE_BOUND('', #3450, .T.);
#3452 = ADVANCED_FACE('', (#3451), #2491, .F.);
#3453 = ORIENTED_EDGE('', *, *, #1954, .T.);
#3454 = ORIENTED_EDGE('', *, *, #1958, .T.);
#3455 = ORIENTED_EDGE('', *, *, #1961, .T.);
#3456 = ORIENTED_EDGE('', *, *, #1963, .T.);
#3457 = EDGE_LOOP('', (#3453, #3454, #3455, #3456));
#3458 = FACE_BOUND('', #3457, .T.);
#3459 = ADVANCED_FACE('', (#3458), #2495, .T.);
#3460 = ORIENTED_EDGE('', *, *, #1964, .T.);
#3461 = ORIENTED_EDGE('', *, *, #1965, .T.);
#3462 = ORIENTED_EDGE('', *, *, #1966, .F.);
#3463 = ORIENTED_EDGE('', *, *, #1967, .F.);
#3464 = EDGE_LOOP('', (#3460, #3461, #3462, #3463));
#3465 = FACE_BOUND('', #3464, .T.);
#3466 = ADVANCED_FACE('', (#3465), #2499, .T.);
#3467 = ORIENTED_EDGE('', *, *, #1968, .T.);
#3468 = ORIENTED_EDGE('', *, *, #1969, .T.);
#3469 = ORIENTED_EDGE('', *, *, #1970, .F.);
#3470 = ORIENTED_EDGE('', *, *, #1965, .F.);
#3471 = EDGE_LOOP('', (#3467, #3468, #3469, #3470));
#3472 = FACE_BOUND('', #3471, .T.);
#3473 = ADVANCED_FACE('', (#3472), #2503, .T.);
#3474 = ORIENTED_EDGE('', *, *, #1971, .T.);
#3475 = ORIENTED_EDGE('', *, *, #1972, .T.);
#3476 = ORIENTED_EDGE('', *, *, #1973, .F.);
#3477 = ORIENTED_EDGE('', *, *, #1969, .F.);
#3478 = EDGE_LOOP('', (#3474, #3475, #3476, #3477));
#3479 = FACE_BOUND('', #3478, .T.);
#3480 = ADVANCED_FACE('', (#3479), #2507, .T.);
#3481 = ORIENTED_EDGE('', *, *, #1974, .T.);
#3482 = ORIENTED_EDGE('', *, *, #1967, .T.);
#3483 = ORIENTED_EDGE('', *, *, #1975, .F.);
#3484 = ORIENTED_EDGE('', *, *, #1972, .F.);
#3485 = EDGE_LOOP('', (#3481, #3482, #3483, #3484));
#3486 = FACE_BOUND('', #3485, .T.);
#3487 = ADVANCED_FACE('', (#3486), #2511, .T.);
#3488 = ORIENTED_EDGE('', *, *, #1974, .F.);
#3489 = ORIENTED_EDGE('', *, *, #1971, .F.);
#3490 = ORIENTED_EDGE('', *, *, #1968, .F.);
#3491 = ORIENTED_EDGE('', *, *, #1964, .F.);
#3492 = EDGE_LOOP('', (#3488, #3489, #3490, #3491));
#3493 = FACE_BOUND('', #3492, .T.);
#3494 = ADVANCED_FACE('', (#3493), #2515, .F.);
#3495 = ORIENTED_EDGE('', *, *, #1966, .T.);
#3496 = ORIENTED_EDGE('', *, *, #1970, .T.);
#3497 = ORIENTED_EDGE('', *, *, #1973, .T.);
#3498 = ORIENTED_EDGE('', *, *, #1975, .T.);
#3499 = EDGE_LOOP('', (#3495, #3496, #3497, #3498));
#3500 = FACE_BOUND('', #3499, .T.);
#3501 = ADVANCED_FACE('', (#3500), #2519, .T.);
#3502 = ORIENTED_EDGE('', *, *, #1976, .T.);
#3503 = ORIENTED_EDGE('', *, *, #1977, .T.);
#3504 = ORIENTED_EDGE('', *, *, #1978, .F.);
#3505 = ORIENTED_EDGE('', *, *, #1979, .F.);
#3506 = EDGE_LOOP('', (#3502, #3503, #3504, #3505));
#3507 = FACE_BOUND('', #3506, .T.);
#3508 = ADVANCED_FACE('', (#3507), #2523, .T.);
#3509 = ORIENTED_EDGE('', *, *, #1980, .T.);
#3510 = ORIENTED_EDGE('', *, *, #1981, .T.);
#3511 = ORIENTED_EDGE('', *, *, #1982, .F.);
#3512 = ORIENTED_EDGE('', *, *, #1977, .F.);
#3513 = EDGE_LOOP('', (#3509, #3510, #3511, #3512));
#3514 = FACE_BOUND('', #3513, .T.);
#3515 = ADVANCED_FACE('', (#3514), #2527, .T.);
#3516 = ORIENTED_EDGE('', *, *, #1983, .T.);
#3517 = ORIENTED_EDGE('', *, *, #1984, .T.);
#3518 = ORIENTED_EDGE('', *, *, #1985, .F.);
#3519 = ORIENTED_EDGE('', *, *, #1981, .F.);
#3520 = EDGE_LOOP('', (#3516, #3517, #3518, #3519));
#3521 = FACE_BOUND('', #3520, .T.);
#3522 = ADVANCED_FACE('', (#3521), #2531, .T.);
#3523 = ORIENTED_EDGE('', *, *, #1986, .T.);
#3524 = ORIENTED_EDGE('', *, *, #1979, .T.);
#3525 = ORIENTED_EDGE('', *, *, #1987, .F.);
#3526 = ORIENTED_EDGE('', *, *, #1984, .F.);
#3527 = EDGE_LOOP('', (#3523, #3524, #3525, #3526));
#3528 = FACE_BOUND('', #3527, .T.);
#3529 = ADVANCED_FACE('', (#3528), #2535, .T.);
#3530 = ORIENTED_EDGE('', *, *, #1986, .F.);
#3531 = ORIENTED_EDGE('', *, *, #1983, .F.);
#3532 = ORIENTED_EDGE('', *, *, #1980, .F.);
#3533 = ORIENTED_EDGE('', *, *, #1976, .F.);
#3534 = EDGE_LOOP('', (#3530, #3531, #3532, #3533));
#3535 = FACE_BOUND('', #3534, .T.);
#3536 = ADVANCED_FACE('', (#3535), #2539, .F.);
#3537 = ORIENTED_EDGE('', *, *, #1978, .T.);
#3538 = ORIENTED_EDGE('', *, *, #1982, .T.);
#3539 = ORIENTED_EDGE('', *, *, #1985, .T.);
#3540 = ORIENTED_EDGE('', *, *, #1987, .T.);
#3541 = EDGE_LOOP('', (#3537, #3538, #3539, #3540));
#3542 = FACE_BOUND('', #3541, .T.);
#3543 = ADVANCED_FACE('', (#3542), #2543, .T.);
#3544 = ORIENTED_EDGE('', *, *, #1988, .T.);
#3545 = ORIENTED_EDGE('', *, *, #1989, .T.);
#3546 = ORIENTED_EDGE('', *, *, #1990, .F.);
#3547 = ORIENTED_EDGE('', *, *, #1991, .F.);
#3548 = EDGE_LOOP('', (#3544, #3545, #3546, #3547));
#3549 = FACE_BOUND('', #3548, .T.);
#3550 = ADVANCED_FACE('', (#3549), #2547, .T.);
#3551 = ORIENTED_EDGE('', *, *, #1992, .T.);
#3552 = ORIENTED_EDGE('', *, *, #1993, .T.);
#3553 = ORIENTED_EDGE('', *, *, #1994, .F.);
#3554 = ORIENTED_EDGE('', *, *, #1989, .F.);
#3555 = EDGE_LOOP('', (#3551, #3552, #3553, #3554));
#3556 = FACE_BOUND('', #3555, .T.);
#3557 = ADVANCED_FACE('', (#3556), #2551, .T.);
#3558 = ORIENTED_EDGE('', *, *, #1995, .T.);
#3559 = ORIENTED_EDGE('', *, *, #1996, .T.);
#3560 = ORIENTED_EDGE('', *, *, #1997, .F.);
#3561 = ORIENTED_EDGE('', *, *, #1993, .F.);
#3562 = EDGE_LOOP('', (#3558, #3559, #3560, #3561));
#3563 = FACE_BOUND('', #3562, .T.);
#3564 = ADVANCED_FACE('', (#3563), #2555, .T.);
#3565 = ORIENTED_EDGE('', *, *, #1998, .T.);
#3566 = ORIENTED_EDGE('', *, *, #1991, .T.);
#3567 = ORIENTED_EDGE('', *, *, #1999, .F.);
#3568 = ORIENTED_EDGE('', *, *, #1996, .F.);
#3569 = EDGE_LOOP('', (#3565, #3566, #3567, #3568));
#3570 = FACE_BOUND('', #3569, .T.);
#3571 = ADVANCED_FACE('', (#3570), #2559, .T.);
#3572 = ORIENTED_EDGE('', *, *, #1998, .F.);
#3573 = ORIENTED_EDGE('', *, *, #1995, .F.);
#3574 = ORIENTED_EDGE('', *, *, #1992, .F.);
#3575 = ORIENTED_EDGE('', *, *, #1988, .F.);
#3576 = EDGE_LOOP('', (#3572, #3573, #3574, #3575));
#3577 = FACE_BOUND('', #3576, .T.);
#3578 = ADVANCED_FACE('', (#3577), #2563, .F.);
#3579 = ORIENTED_EDGE('', *, *, #1990, .T.);
#3580 = ORIENTED_EDGE('', *, *, #1994, .T.);
#3581 = ORIENTED_EDGE('', *, *, #1997, .T.);
#3582 = ORIENTED_EDGE('', *, *, #1999, .T.);
#3583 = EDGE_LOOP('', (#3579, #3580, #3581, #3582));
#3584 = FACE_BOUND('', #3583, .T.);
#3585 = ADVANCED_FACE('', (#3584), #2567, .T.);
#3586 = ORIENTED_EDGE('', *, *, #2000, .T.);
#3587 = ORIENTED_EDGE('', *, *, #2001, .T.);
#3588 = ORIENTED_EDGE('', *, *, #2002, .F.);
#3589 = ORIENTED_EDGE('', *, *, #2003, .F.);
#3590 = EDGE_LOOP('', (#3586, #3587, #3588, #3589));
#3591 = FACE_BOUND('', #3590, .T.);
#3592 = ADVANCED_FACE('', (#3591), #2571, .T.);
#3593 = ORIENTED_EDGE('', *, *, #2004, .T.);
#3594 = ORIENTED_EDGE('', *, *, #2005, .T.);
#3595 = ORIENTED_EDGE('', *, *, #2006, .F.);
#3596 = ORIENTED_EDGE('', *, *, #2001, .F.);
#3597 = EDGE_LOOP('', (#3593, #3594, #3595, #3596));
#3598 = FACE_BOUND('', #3597, .T.);
#3599 = ADVANCED_FACE('', (#3598), #2575, .T.);
#3600 = ORIENTED_EDGE('', *, *, #2007, .T.);
#3601 = ORIENTED_EDGE('', *, *, #2008, .T.);
#3602 = ORIENTED_EDGE('', *, *, #2009, .F.);
#3603 = ORIENTED_EDGE('', *, *, #2005, .F.);
#3604 = EDGE_LOOP('', (#3600, #3601, #3602, #3603));
#3605 = FACE_BOUND('', #3604, .T.);
#3606 = ADVANCED_FACE('', (#3605), #2579, .T.);
#3607 = ORIENTED_EDGE('', *, *, #2010, .T.);
#3608 = ORIENTED_EDGE('', *, *, #2003, .T.);
#3609 = ORIENTED_EDGE('', *, *, #2011, .F.);
#3610 = ORIENTED_EDGE('', *, *, #2008, .F.);
#3611 = EDGE_LOOP('', (#3607, #3608, #3609, #3610));
#3612 = FACE_BOUND('', #3611, .T.);
#3613 = ADVANCED_FACE('', (#3612), #2583, .T.);
#3614 = ORIENTED_EDGE('', *, *, #2010, .F.);
#3615 = ORIENTED_EDGE('', *, *, #2007, .F.);
#3616 = ORIENTED_EDGE('', *, *, #2004, .F.);
#3617 = ORIENTED_EDGE('', *, *, #2000, .F.);
#3618 = EDGE_LOOP('', (#3614, #3615, #3616, #3617));
#3619 = FACE_BOUND('', #3618, .T.);
#3620 = ADVANCED_FACE('', (#3619), #2587, .F.);
#3621 = ORIENTED_EDGE('', *, *, #2002, .T.);
#3622 = ORIENTED_EDGE('', *, *, #2006, .T.);
#3623 = ORIENTED_EDGE('', *, *, #2009, .T.);
#3624 = ORIENTED_EDGE('', *, *, #2011, .T.);
#3625 = EDGE_LOOP('', (#3621, #3622, #3623, #3624));
#3626 = FACE_BOUND('', #3625, .T.);
#3627 = ADVANCED_FACE('', (#3626), #2591, .T.);
#3628 = ORIENTED_EDGE('', *, *, #2012, .T.);
#3629 = ORIENTED_EDGE('', *, *, #2013, .T.);
#3630 = ORIENTED_EDGE('', *, *, #2014, .F.);
#3631 = ORIENTED_EDGE('', *, *, #2015, .F.);
#3632 = EDGE_LOOP('', (#3628, #3629, #3630, #3631));
#3633 = FACE_BOUND('', #3632, .T.);
#3634 = ADVANCED_FACE('', (#3633), #2595, .T.);
#3635 = ORIENTED_EDGE('', *, *, #2016, .T.);
#3636 = ORIENTED_EDGE('', *, *, #2017, .T.);
#3637 = ORIENTED_EDGE('', *, *, #2018, .F.);
#3638 = ORIENTED_EDGE('', *, *, #2013, .F.);
#3639 = EDGE_LOOP('', (#3635, #3636, #3637, #3638));
#3640 = FACE_BOUND('', #3639, .T.);
#3641 = ADVANCED_FACE('', (#3640), #2599, .T.);
#3642 = ORIENTED_EDGE('', *, *, #2019, .T.);
#3643 = ORIENTED_EDGE('', *, *, #2020, .T.);
#3644 = ORIENTED_EDGE('', *, *, #2021, .F.);
#3645 = ORIENTED_EDGE('', *, *, #2017, .F.);
#3646 = EDGE_LOOP('', (#3642, #3643, #3644, #3645));
#3647 = FACE_BOUND('', #3646, .T.);
#3648 = ADVANCED_FACE('', (#3647), #2603, .T.);
#3649 = ORIENTED_EDGE('', *, *, #2022, .T.);
#3650 = ORIENTED_EDGE('', *, *, #2015, .T.);
#3651 = ORIENTED_EDGE('', *, *, #2023, .F.);
#3652 = ORIENTED_EDGE('', *, *, #2020, .F.);
#3653 = EDGE_LOOP('', (#3649, #3650, #3651, #3652));
#3654 = FACE_BOUND('', #3653, .T.);
#3655 = ADVANCED_FACE('', (#3654), #2607, .T.);
#3656 = ORIENTED_EDGE('', *, *, #2022, .F.);
#3657 = ORIENTED_EDGE('', *, *, #2019, .F.);
#3658 = ORIENTED_EDGE('', *, *, #2016, .F.);
#3659 = ORIENTED_EDGE('', *, *, #2012, .F.);
#3660 = EDGE_LOOP('', (#3656, #3657, #3658, #3659));
#3661 = FACE_BOUND('', #3660, .T.);
#3662 = ADVANCED_FACE('', (#3661), #2611, .F.);
#3663 = ORIENTED_EDGE('', *, *, #2014, .T.);
#3664 = ORIENTED_EDGE('', *, *, #2018, .T.);
#3665 = ORIENTED_EDGE('', *, *, #2021, .T.);
#3666 = ORIENTED_EDGE('', *, *, #2023, .T.);
#3667 = EDGE_LOOP('', (#3663, #3664, #3665, #3666));
#3668 = FACE_BOUND('', #3667, .T.);
#3669 = ADVANCED_FACE('', (#3668), #2615, .T.);
#3670 = ORIENTED_EDGE('', *, *, #2024, .T.);
#3671 = ORIENTED_EDGE('', *, *, #2025, .T.);
#3672 = ORIENTED_EDGE('', *, *, #2026, .F.);
#3673 = ORIENTED_EDGE('', *, *, #2027, .F.);
#3674 = EDGE_LOOP('', (#3670, #3671, #3672, #3673));
#3675 = FACE_BOUND('', #3674, .T.);
#3676 = ADVANCED_FACE('', (#3675), #2619, .T.);
#3677 = ORIENTED_EDGE('', *, *, #2028, .T.);
#3678 = ORIENTED_EDGE('', *, *, #2029, .T.);
#3679 = ORIENTED_EDGE('', *, *, #2030, .F.);
#3680 = ORIENTED_EDGE('', *, *, #2025, .F.);
#3681 = EDGE_LOOP('', (#3677, #3678, #3679, #3680));
#3682 = FACE_BOUND('', #3681, .T.);
#3683 = ADVANCED_FACE('', (#3682), #2623, .T.);
#3684 = ORIENTED_EDGE('', *, *, #2031, .T.);
#3685 = ORIENTED_EDGE('', *, *, #2032, .T.);
#3686 = ORIENTED_EDGE('', *, *, #2033, .F.);
#3687 = ORIENTED_EDGE('', *, *, #2029, .F.);
#3688 = EDGE_LOOP('', (#3684, #3685, #3686, #3687));
#3689 = FACE_BOUND('', #3688, .T.);
#3690 = ADVANCED_FACE('', (#3689), #2627, .T.);
#3691 = ORIENTED_EDGE('', *, *, #2034, .T.);
#3692 = ORIENTED_EDGE('', *, *, #2027, .T.);
#3693 = ORIENTED_EDGE('', *, *, #2035, .F.);
#3694 = ORIENTED_EDGE('', *, *, #2032, .F.);
#3695 = EDGE_LOOP('', (#3691, #3692, #3693, #3694));
#3696 = FACE_BOUND('', #3695, .T.);
#3697 = ADVANCED_FACE('', (#3696), #2631, .T.);
#3698 = ORIENTED_EDGE('', *, *, #2034, .F.);
#3699 = ORIENTED_EDGE('', *, *, #2031, .F.);
#3700 = ORIENTED_EDGE('', *, *, #2028, .F.);
#3701 = ORIENTED_EDGE('', *, *, #2024, .F.);
#3702 = EDGE_LOOP('', (#3698, #3699, #3700, #3701));
#3703 = FACE_BOUND('', #3702, .T.);
#3704 = ADVANCED_FACE('', (#3703), #2635, .F.);
#3705 = ORIENTED_EDGE('', *, *, #2026, .T.);
#3706 = ORIENTED_EDGE('', *, *, #2030, .T.);
#3707 = ORIENTED_EDGE('', *, *, #2033, .T.);
#3708 = ORIENTED_EDGE('', *, *, #2035, .T.);
#3709 = EDGE_LOOP('', (#3705, #3706, #3707, #3708));
#3710 = FACE_BOUND('', #3709, .T.);
#3711 = ADVANCED_FACE('', (#3710), #2639, .T.);
#3712 = ORIENTED_EDGE('', *, *, #2036, .T.);
#3713 = ORIENTED_EDGE('', *, *, #2037, .T.);
#3714 = ORIENTED_EDGE('', *, *, #2038, .F.);
#3715 = ORIENTED_EDGE('', *, *, #2039, .F.);
#3716 = EDGE_LOOP('', (#3712, #3713, #3714, #3715));
#3717 = FACE_BOUND('', #3716, .T.);
#3718 = ADVANCED_FACE('', (#3717), #2643, .T.);
#3719 = ORIENTED_EDGE('', *, *, #2040, .T.);
#3720 = ORIENTED_EDGE('', *, *, #2041, .T.);
#3721 = ORIENTED_EDGE('', *, *, #2042, .F.);
#3722 = ORIENTED_EDGE('', *, *, #2037, .F.);
#3723 = EDGE_LOOP('', (#3719, #3720, #3721, #3722));
#3724 = FACE_BOUND('', #3723, .T.);
#3725 = ADVANCED_FACE('', (#3724), #2647, .T.);
#3726 = ORIENTED_EDGE('', *, *, #2043, .T.);
#3727 = ORIENTED_EDGE('', *, *, #2044, .T.);
#3728 = ORIENTED_EDGE('', *, *, #2045, .F.);
#3729 = ORIENTED_EDGE('', *, *, #2041, .F.);
#3730 = EDGE_LOOP('', (#3726, #3727, #3728, #3729));
#3731 = FACE_BOUND('', #3730, .T.);
#3732 = ADVANCED_FACE('', (#3731), #2651, .T.);
#3733 = ORIENTED_EDGE('', *, *, #2046, .T.);
#3734 = ORIENTED_EDGE('', *, *, #2039, .T.);
#3735 = ORIENTED_EDGE('', *, *, #2047, .F.);
#3736 = ORIENTED_EDGE('', *, *, #2044, .F.);
#3737 = EDGE_LOOP('', (#3733, #3734, #3735, #3736));
#3738 = FACE_BOUND('', #3737, .T.);
#3739 = ADVANCED_FACE('', (#3738), #2655, .T.);
#3740 = ORIENTED_EDGE('', *, *, #2046, .F.);
#3741 = ORIENTED_EDGE('', *, *, #2043, .F.);
#3742 = ORIENTED_EDGE('', *, *, #2040, .F.);
#3743 = ORIENTED_EDGE('', *, *, #2036, .F.);
#3744 = EDGE_LOOP('', (#3740, #3741, #3742, #3743));
#3745 = FACE_BOUND('', #3744, .T.);
#3746 = ADVANCED_FACE('', (#3745), #2659, .F.);
#3747 = ORIENTED_EDGE('', *, *, #2038, .T.);
#3748 = ORIENTED_EDGE('', *, *, #2042, .T.);
#3749 = ORIENTED_EDGE('', *, *, #2045, .T.);
#3750 = ORIENTED_EDGE('', *, *, #2047, .T.);
#3751 = EDGE_LOOP('', (#3747, #3748, #3749, #3750));
#3752 = FACE_BOUND('', #3751, .T.);
#3753 = ADVANCED_FACE('', (#3752), #2663, .T.);
#3754 = ORIENTED_EDGE('', *, *, #2048, .T.);
#3755 = ORIENTED_EDGE('', *, *, #2049, .T.);
#3756 = ORIENTED_EDGE('', *, *, #2050, .F.);
#3757 = ORIENTED_EDGE('', *, *, #2051, .F.);
#3758 = EDGE_LOOP('', (#3754, #3755, #3756, #3757));
#3759 = FACE_BOUND('', #3758, .T.);
#3760 = ADVANCED_FACE('', (#3759), #2667, .T.);
#3761 = ORIENTED_EDGE('', *, *, #2052, .T.);
#3762 = ORIENTED_EDGE('', *, *, #2053, .T.);
#3763 = ORIENTED_EDGE('', *, *, #2054, .F.);
#3764 = ORIENTED_EDGE('', *, *, #2049, .F.);
#3765 = EDGE_LOOP('', (#3761, #3762, #3763, #3764));
#3766 = FACE_BOUND('', #3765, .T.);
#3767 = ADVANCED_FACE('', (#3766), #2671, .T.);
#3768 = ORIENTED_EDGE('', *, *, #2055, .T.);
#3769 = ORIENTED_EDGE('', *, *, #2056, .T.);
#3770 = ORIENTED_EDGE('', *, *, #2057, .F.);
#3771 = ORIENTED_EDGE('', *, *, #2053, .F.);
#3772 = EDGE_LOOP('', (#3768, #3769, #3770, #3771));
#3773 = FACE_BOUND('', #3772, .T.);
#3774 = ADVANCED_FACE('', (#3773), #2675, .T.);
#3775 = ORIENTED_EDGE('', *, *, #2058, .T.);
#3776 = ORIENTED_EDGE('', *, *, #2051, .T.);
#3777 = ORIENTED_EDGE('', *, *, #2059, .F.);
#3778 = ORIENTED_EDGE('', *, *, #2056, .F.);
#3779 = EDGE_LOOP('', (#3775, #3776, #3777, #3778));
#3780 = FACE_BOUND('', #3779, .T.);
#3781 = ADVANCED_FACE('', (#3780), #2679, .T.);
#3782 = ORIENTED_EDGE('', *, *, #2058, .F.);
#3783 = ORIENTED_EDGE('', *, *, #2055, .F.);
#3784 = ORIENTED_EDGE('', *, *, #2052, .F.);
#3785 = ORIENTED_EDGE('', *, *, #2048, .F.);
#3786 = EDGE_LOOP('', (#3782, #3783, #3784, #3785));
#3787 = FACE_BOUND('', #3786, .T.);
#3788 = ADVANCED_FACE('', (#3787), #2683, .F.);
#3789 = ORIENTED_EDGE('', *, *, #2050, .T.);
#3790 = ORIENTED_EDGE('', *, *, #2054, .T.);
#3791 = ORIENTED_EDGE('', *, *, #2057, .T.);
#3792 = ORIENTED_EDGE('', *, *, #2059, .T.);
#3793 = EDGE_LOOP('', (#3789, #3790, #3791, #3792));
#3794 = FACE_BOUND('', #3793, .T.);
#3795 = ADVANCED_FACE('', (#3794), #2687, .T.);
#3796 = ORIENTED_EDGE('', *, *, #2060, .T.);
#3797 = ORIENTED_EDGE('', *, *, #2061, .T.);
#3798 = ORIENTED_EDGE('', *, *, #2062, .F.);
#3799 = ORIENTED_EDGE('', *, *, #2063, .F.);
#3800 = EDGE_LOOP('', (#3796, #3797, #3798, #3799));
#3801 = FACE_BOUND('', #3800, .T.);
#3802 = ADVANCED_FACE('', (#3801), #2691, .T.);
#3803 = ORIENTED_EDGE('', *, *, #2064, .T.);
#3804 = ORIENTED_EDGE('', *, *, #2065, .T.);
#3805 = ORIENTED_EDGE('', *, *, #2066, .F.);
#3806 = ORIENTED_EDGE('', *, *, #2061, .F.);
#3807 = EDGE_LOOP('', (#3803, #3804, #3805, #3806));
#3808 = FACE_BOUND('', #3807, .T.);
#3809 = ADVANCED_FACE('', (#3808), #2695, .T.);
#3810 = ORIENTED_EDGE('', *, *, #2067, .T.);
#3811 = ORIENTED_EDGE('', *, *, #2068, .T.);
#3812 = ORIENTED_EDGE('', *, *, #2069, .F.);
#3813 = ORIENTED_EDGE('', *, *, #2065, .F.);
#3814 = EDGE_LOOP('', (#3810, #3811, #3812, #3813));
#3815 = FACE_BOUND('', #3814, .T.);
#3816 = ADVANCED_FACE('', (#3815), #2699, .T.);
#3817 = ORIENTED_EDGE('', *, *, #2070, .T.);
#3818 = ORIENTED_EDGE('', *, *, #2063, .T.);
#3819 = ORIENTED_EDGE('', *, *, #2071, .F.);
#3820 = ORIENTED_EDGE('', *, *, #2068, .F.);
#3821 = EDGE_LOOP('', (#3817, #3818, #3819, #3820));
#3822 = FACE_BOUND('', #3821, .T.);
#3823 = ADVANCED_FACE('', (#3822), #2703, .T.);
#3824 = ORIENTED_EDGE('', *, *, #2070, .F.);
#3825 = ORIENTED_EDGE('', *, *, #2067, .F.);
#3826 = ORIENTED_EDGE('', *, *, #2064, .F.);
#3827 = ORIENTED_EDGE('', *, *, #2060, .F.);
#3828 = EDGE_LOOP('', (#3824, #3825, #3826, #3827));
#3829 = FACE_BOUND('', #3828, .T.);
#3830 = ADVANCED_FACE('', (#3829), #2707, .F.);
#3831 = ORIENTED_EDGE('', *, *, #2062, .T.);
#3832 = ORIENTED_EDGE('', *, *, #2066, .T.);
#3833 = ORIENTED_EDGE('', *, *, #2069, .T.);
#3834 = ORIENTED_EDGE('', *, *, #2071, .T.);
#3835 = EDGE_LOOP('', (#3831, #3832, #3833, #3834));
#3836 = FACE_BOUND('', #3835, .T.);
#3837 = ADVANCED_FACE('', (#3836), #2711, .T.);
#3838 = ORIENTED_EDGE('', *, *, #2072, .T.);
#3839 = ORIENTED_EDGE('', *, *, #2073, .T.);
#3840 = ORIENTED_EDGE('', *, *, #2074, .F.);
#3841 = ORIENTED_EDGE('', *, *, #2075, .F.);
#3842 = EDGE_LOOP('', (#3838, #3839, #3840, #3841));
#3843 = FACE_BOUND('', #3842, .T.);
#3844 = ADVANCED_FACE('', (#3843), #2715, .T.);
#3845 = ORIENTED_EDGE('', *, *, #2076, .T.);
#3846 = ORIENTED_EDGE('', *, *, #2077, .T.);
#3847 = ORIENTED_EDGE('', *, *, #2078, .F.);
#3848 = ORIENTED_EDGE('', *, *, #2073, .F.);
#3849 = EDGE_LOOP('', (#3845, #3846, #3847, #3848));
#3850 = FACE_BOUND('', #3849, .T.);
#3851 = ADVANCED_FACE('', (#3850), #2719, .T.);
#3852 = ORIENTED_EDGE('', *, *, #2079, .T.);
#3853 = ORIENTED_EDGE('', *, *, #2080, .T.);
#3854 = ORIENTED_EDGE('', *, *, #2081, .F.);
#3855 = ORIENTED_EDGE('', *, *, #2077, .F.);
#3856 = EDGE_LOOP('', (#3852, #3853, #3854, #3855));
#3857 = FACE_BOUND('', #3856, .T.);
#3858 = ADVANCED_FACE('', (#3857), #2723, .T.);
#3859 = ORIENTED_EDGE('', *, *, #2082, .T.);
#3860 = ORIENTED_EDGE('', *, *, #2075, .T.);
#3861 = ORIENTED_EDGE('', *, *, #2083, .F.);
#3862 = ORIENTED_EDGE('', *, *, #2080, .F.);
#3863 = EDGE_LOOP('', (#3859, #3860, #3861, #3862));
#3864 = FACE_BOUND('', #3863, .T.);
#3865 = ADVANCED_FACE('', (#3864), #2727, .T.);
#3866 = ORIENTED_EDGE('', *, *, #2082, .F.);
#3867 = ORIENTED_EDGE('', *, *, #2079, .F.);
#3868 = ORIENTED_EDGE('', *, *, #2076, .F.);
#3869 = ORIENTED_EDGE('', *, *, #2072, .F.);
#3870 = EDGE_LOOP('', (#3866, #3867, #3868, #3869));
#3871 = FACE_BOUND('', #3870, .T.);
#3872 = ADVANCED_FACE('', (#3871), #2731, .F.);
#3873 = ORIENTED_EDGE('', *, *, #2074, .T.);
#3874 = ORIENTED_EDGE('', *, *, #2078, .T.);
#3875 = ORIENTED_EDGE('', *, *, #2081, .T.);
#3876 = ORIENTED_EDGE('', *, *, #2083, .T.);
#3877 = EDGE_LOOP('', (#3873, #3874, #3875, #3876));
#3878 = FACE_BOUND('', #3877, .T.);
#3879 = ADVANCED_FACE('', (#3878), #2735, .T.);
#3880 = ORIENTED_EDGE('', *, *, #2084, .T.);
#3881 = ORIENTED_EDGE('', *, *, #2085, .T.);
#3882 = ORIENTED_EDGE('', *, *, #2086, .F.);
#3883 = ORIENTED_EDGE('', *, *, #2087, .F.);
#3884 = EDGE_LOOP('', (#3880, #3881, #3882, #3883));
#3885 = FACE_BOUND('', #3884, .T.);
#3886 = ADVANCED_FACE('', (#3885), #2739, .T.);
#3887 = ORIENTED_EDGE('', *, *, #2088, .T.);
#3888 = ORIENTED_EDGE('', *, *, #2089, .T.);
#3889 = ORIENTED_EDGE('', *, *, #2090, .F.);
#3890 = ORIENTED_EDGE('', *, *, #2085, .F.);
#3891 = EDGE_LOOP('', (#3887, #3888, #3889, #3890));
#3892 = FACE_BOUND('', #3891, .T.);
#3893 = ADVANCED_FACE('', (#3892), #2743, .T.);
#3894 = ORIENTED_EDGE('', *, *, #2091, .T.);
#3895 = ORIENTED_EDGE('', *, *, #2092, .T.);
#3896 = ORIENTED_EDGE('', *, *, #2093, .F.);
#3897 = ORIENTED_EDGE('', *, *, #2089, .F.);
#3898 = EDGE_LOOP('', (#3894, #3895, #3896, #3897));
#3899 = FACE_BOUND('', #3898, .T.);
#3900 = ADVANCED_FACE('', (#3899), #2747, .T.);
#3901 = ORIENTED_EDGE('', *, *, #2094, .T.);
#3902 = ORIENTED_EDGE('', *, *, #2087, .T.);
#3903 = ORIENTED_EDGE('', *, *, #2095, .F.);
#3904 = ORIENTED_EDGE('', *, *, #2092, .F.);
#3905 = EDGE_LOOP('', (#3901, #3902, #3903, #3904));
#3906 = FACE_BOUND('', #3905, .T.);
#3907 = ADVANCED_FACE('', (#3906), #2751, .T.);
#3908 = ORIENTED_EDGE('', *, *, #2094, .F.);
#3909 = ORIENTED_EDGE('', *, *, #2091, .F.);
#3910 = ORIENTED_EDGE('', *, *, #2088, .F.);
#3911 = ORIENTED_EDGE('', *, *, #2084, .F.);
#3912 = EDGE_LOOP('', (#3908, #3909, #3910, #3911));
#3913 = FACE_BOUND('', #3912, .T.);
#3914 = ADVANCED_FACE('', (#3913), #2755, .F.);
#3915 = ORIENTED_EDGE('', *, *, #2086, .T.);
#3916 = ORIENTED_EDGE('', *, *, #2090, .T.);
#3917 = ORIENTED_EDGE('', *, *, #2093, .T.);
#3918 = ORIENTED_EDGE('', *, *, #2095, .T.);
#3919 = EDGE_LOOP('', (#3915, #3916, #3917, #3918));
#3920 = FACE_BOUND('', #3919, .T.);
#3921 = ADVANCED_FACE('', (#3920), #2759, .T.);
#3922 = ORIENTED_EDGE('', *, *, #2096, .T.);
#3923 = ORIENTED_EDGE('', *, *, #2098, .F.);
#3924 = EDGE_LOOP('', (#3922));
#3925 = FACE_BOUND('', #3924, .T.);
#3926 = EDGE_LOOP('', (#3923));
#3927 = FACE_BOUND('', #3926, .T.);
#3928 = ADVANCED_FACE('', (#3925, #3927), #2764, .T.);
#3929 = ORIENTED_EDGE('', *, *, #2096, .F.);
#3930 = EDGE_LOOP('', (#3929));
#3931 = FACE_BOUND('', #3930, .T.);
#3932 = ADVANCED_FACE('', (#3931), #2768, .F.);
#3933 = ORIENTED_EDGE('', *, *, #2098, .T.);
#3934 = EDGE_LOOP('', (#3933));
#3935 = FACE_BOUND('', #3934, .T.);
#3936 = ADVANCED_FACE('', (#3935), #2772, .T.);
#3937 = CLOSED_SHELL('', (#2779, #2786, #2793, #2800, #2807, #2814));
#3938 = CLOSED_SHELL('', (#2821, #2828, #2835, #2842, #2849, #2856));
#3939 = CLOSED_SHELL('', (#2863, #2870, #2877, #2884, #2891, #2898));
#3940 = CLOSED_SHELL('', (#2905, #2912, #2919, #2926, #2933, #2940));
#3941 = CLOSED_SHELL('', (#2947, #2954, #2961, #2968, #2975, #2982));
#3942 = CLOSED_SHELL('', (#2989, #2996, #3003, #3010, #3017, #3024));
#3943 = CLOSED_SHELL('', (#3031, #3038, #3045, #3052, #3059, #3066));
#3944 = CLOSED_SHELL('', (#3073, #3080, #3087, #3094, #3101, #3108));
#3945 = CLOSED_SHELL('', (#3115, #3122, #3129, #3136, #3143, #3150));
#3946 = CLOSED_SHELL('', (#3157, #3164, #3171, #3178, #3185, #3192));
#3947 = CLOSED_SHELL('', (#3199, #3206, #3213, #3220, #3227, #3234));
#3948 = CLOSED_SHELL('', (#3241, #3248, #3255, #3262, #3269, #3276));
#3949 = CLOSED_SHELL('', (#3283, #3290, #3297, #3304, #3311, #3318));
#3950 = CLOSED_SHELL('', (#3325, #3332, #3339, #3346, #3353, #3360));
#3951 = CLOSED_SHELL('', (#3367, #3374, #3381, #3388, #3395, #3402));
#3952 = CLOSED_SHELL('', (#3409, #3413, #3417));
#3953 = CLOSED_SHELL('', (#3424, #3431, #3438, #3445, #3452, #3459));
#3954 = CLOSED_SHELL('', (#3466, #3473, #3480, #3487, #3494, #3501));
#3955 = CLOSED_SHELL('', (#3508, #3515, #3522, #3529, #3536, #3543));
#3956 = CLOSED_SHELL('', (#3550, #3557, #3564, #3571, #3578, #3585));
#3957 = CLOSED_SHELL('', (#3592, #3599, #3606, #3613, #3620, #3627));
#3958 = CLOSED_SHELL('', (#3634, #3641, #3648, #3655, #3662, #3669));
#3959 = CLOSED_SHELL('', (#3676, #3683, #3690, #3697, #3704, #3711));
#3960 = CLOSED_SHELL('', (#3718, #3725, #3732, #3739, #3746, #3753));
#3961 = CLOSED_SHELL('', (#3760, #3767, #3774, #3781, #3788, #3795));
#3962 = CLOSED_SHELL('', (#3802, #3809, #3816, #3823, #3830, #3837));
#3963 = CLOSED_SHELL('', (#3844, #3851, #3858, #3865, #3872, #3879));
#3964 = CLOSED_SHELL('', (#3886, #3893, #3900, #3907, #3914, #3921));
#3965 = CLOSED_SHELL('', (#3928, #3932, #3936));
#3966 = MANIFOLD_SOLID_BREP('', #3937);
#3967 = MANIFOLD_SOLID_BREP('', #3938);
#3968 = MANIFOLD_SOLID_BREP('', #3939);
#3969 = MANIFOLD_SOLID_BREP('', #3940);
#3970 = MANIFOLD_SOLID_BREP('', #3941);
#3971 = MANIFOLD_SOLID_BREP('', #3942);
#3972 = MANIFOLD_SOLID_BREP('', #3943);
#3973 = MANIFOLD_SOLID_BREP('', #3944);
#3974 = MANIFOLD_SOLID_BREP('', #3945);
#3975 = MANIFOLD_SOLID_BREP('', #3946);
#3976 = MANIFOLD_SOLID_BREP('', #3947);
#3977 = MANIFOLD_SOLID_BREP('', #3948);
#3978 = MANIFOLD_SOLID_BREP('', #3949);
#3979 = MANIFOLD_SOLID_BREP('', #3950);
#3980 = MANIFOLD_SOLID_BREP('', #3951);
#3981 = MANIFOLD_SOLID_BREP('', #3952);
#3982 = MANIFOLD_SOLID_BREP('', #3953);
#3983 = MANIFOLD_SOLID_BREP('', #3954);
#3984 = MANIFOLD_SOLID_BREP('', #3955);
#3985 = MANIFOLD_SOLID_BREP('', #3956);
#3986 = MANIFOLD_SOLID_BREP('', #3957);
#3987 = MANIFOLD_SOLID_BREP('', #3958);
#3988 = MANIFOLD_SOLID_BREP('', #3959);
#3989 = MANIFOLD_SOLID_BREP('', #3960);
#3990 = MANIFOLD_SOLID_BREP('', #3961);
#3991 = MANIFOLD_SOLID_BREP('', #3962);
#3992 = MANIFOLD_SOLID_BREP('', #3963);
#3993 = MANIFOLD_SOLID_BREP('', #3964);
#3994 = MANIFOLD_SOLID_BREP('', #3965);
#3995 = APPLICATION_CONTEXT('configuration controlled 3D design of mechanical parts and assemblies');
#3996 = PRODUCT_DEFINITION_CONTEXT('part definition', #3995, 'design');
#3997 = PRODUCT_CONTEXT('', #3995, 'mechanical');
#3998 = PRODUCT('UNIDENTIFIED_PRODUCT', '', $, (#3997));
#3999 = PRODUCT_DEFINITION_FORMATION('', $, #3998);
#4000 = PRODUCT_DEFINITION('design', $, #3999, #3996);
#4001 = PRODUCT_DEFINITION_SHAPE('', '', #4000);
#4002 = ADVANCED_BREP_SHAPE_REPRESENTATION('', (#3994), #4);
#4003 = SHAPE_DEFINITION_REPRESENTATION(#4001, #4002);
#4004 = COLOUR_RGB('', 0.89999998, 0.89999998, 0.89999998);
#4005 = FILL_AREA_STYLE_COLOUR('', #4004);
#4006 = FILL_AREA_STYLE('', (#4005));
#4007 = SURFACE_STYLE_FILL_AREA(#4006);
#4008 = SURFACE_SIDE_STYLE('', (#4007));
#4009 = SURFACE_STYLE_USAGE(.BOTH., #4008);
#4010 = PRESENTATION_STYLE_ASSIGNMENT((#4009));
#4011 = STYLED_ITEM('', (#4010), #3994);
#4012 = MECHANICAL_DESIGN_GEOMETRIC_PRESENTATION_REPRESENTATION('', (#4011), #4);
#4013 = PRODUCT_CONTEXT('', #3995, 'mechanical');
#4014 = PRODUCT('UNIDENTIFIED_PRODUCT', '', $, (#4013));
#4015 = PRODUCT_DEFINITION_FORMATION('', $, #4014);
#4016 = PRODUCT_DEFINITION('design', $, #4015, #3996);
#4017 = PRODUCT_DEFINITION_SHAPE('', '', #4016);
#4018 = ADVANCED_BREP_SHAPE_REPRESENTATION('', (#3993), #4);
#4019 = SHAPE_DEFINITION_REPRESENTATION(#4017, #4018);
#4020 = COLOUR_RGB('', 0.89999998, 0.89999998, 0.89999998);
#4021 = FILL_AREA_STYLE_COLOUR('', #4020);
#4022 = FILL_AREA_STYLE('', (#4021));
#4023 = SURFACE_STYLE_FILL_AREA(#4022);
#4024 = SURFACE_SIDE_STYLE('', (#4023));
#4025 = SURFACE_STYLE_USAGE(.BOTH., #4024);
#4026 = PRESENTATION_STYLE_ASSIGNMENT((#4025));
#4027 = STYLED_ITEM('', (#4026), #3993);
#4028 = MECHANICAL_DESIGN_GEOMETRIC_PRESENTATION_REPRESENTATION('', (#4027), #4);
#4029 = PRODUCT_CONTEXT('', #3995, 'mechanical');
#4030 = PRODUCT('UNIDENTIFIED_PRODUCT', '', $, (#4029));
#4031 = PRODUCT_DEFINITION_FORMATION('', $, #4030);
#4032 = PRODUCT_DEFINITION('design', $, #4031, #3996);
#4033 = PRODUCT_DEFINITION_SHAPE('', '', #4032);
#4034 = ADVANCED_BREP_SHAPE_REPRESENTATION('', (#3992), #4);
#4035 = SHAPE_DEFINITION_REPRESENTATION(#4033, #4034);
#4036 = COLOUR_RGB('', 0.66274512, 0.43529412, 0.21960784);
#4037 = FILL_AREA_STYLE_COLOUR('', #4036);
#4038 = FILL_AREA_STYLE('', (#4037));
#4039 = SURFACE_STYLE_FILL_AREA(#4038);
#4040 = SURFACE_SIDE_STYLE('', (#4039));
#4041 = SURFACE_STYLE_USAGE(.BOTH., #4040);
#4042 = PRESENTATION_STYLE_ASSIGNMENT((#4041));
#4043 = STYLED_ITEM('', (#4042), #3992);
#4044 = MECHANICAL_DESIGN_GEOMETRIC_PRESENTATION_REPRESENTATION('', (#4043), #4);
#4045 = PRODUCT_CONTEXT('', #3995, 'mechanical');
#4046 = PRODUCT('UNIDENTIFIED_PRODUCT', '', $, (#4045));
#4047 = PRODUCT_DEFINITION_FORMATION('', $, #4046);
#4048 = PRODUCT_DEFINITION('design', $, #4047, #3996);
#4049 = PRODUCT_DEFINITION_SHAPE('', '', #4048);
#4050 = ADVANCED_BREP_SHAPE_REPRESENTATION('', (#3991), #4);
#4051 = SHAPE_DEFINITION_REPRESENTATION(#4049, #4050);
#4052 = COLOUR_RGB('', 0.52941179, 0.57647061, 0.6156863);
#4053 = FILL_AREA_STYLE_COLOUR('', #4052);
#4054 = FILL_AREA_STYLE('', (#4053));
#4055 = SURFACE_STYLE_FILL_AREA(#4054);
#4056 = SURFACE_SIDE_STYLE('', (#4055));
#4057 = SURFACE_STYLE_USAGE(.BOTH., #4056);
#4058 = PRESENTATION_STYLE_ASSIGNMENT((#4057));
#4059 = STYLED_ITEM('', (#4058), #3991);
#4060 = MECHANICAL_DESIGN_GEOMETRIC_PRESENTATION_REPRESENTATION('', (#4059), #4);
#4061 = PRODUCT_CONTEXT('', #3995, 'mechanical');
#4062 = PRODUCT('UNIDENTIFIED_PRODUCT', '', $, (#4061));
#4063 = PRODUCT_DEFINITION_FORMATION('', $, #4062);
#4064 = PRODUCT_DEFINITION('design', $, #4063, #3996);
#4065 = PRODUCT_DEFINITION_SHAPE('', '', #4064);
#4066 = ADVANCED_BREP_SHAPE_REPRESENTATION('', (#3990), #4);
#4067 = SHAPE_DEFINITION_REPRESENTATION(#4065, #4066);
#4068 = COLOUR_RGB('', 0.78431374, 0.62352943, 0.40784314);
#4069 = FILL_AREA_STYLE_COLOUR('', #4068);
#4070 = FILL_AREA_STYLE('', (#4069));
#4071 = SURFACE_STYLE_FILL_AREA(#4070);
#4072 = SURFACE_SIDE_STYLE('', (#4071));
#4073 = SURFACE_STYLE_USAGE(.BOTH., #4072);
#4074 = PRESENTATION_STYLE_ASSIGNMENT((#4073));
#4075 = STYLED_ITEM('', (#4074), #3990);
#4076 = MECHANICAL_DESIGN_GEOMETRIC_PRESENTATION_REPRESENTATION('', (#4075), #4);
#4077 = PRODUCT_CONTEXT('', #3995, 'mechanical');
#4078 = PRODUCT('UNIDENTIFIED_PRODUCT', '', $, (#4077));
#4079 = PRODUCT_DEFINITION_FORMATION('', $, #4078);
#4080 = PRODUCT_DEFINITION('design', $, #4079, #3996);
#4081 = PRODUCT_DEFINITION_SHAPE('', '', #4080);
#4082 = ADVANCED_BREP_SHAPE_REPRESENTATION('', (#3989), #4);
#4083 = SHAPE_DEFINITION_REPRESENTATION(#4081, #4082);
#4084 = COLOUR_RGB('', 0.84705883, 0.76862746, 0.28235295);
#4085 = FILL_AREA_STYLE_COLOUR('', #4084);
#4086 = FILL_AREA_STYLE('', (#4085));
#4087 = SURFACE_STYLE_FILL_AREA(#4086);
#4088 = SURFACE_SIDE_STYLE('', (#4087));
#4089 = SURFACE_STYLE_USAGE(.BOTH., #4088);
#4090 = PRESENTATION_STYLE_ASSIGNMENT((#4089));
#4091 = STYLED_ITEM('', (#4090), #3989);
#4092 = MECHANICAL_DESIGN_GEOMETRIC_PRESENTATION_REPRESENTATION('', (#4091), #4);
#4093 = PRODUCT_CONTEXT('', #3995, 'mechanical');
#4094 = PRODUCT('UNIDENTIFIED_PRODUCT', '', $, (#4093));
#4095 = PRODUCT_DEFINITION_FORMATION('', $, #4094);
#4096 = PRODUCT_DEFINITION('design', $, #4095, #3996);
#4097 = PRODUCT_DEFINITION_SHAPE('', '', #4096);
#4098 = ADVANCED_BREP_SHAPE_REPRESENTATION('', (#3988), #4);
#4099 = SHAPE_DEFINITION_REPRESENTATION(#4097, #4098);
#4100 = COLOUR_RGB('', 0.3019608, 0.57647061, 0.78431374);
#4101 = FILL_AREA_STYLE_COLOUR('', #4100);
#4102 = FILL_AREA_STYLE('', (#4101));
#4103 = SURFACE_STYLE_FILL_AREA(#4102);
#4104 = SURFACE_SIDE_STYLE('', (#4103));
#4105 = SURFACE_STYLE_USAGE(.BOTH., #4104);
#4106 = PRESENTATION_STYLE_ASSIGNMENT((#4105));
#4107 = STYLED_ITEM('', (#4106), #3988);
#4108 = MECHANICAL_DESIGN_GEOMETRIC_PRESENTATION_REPRESENTATION('', (#4107), #4);
#4109 = PRODUCT_CONTEXT('', #3995, 'mechanical');
#4110 = PRODUCT('UNIDENTIFIED_PRODUCT', '', $, (#4109));
#4111 = PRODUCT_DEFINITION_FORMATION('', $, #4110);
#4112 = PRODUCT_DEFINITION('design', $, #4111, #3996);
#4113 = PRODUCT_DEFINITION_SHAPE('', '', #4112);
#4114 = ADVANCED_BREP_SHAPE_REPRESENTATION('', (#3987), #4);
#4115 = SHAPE_DEFINITION_REPRESENTATION(#4113, #4114);
#4116 = COLOUR_RGB('', 0.49019608, 0.34117648, 0.20392157);
#4117 = FILL_AREA_STYLE_COLOUR('', #4116);
#4118 = FILL_AREA_STYLE('', (#4117));
#4119 = SURFACE_STYLE_FILL_AREA(#4118);
#4120 = SURFACE_SIDE_STYLE('', (#4119));
#4121 = SURFACE_STYLE_USAGE(.BOTH., #4120);
#4122 = PRESENTATION_STYLE_ASSIGNMENT((#4121));
#4123 = STYLED_ITEM('', (#4122), #3987);
#4124 = MECHANICAL_DESIGN_GEOMETRIC_PRESENTATION_REPRESENTATION('', (#4123), #4);
#4125 = PRODUCT_CONTEXT('', #3995, 'mechanical');
#4126 = PRODUCT('UNIDENTIFIED_PRODUCT', '', $, (#4125));
#4127 = PRODUCT_DEFINITION_FORMATION('', $, #4126);
#4128 = PRODUCT_DEFINITION('design', $, #4127, #3996);
#4129 = PRODUCT_DEFINITION_SHAPE('', '', #4128);
#4130 = ADVANCED_BREP_SHAPE_REPRESENTATION('', (#3986), #4);
#4131 = SHAPE_DEFINITION_REPRESENTATION(#4129, #4130);
#4132 = COLOUR_RGB('', 0.8392157, 0.7019608, 0.47843137);
#4133 = FILL_AREA_STYLE_COLOUR('', #4132);
#4134 = FILL_AREA_STYLE('', (#4133));
#4135 = SURFACE_STYLE_FILL_AREA(#4134);
#4136 = SURFACE_SIDE_STYLE('', (#4135));
#4137 = SURFACE_STYLE_USAGE(.BOTH., #4136);
#4138 = PRESENTATION_STYLE_ASSIGNMENT((#4137));
#4139 = STYLED_ITEM('', (#4138), #3986);
#4140 = MECHANICAL_DESIGN_GEOMETRIC_PRESENTATION_REPRESENTATION('', (#4139), #4);
#4141 = PRODUCT_CONTEXT('', #3995, 'mechanical');
#4142 = PRODUCT('UNIDENTIFIED_PRODUCT', '', $, (#4141));
#4143 = PRODUCT_DEFINITION_FORMATION('', $, #4142);
#4144 = PRODUCT_DEFINITION('design', $, #4143, #3996);
#4145 = PRODUCT_DEFINITION_SHAPE('', '', #4144);
#4146 = ADVANCED_BREP_SHAPE_REPRESENTATION('', (#3985), #4);
#4147 = SHAPE_DEFINITION_REPRESENTATION(#4145, #4146);
#4148 = COLOUR_RGB('', 0.30980393, 0.41176471, 0.49019608);
#4149 = FILL_AREA_STYLE_COLOUR('', #4148);
#4150 = FILL_AREA_STYLE('', (#4149));
#4151 = SURFACE_STYLE_FILL_AREA(#4150);
#4152 = SURFACE_SIDE_STYLE('', (#4151));
#4153 = SURFACE_STYLE_USAGE(.BOTH., #4152);
#4154 = PRESENTATION_STYLE_ASSIGNMENT((#4153));
#4155 = STYLED_ITEM('', (#4154), #3985);
#4156 = MECHANICAL_DESIGN_GEOMETRIC_PRESENTATION_REPRESENTATION('', (#4155), #4);
#4157 = PRODUCT_CONTEXT('', #3995, 'mechanical');
#4158 = PRODUCT('UNIDENTIFIED_PRODUCT', '', $, (#4157));
#4159 = PRODUCT_DEFINITION_FORMATION('', $, #4158);
#4160 = PRODUCT_DEFINITION('design', $, #4159, #3996);
#4161 = PRODUCT_DEFINITION_SHAPE('', '', #4160);
#4162 = ADVANCED_BREP_SHAPE_REPRESENTATION('', (#3984), #4);
#4163 = SHAPE_DEFINITION_REPRESENTATION(#4161, #4162);
#4164 = COLOUR_RGB('', 0.73725492, 0.5529412, 0.33333334);
#4165 = FILL_AREA_STYLE_COLOUR('', #4164);
#4166 = FILL_AREA_STYLE('', (#4165));
#4167 = SURFACE_STYLE_FILL_AREA(#4166);
#4168 = SURFACE_SIDE_STYLE('', (#4167));
#4169 = SURFACE_STYLE_USAGE(.BOTH., #4168);
#4170 = PRESENTATION_STYLE_ASSIGNMENT((#4169));
#4171 = STYLED_ITEM('', (#4170), #3984);
#4172 = MECHANICAL_DESIGN_GEOMETRIC_PRESENTATION_REPRESENTATION('', (#4171), #4);
#4173 = PRODUCT_CONTEXT('', #3995, 'mechanical');
#4174 = PRODUCT('UNIDENTIFIED_PRODUCT', '', $, (#4173));
#4175 = PRODUCT_DEFINITION_FORMATION('', $, #4174);
#4176 = PRODUCT_DEFINITION('design', $, #4175, #3996);
#4177 = PRODUCT_DEFINITION_SHAPE('', '', #4176);
#4178 = ADVANCED_BREP_SHAPE_REPRESENTATION('', (#3983), #4);
#4179 = SHAPE_DEFINITION_REPRESENTATION(#4177, #4178);
#4180 = COLOUR_RGB('', 0.72549021, 0.53725493, 0.33333334);
#4181 = FILL_AREA_STYLE_COLOUR('', #4180);
#4182 = FILL_AREA_STYLE('', (#4181));
#4183 = SURFACE_STYLE_FILL_AREA(#4182);
#4184 = SURFACE_SIDE_STYLE('', (#4183));
#4185 = SURFACE_STYLE_USAGE(.BOTH., #4184);
#4186 = PRESENTATION_STYLE_ASSIGNMENT((#4185));
#4187 = STYLED_ITEM('', (#4186), #3983);
#4188 = MECHANICAL_DESIGN_GEOMETRIC_PRESENTATION_REPRESENTATION('', (#4187), #4);
#4189 = PRODUCT_CONTEXT('', #3995, 'mechanical');
#4190 = PRODUCT('UNIDENTIFIED_PRODUCT', '', $, (#4189));
#4191 = PRODUCT_DEFINITION_FORMATION('', $, #4190);
#4192 = PRODUCT_DEFINITION('design', $, #4191, #3996);
#4193 = PRODUCT_DEFINITION_SHAPE('', '', #4192);
#4194 = ADVANCED_BREP_SHAPE_REPRESENTATION('', (#3982), #4);
#4195 = SHAPE_DEFINITION_REPRESENTATION(#4193, #4194);
#4196 = COLOUR_RGB('', 0.89411765, 0.60392159, 0.22745098);
#4197 = FILL_AREA_STYLE_COLOUR('', #4196);
#4198 = FILL_AREA_STYLE('', (#4197));
#4199 = SURFACE_STYLE_FILL_AREA(#4198);
#4200 = SURFACE_SIDE_STYLE('', (#4199));
#4201 = SURFACE_STYLE_USAGE(.BOTH., #4200);
#4202 = PRESENTATION_STYLE_ASSIGNMENT((#4201));
#4203 = STYLED_ITEM('', (#4202), #3982);
#4204 = MECHANICAL_DESIGN_GEOMETRIC_PRESENTATION_REPRESENTATION('', (#4203), #4);
#4205 = PRODUCT_CONTEXT('', #3995, 'mechanical');
#4206 = PRODUCT('UNIDENTIFIED_PRODUCT', '', $, (#4205));
#4207 = PRODUCT_DEFINITION_FORMATION('', $, #4206);
#4208 = PRODUCT_DEFINITION('design', $, #4207, #3996);
#4209 = PRODUCT_DEFINITION_SHAPE('', '', #4208);
#4210 = ADVANCED_BREP_SHAPE_REPRESENTATION('', (#3981), #4);
#4211 = SHAPE_DEFINITION_REPRESENTATION(#4209, #4210);
#4212 = COLOUR_RGB('', 0.8509804, 0.29411766, 0.26274511);
#4213 = FILL_AREA_STYLE_COLOUR('', #4212);
#4214 = FILL_AREA_STYLE('', (#4213));
#4215 = SURFACE_STYLE_FILL_AREA(#4214);
#4216 = SURFACE_SIDE_STYLE('', (#4215));
#4217 = SURFACE_STYLE_USAGE(.BOTH., #4216);
#4218 = PRESENTATION_STYLE_ASSIGNMENT((#4217));
#4219 = STYLED_ITEM('', (#4218), #3981);
#4220 = MECHANICAL_DESIGN_GEOMETRIC_PRESENTATION_REPRESENTATION('', (#4219), #4);
#4221 = PRODUCT_CONTEXT('', #3995, 'mechanical');
#4222 = PRODUCT('UNIDENTIFIED_PRODUCT', '', $, (#4221));
#4223 = PRODUCT_DEFINITION_FORMATION('', $, #4222);
#4224 = PRODUCT_DEFINITION('design', $, #4223, #3996);
#4225 = PRODUCT_DEFINITION_SHAPE('', '', #4224);
#4226 = ADVANCED_BREP_SHAPE_REPRESENTATION('', (#3980), #4);
#4227 = SHAPE_DEFINITION_REPRESENTATION(#4225, #4226);
#4228 = COLOUR_RGB('', 0.78431374, 0.62352943, 0.40784314);
#4229 = FILL_AREA_STYLE_COLOUR('', #4228);
#4230 = FILL_AREA_STYLE('', (#4229));
#4231 = SURFACE_STYLE_FILL_AREA(#4230);
#4232 = SURFACE_SIDE_STYLE('', (#4231));
#4233 = SURFACE_STYLE_USAGE(.BOTH., #4232);
#4234 = PRESENTATION_STYLE_ASSIGNMENT((#4233));
#4235 = STYLED_ITEM('', (#4234), #3980);
#4236 = MECHANICAL_DESIGN_GEOMETRIC_PRESENTATION_REPRESENTATION('', (#4235), #4);
#4237 = PRODUCT_CONTEXT('', #3995, 'mechanical');
#4238 = PRODUCT('UNIDENTIFIED_PRODUCT', '', $, (#4237));
#4239 = PRODUCT_DEFINITION_FORMATION('', $, #4238);
#4240 = PRODUCT_DEFINITION('design', $, #4239, #3996);
#4241 = PRODUCT_DEFINITION_SHAPE('', '', #4240);
#4242 = ADVANCED_BREP_SHAPE_REPRESENTATION('', (#3979), #4);
#4243 = SHAPE_DEFINITION_REPRESENTATION(#4241, #4242);
#4244 = COLOUR_RGB('', 0.66274512, 0.43529412, 0.21960784);
#4245 = FILL_AREA_STYLE_COLOUR('', #4244);
#4246 = FILL_AREA_STYLE('', (#4245));
#4247 = SURFACE_STYLE_FILL_AREA(#4246);
#4248 = SURFACE_SIDE_STYLE('', (#4247));
#4249 = SURFACE_STYLE_USAGE(.BOTH., #4248);
#4250 = PRESENTATION_STYLE_ASSIGNMENT((#4249));
#4251 = STYLED_ITEM('', (#4250), #3979);
#4252 = MECHANICAL_DESIGN_GEOMETRIC_PRESENTATION_REPRESENTATION('', (#4251), #4);
#4253 = PRODUCT_CONTEXT('', #3995, 'mechanical');
#4254 = PRODUCT('UNIDENTIFIED_PRODUCT', '', $, (#4253));
#4255 = PRODUCT_DEFINITION_FORMATION('', $, #4254);
#4256 = PRODUCT_DEFINITION('design', $, #4255, #3996);
#4257 = PRODUCT_DEFINITION_SHAPE('', '', #4256);
#4258 = ADVANCED_BREP_SHAPE_REPRESENTATION('', (#3978), #4);
#4259 = SHAPE_DEFINITION_REPRESENTATION(#4257, #4258);
#4260 = COLOUR_RGB('', 0.52941179, 0.57647061, 0.6156863);
#4261 = FILL_AREA_STYLE_COLOUR('', #4260);
#4262 = FILL_AREA_STYLE('', (#4261));
#4263 = SURFACE_STYLE_FILL_AREA(#4262);
#4264 = SURFACE_SIDE_STYLE('', (#4263));
#4265 = SURFACE_STYLE_USAGE(.BOTH., #4264);
#4266 = PRESENTATION_STYLE_ASSIGNMENT((#4265));
#4267 = STYLED_ITEM('', (#4266), #3978);
#4268 = MECHANICAL_DESIGN_GEOMETRIC_PRESENTATION_REPRESENTATION('', (#4267), #4);
#4269 = PRODUCT_CONTEXT('', #3995, 'mechanical');
#4270 = PRODUCT('UNIDENTIFIED_PRODUCT', '', $, (#4269));
#4271 = PRODUCT_DEFINITION_FORMATION('', $, #4270);
#4272 = PRODUCT_DEFINITION('design', $, #4271, #3996);
#4273 = PRODUCT_DEFINITION_SHAPE('', '', #4272);
#4274 = ADVANCED_BREP_SHAPE_REPRESENTATION('', (#3977), #4);
#4275 = SHAPE_DEFINITION_REPRESENTATION(#4273, #4274);
#4276 = COLOUR_RGB('', 0.78431374, 0.62352943, 0.40784314);
#4277 = FILL_AREA_STYLE_COLOUR('', #4276);
#4278 = FILL_AREA_STYLE('', (#4277));
#4279 = SURFACE_STYLE_FILL_AREA(#4278);
#4280 = SURFACE_SIDE_STYLE('', (#4279));
#4281 = SURFACE_STYLE_USAGE(.BOTH., #4280);
#4282 = PRESENTATION_STYLE_ASSIGNMENT((#4281));
#4283 = STYLED_ITEM('', (#4282), #3977);
#4284 = MECHANICAL_DESIGN_GEOMETRIC_PRESENTATION_REPRESENTATION('', (#4283), #4);
#4285 = PRODUCT_CONTEXT('', #3995, 'mechanical');
#4286 = PRODUCT('UNIDENTIFIED_PRODUCT', '', $, (#4285));
#4287 = PRODUCT_DEFINITION_FORMATION('', $, #4286);
#4288 = PRODUCT_DEFINITION('design', $, #4287, #3996);
#4289 = PRODUCT_DEFINITION_SHAPE('', '', #4288);
#4290 = ADVANCED_BREP_SHAPE_REPRESENTATION('', (#3976), #4);
#4291 = SHAPE_DEFINITION_REPRESENTATION(#4289, #4290);
#4292 = COLOUR_RGB('', 0.66274512, 0.43529412, 0.21960784);
#4293 = FILL_AREA_STYLE_COLOUR('', #4292);
#4294 = FILL_AREA_STYLE('', (#4293));
#4295 = SURFACE_STYLE_FILL_AREA(#4294);
#4296 = SURFACE_SIDE_STYLE('', (#4295));
#4297 = SURFACE_STYLE_USAGE(.BOTH., #4296);
#4298 = PRESENTATION_STYLE_ASSIGNMENT((#4297));
#4299 = STYLED_ITEM('', (#4298), #3976);
#4300 = MECHANICAL_DESIGN_GEOMETRIC_PRESENTATION_REPRESENTATION('', (#4299), #4);
#4301 = PRODUCT_CONTEXT('', #3995, 'mechanical');
#4302 = PRODUCT('UNIDENTIFIED_PRODUCT', '', $, (#4301));
#4303 = PRODUCT_DEFINITION_FORMATION('', $, #4302);
#4304 = PRODUCT_DEFINITION('design', $, #4303, #3996);
#4305 = PRODUCT_DEFINITION_SHAPE('', '', #4304);
#4306 = ADVANCED_BREP_SHAPE_REPRESENTATION('', (#3975), #4);
#4307 = SHAPE_DEFINITION_REPRESENTATION(#4305, #4306);
#4308 = COLOUR_RGB('', 0.52941179, 0.57647061, 0.6156863);
#4309 = FILL_AREA_STYLE_COLOUR('', #4308);
#4310 = FILL_AREA_STYLE('', (#4309));
#4311 = SURFACE_STYLE_FILL_AREA(#4310);
#4312 = SURFACE_SIDE_STYLE('', (#4311));
#4313 = SURFACE_STYLE_USAGE(.BOTH., #4312);
#4314 = PRESENTATION_STYLE_ASSIGNMENT((#4313));
#4315 = STYLED_ITEM('', (#4314), #3975);
#4316 = MECHANICAL_DESIGN_GEOMETRIC_PRESENTATION_REPRESENTATION('', (#4315), #4);
#4317 = PRODUCT_CONTEXT('', #3995, 'mechanical');
#4318 = PRODUCT('UNIDENTIFIED_PRODUCT', '', $, (#4317));
#4319 = PRODUCT_DEFINITION_FORMATION('', $, #4318);
#4320 = PRODUCT_DEFINITION('design', $, #4319, #3996);
#4321 = PRODUCT_DEFINITION_SHAPE('', '', #4320);
#4322 = ADVANCED_BREP_SHAPE_REPRESENTATION('', (#3974), #4);
#4323 = SHAPE_DEFINITION_REPRESENTATION(#4321, #4322);
#4324 = COLOUR_RGB('', 0.78431374, 0.62352943, 0.40784314);
#4325 = FILL_AREA_STYLE_COLOUR('', #4324);
#4326 = FILL_AREA_STYLE('', (#4325));
#4327 = SURFACE_STYLE_FILL_AREA(#4326);
#4328 = SURFACE_SIDE_STYLE('', (#4327));
#4329 = SURFACE_STYLE_USAGE(.BOTH., #4328);
#4330 = PRESENTATION_STYLE_ASSIGNMENT((#4329));
#4331 = STYLED_ITEM('', (#4330), #3974);
#4332 = MECHANICAL_DESIGN_GEOMETRIC_PRESENTATION_REPRESENTATION('', (#4331), #4);
#4333 = PRODUCT_CONTEXT('', #3995, 'mechanical');
#4334 = PRODUCT('UNIDENTIFIED_PRODUCT', '', $, (#4333));
#4335 = PRODUCT_DEFINITION_FORMATION('', $, #4334);
#4336 = PRODUCT_DEFINITION('design', $, #4335, #3996);
#4337 = PRODUCT_DEFINITION_SHAPE('', '', #4336);
#4338 = ADVANCED_BREP_SHAPE_REPRESENTATION('', (#3973), #4);
#4339 = SHAPE_DEFINITION_REPRESENTATION(#4337, #4338);
#4340 = COLOUR_RGB('', 0.66274512, 0.43529412, 0.21960784);
#4341 = FILL_AREA_STYLE_COLOUR('', #4340);
#4342 = FILL_AREA_STYLE('', (#4341));
#4343 = SURFACE_STYLE_FILL_AREA(#4342);
#4344 = SURFACE_SIDE_STYLE('', (#4343));
#4345 = SURFACE_STYLE_USAGE(.BOTH., #4344);
#4346 = PRESENTATION_STYLE_ASSIGNMENT((#4345));
#4347 = STYLED_ITEM('', (#4346), #3973);
#4348 = MECHANICAL_DESIGN_GEOMETRIC_PRESENTATION_REPRESENTATION('', (#4347), #4);
#4349 = PRODUCT_CONTEXT('', #3995, 'mechanical');
#4350 = PRODUCT('UNIDENTIFIED_PRODUCT', '', $, (#4349));
#4351 = PRODUCT_DEFINITION_FORMATION('', $, #4350);
#4352 = PRODUCT_DEFINITION('design', $, #4351, #3996);
#4353 = PRODUCT_DEFINITION_SHAPE('', '', #4352);
#4354 = ADVANCED_BREP_SHAPE_REPRESENTATION('', (#3972), #4);
#4355 = SHAPE_DEFINITION_REPRESENTATION(#4353, #4354);
#4356 = COLOUR_RGB('', 0.52941179, 0.57647061, 0.6156863);
#4357 = FILL_AREA_STYLE_COLOUR('', #4356);
#4358 = FILL_AREA_STYLE('', (#4357));
#4359 = SURFACE_STYLE_FILL_AREA(#4358);
#4360 = SURFACE_SIDE_STYLE('', (#4359));
#4361 = SURFACE_STYLE_USAGE(.BOTH., #4360);
#4362 = PRESENTATION_STYLE_ASSIGNMENT((#4361));
#4363 = STYLED_ITEM('', (#4362), #3972);
#4364 = MECHANICAL_DESIGN_GEOMETRIC_PRESENTATION_REPRESENTATION('', (#4363), #4);
#4365 = PRODUCT_CONTEXT('', #3995, 'mechanical');
#4366 = PRODUCT('UNIDENTIFIED_PRODUCT', '', $, (#4365));
#4367 = PRODUCT_DEFINITION_FORMATION('', $, #4366);
#4368 = PRODUCT_DEFINITION('design', $, #4367, #3996);
#4369 = PRODUCT_DEFINITION_SHAPE('', '', #4368);
#4370 = ADVANCED_BREP_SHAPE_REPRESENTATION('', (#3971), #4);
#4371 = SHAPE_DEFINITION_REPRESENTATION(#4369, #4370);
#4372 = COLOUR_RGB('', 0.78431374, 0.62352943, 0.40784314);
#4373 = FILL_AREA_STYLE_COLOUR('', #4372);
#4374 = FILL_AREA_STYLE('', (#4373));
#4375 = SURFACE_STYLE_FILL_AREA(#4374);
#4376 = SURFACE_SIDE_STYLE('', (#4375));
#4377 = SURFACE_STYLE_USAGE(.BOTH., #4376);
#4378 = PRESENTATION_STYLE_ASSIGNMENT((#4377));
#4379 = STYLED_ITEM('', (#4378), #3971);
#4380 = MECHANICAL_DESIGN_GEOMETRIC_PRESENTATION_REPRESENTATION('', (#4379), #4);
#4381 = PRODUCT_CONTEXT('', #3995, 'mechanical');
#4382 = PRODUCT('UNIDENTIFIED_PRODUCT', '', $, (#4381));
#4383 = PRODUCT_DEFINITION_FORMATION('', $, #4382);
#4384 = PRODUCT_DEFINITION('design', $, #4383, #3996);
#4385 = PRODUCT_DEFINITION_SHAPE('', '', #4384);
#4386 = ADVANCED_BREP_SHAPE_REPRESENTATION('', (#3970), #4);
#4387 = SHAPE_DEFINITION_REPRESENTATION(#4385, #4386);
#4388 = COLOUR_RGB('', 0.52941179, 0.57647061, 0.6156863);
#4389 = FILL_AREA_STYLE_COLOUR('', #4388);
#4390 = FILL_AREA_STYLE('', (#4389));
#4391 = SURFACE_STYLE_FILL_AREA(#4390);
#4392 = SURFACE_SIDE_STYLE('', (#4391));
#4393 = SURFACE_STYLE_USAGE(.BOTH., #4392);
#4394 = PRESENTATION_STYLE_ASSIGNMENT((#4393));
#4395 = STYLED_ITEM('', (#4394), #3970);
#4396 = MECHANICAL_DESIGN_GEOMETRIC_PRESENTATION_REPRESENTATION('', (#4395), #4);
#4397 = PRODUCT_CONTEXT('', #3995, 'mechanical');
#4398 = PRODUCT('UNIDENTIFIED_PRODUCT', '', $, (#4397));
#4399 = PRODUCT_DEFINITION_FORMATION('', $, #4398);
#4400 = PRODUCT_DEFINITION('design', $, #4399, #3996);
#4401 = PRODUCT_DEFINITION_SHAPE('', '', #4400);
#4402 = ADVANCED_BREP_SHAPE_REPRESENTATION('', (#3969), #4);
#4403 = SHAPE_DEFINITION_REPRESENTATION(#4401, #4402);
#4404 = COLOUR_RGB('', 0.78431374, 0.62352943, 0.40784314);
#4405 = FILL_AREA_STYLE_COLOUR('', #4404);
#4406 = FILL_AREA_STYLE('', (#4405));
#4407 = SURFACE_STYLE_FILL_AREA(#4406);
#4408 = SURFACE_SIDE_STYLE('', (#4407));
#4409 = SURFACE_STYLE_USAGE(.BOTH., #4408);
#4410 = PRESENTATION_STYLE_ASSIGNMENT((#4409));
#4411 = STYLED_ITEM('', (#4410), #3969);
#4412 = MECHANICAL_DESIGN_GEOMETRIC_PRESENTATION_REPRESENTATION('', (#4411), #4);
#4413 = PRODUCT_CONTEXT('', #3995, 'mechanical');
#4414 = PRODUCT('UNIDENTIFIED_PRODUCT', '', $, (#4413));
#4415 = PRODUCT_DEFINITION_FORMATION('', $, #4414);
#4416 = PRODUCT_DEFINITION('design', $, #4415, #3996);
#4417 = PRODUCT_DEFINITION_SHAPE('', '', #4416);
#4418 = ADVANCED_BREP_SHAPE_REPRESENTATION('', (#3968), #4);
#4419 = SHAPE_DEFINITION_REPRESENTATION(#4417, #4418);
#4420 = COLOUR_RGB('', 0.49019608, 0.34117648, 0.20392157);
#4421 = FILL_AREA_STYLE_COLOUR('', #4420);
#4422 = FILL_AREA_STYLE('', (#4421));
#4423 = SURFACE_STYLE_FILL_AREA(#4422);
#4424 = SURFACE_SIDE_STYLE('', (#4423));
#4425 = SURFACE_STYLE_USAGE(.BOTH., #4424);
#4426 = PRESENTATION_STYLE_ASSIGNMENT((#4425));
#4427 = STYLED_ITEM('', (#4426), #3968);
#4428 = MECHANICAL_DESIGN_GEOMETRIC_PRESENTATION_REPRESENTATION('', (#4427), #4);
#4429 = PRODUCT_CONTEXT('', #3995, 'mechanical');
#4430 = PRODUCT('UNIDENTIFIED_PRODUCT', '', $, (#4429));
#4431 = PRODUCT_DEFINITION_FORMATION('', $, #4430);
#4432 = PRODUCT_DEFINITION('design', $, #4431, #3996);
#4433 = PRODUCT_DEFINITION_SHAPE('', '', #4432);
#4434 = ADVANCED_BREP_SHAPE_REPRESENTATION('', (#3967), #4);
#4435 = SHAPE_DEFINITION_REPRESENTATION(#4433, #4434);
#4436 = COLOUR_RGB('', 0.49019608, 0.34117648, 0.20392157);
#4437 = FILL_AREA_STYLE_COLOUR('', #4436);
#4438 = FILL_AREA_STYLE('', (#4437));
#4439 = SURFACE_STYLE_FILL_AREA(#4438);
#4440 = SURFACE_SIDE_STYLE('', (#4439));
#4441 = SURFACE_STYLE_USAGE(.BOTH., #4440);
#4442 = PRESENTATION_STYLE_ASSIGNMENT((#4441));
#4443 = STYLED_ITEM('', (#4442), #3967);
#4444 = MECHANICAL_DESIGN_GEOMETRIC_PRESENTATION_REPRESENTATION('', (#4443), #4);
#4445 = PRODUCT_CONTEXT('', #3995, 'mechanical');
#4446 = PRODUCT('UNIDENTIFIED_PRODUCT', '', $, (#4445));
#4447 = PRODUCT_DEFINITION_FORMATION('', $, #4446);
#4448 = PRODUCT_DEFINITION('design', $, #4447, #3996);
#4449 = PRODUCT_DEFINITION_SHAPE('', '', #4448);
#4450 = ADVANCED_BREP_SHAPE_REPRESENTATION('', (#3966), #4);
#4451 = SHAPE_DEFINITION_REPRESENTATION(#4449, #4450);
#4452 = COLOUR_RGB('', 0.49019608, 0.34117648, 0.20392157);
#4453 = FILL_AREA_STYLE_COLOUR('', #4452);
#4454 = FILL_AREA_STYLE('', (#4453));
#4455 = SURFACE_STYLE_FILL_AREA(#4454);
#4456 = SURFACE_SIDE_STYLE('', (#4455));
#4457 = SURFACE_STYLE_USAGE(.BOTH., #4456);
#4458 = PRESENTATION_STYLE_ASSIGNMENT((#4457));
#4459 = STYLED_ITEM('', (#4458), #3966);
#4460 = MECHANICAL_DESIGN_GEOMETRIC_PRESENTATION_REPRESENTATION('', (#4459), #4);
ENDSEC;
END-ISO-10303-21;
